ipa,syl,son,cons,cont,delrel,lat,nas,strid,voi,sg,cg,ant,cor,distr,lab,hi,lo,back,round,velaric,tense,long,hitone,hireg
˩,0,0,0,0,0,0,0,0,0,0,0,0,0,0,0,0,0,0,0,0,0,0,-,-
˨,0,0,0,0,0,0,0,0,0,0,0,0,0,0,0,0,0,0,0,0,0,0,+,-
˧,0,0,0,0,0,0,0,0,0,0,0,0,0,0,0,0,0,0,0,0,0,0,0,0
˦,0,0,0,0,0,0,0,0,0,0,0,0,0,0,0,0,0,0,0,0,0,0,-,+
˥,0,0,0,0,0,0,0,0,0,0,0,0,0,0,0,0,0,0,0,0,0,0,+,+
ᵊq,-,-,+,-,-,-,-,-,-,-,-,-,-,0,-,-,-,+,-,-,0,-,0,0
q̚,-,-,+,-,-,-,-,-,-,-,-,-,-,0,-,-,-,+,-,-,0,-,0,0
q̠,-,-,+,-,-,-,-,-,-,-,-,-,-,0,-,-,-,+,-,-,0,-,0,0
q̥̚,-,-,+,-,-,-,-,-,-,-,-,-,-,0,-,-,-,+,-,-,0,-,0,0
ɢ̥̚,-,-,+,-,-,-,-,-,-,-,-,-,-,0,-,-,-,+,-,-,0,-,0,0
q̠̊,-,-,+,-,-,-,-,-,-,-,-,-,-,0,-,-,-,+,-,-,0,-,0,0
ɢ̠̊,-,-,+,-,-,-,-,-,-,-,-,-,-,0,-,-,-,+,-,-,0,-,0,0
q̥,-,-,+,-,-,-,-,-,-,-,-,-,-,0,-,-,-,+,-,-,0,-,0,0
ɢ̥,-,-,+,-,-,-,-,-,-,-,-,-,-,0,-,-,-,+,-,-,0,-,0,0
q,-,-,+,-,-,-,-,-,-,-,-,-,-,0,-,-,-,+,-,-,0,-,0,0
q̊,-,-,+,-,-,-,-,-,-,-,-,-,-,0,-,-,-,+,-,-,0,-,0,0
ɢ̊,-,-,+,-,-,-,-,-,-,-,-,-,-,0,-,-,-,+,-,-,0,-,0,0
q̟,-,-,+,-,-,-,-,-,-,-,-,-,-,0,-,-,-,+,-,-,0,-,0,0
ᵊɢ,-,-,+,-,-,-,-,-,+,-,-,-,-,0,-,-,-,+,-,-,0,-,0,0
ɢ̚,-,-,+,-,-,-,-,-,+,-,-,-,-,0,-,-,-,+,-,-,0,-,0,0
ɢ̠,-,-,+,-,-,-,-,-,+,-,-,-,-,0,-,-,-,+,-,-,0,-,0,0
ɢ,-,-,+,-,-,-,-,-,+,-,-,-,-,0,-,-,-,+,-,-,0,-,0,0
q̬,-,-,+,-,-,-,-,-,+,-,-,-,-,0,-,-,-,+,-,-,0,-,0,0
ɢ̟,-,-,+,-,-,-,-,-,+,-,-,-,-,0,-,-,-,+,-,-,0,-,0,0
q̥ː,-,-,+,-,-,-,-,-,-,-,-,-,-,0,-,-,-,+,-,-,0,+,0,0
ɢ̥ː,-,-,+,-,-,-,-,-,-,-,-,-,-,0,-,-,-,+,-,-,0,+,0,0
qː,-,-,+,-,-,-,-,-,-,-,-,-,-,0,-,-,-,+,-,-,0,+,0,0
q̟ː,-,-,+,-,-,-,-,-,-,-,-,-,-,0,-,-,-,+,-,-,0,+,0,0
qˑ,-,-,+,-,-,-,-,-,-,-,-,-,-,0,-,-,-,+,-,-,0,+,0,0
ɢː,-,-,+,-,-,-,-,-,+,-,-,-,-,0,-,-,-,+,-,-,0,+,0,0
ɢ̟ː,-,-,+,-,-,-,-,-,+,-,-,-,-,0,-,-,-,+,-,-,0,+,0,0
ɢˑ,-,-,+,-,-,-,-,-,+,-,-,-,-,0,-,-,-,+,-,-,0,+,0,0
ᵊʈ,-,-,+,-,-,-,-,-,-,-,-,-,+,-,-,-,-,-,-,-,0,-,0,0
ʈ̚,-,-,+,-,-,-,-,-,-,-,-,-,+,-,-,-,-,-,-,-,0,-,0,0
ʈ̠,-,-,+,-,-,-,-,-,-,-,-,-,+,-,-,-,-,-,-,-,0,-,0,0
ɖ̥̚,-,-,+,-,-,-,-,-,-,-,-,-,+,-,-,-,-,-,-,-,0,-,0,0
ʈ̥̚,-,-,+,-,-,-,-,-,-,-,-,-,+,-,-,-,-,-,-,-,0,-,0,0
ɖ̠̊,-,-,+,-,-,-,-,-,-,-,-,-,+,-,-,-,-,-,-,-,0,-,0,0
ʈ̠̊,-,-,+,-,-,-,-,-,-,-,-,-,+,-,-,-,-,-,-,-,0,-,0,0
ʈ,-,-,+,-,-,-,-,-,-,-,-,-,+,-,-,-,-,-,-,-,0,-,0,0
ɖ̥,-,-,+,-,-,-,-,-,-,-,-,-,+,-,-,-,-,-,-,-,0,-,0,0
ʈ̥,-,-,+,-,-,-,-,-,-,-,-,-,+,-,-,-,-,-,-,-,0,-,0,0
ʈ̺,-,-,+,-,-,-,-,-,-,-,-,-,+,-,-,-,-,-,-,-,0,-,0,0
ɖ̊,-,-,+,-,-,-,-,-,-,-,-,-,+,-,-,-,-,-,-,-,0,-,0,0
ʈ̊,-,-,+,-,-,-,-,-,-,-,-,-,+,-,-,-,-,-,-,-,0,-,0,0
ʈ̟,-,-,+,-,-,-,-,-,-,-,-,-,+,-,-,-,-,-,-,-,0,-,0,0
ᵊɖ,-,-,+,-,-,-,-,-,+,-,-,-,+,-,-,-,-,-,-,-,0,-,0,0
ɖ̚,-,-,+,-,-,-,-,-,+,-,-,-,+,-,-,-,-,-,-,-,0,-,0,0
ɖ̠,-,-,+,-,-,-,-,-,+,-,-,-,+,-,-,-,-,-,-,-,0,-,0,0
ɖ,-,-,+,-,-,-,-,-,+,-,-,-,+,-,-,-,-,-,-,-,0,-,0,0
ɖ̺,-,-,+,-,-,-,-,-,+,-,-,-,+,-,-,-,-,-,-,-,0,-,0,0
ʈ̬,-,-,+,-,-,-,-,-,+,-,-,-,+,-,-,-,-,-,-,-,0,-,0,0
ɖ̟,-,-,+,-,-,-,-,-,+,-,-,-,+,-,-,-,-,-,-,-,0,-,0,0
ɖ̥ː,-,-,+,-,-,-,-,-,-,-,-,-,+,-,-,-,-,-,-,-,0,+,0,0
ʈ̥ː,-,-,+,-,-,-,-,-,-,-,-,-,+,-,-,-,-,-,-,-,0,+,0,0
ʈː,-,-,+,-,-,-,-,-,-,-,-,-,+,-,-,-,-,-,-,-,0,+,0,0
ʈ̟ː,-,-,+,-,-,-,-,-,-,-,-,-,+,-,-,-,-,-,-,-,0,+,0,0
ʈˑ,-,-,+,-,-,-,-,-,-,-,-,-,+,-,-,-,-,-,-,-,0,+,0,0
ɖː,-,-,+,-,-,-,-,-,+,-,-,-,+,-,-,-,-,-,-,-,0,+,0,0
ɖ̟ː,-,-,+,-,-,-,-,-,+,-,-,-,+,-,-,-,-,-,-,-,0,+,0,0
ɖˑ,-,-,+,-,-,-,-,-,+,-,-,-,+,-,-,-,-,-,-,-,0,+,0,0
ʈ̻,-,-,+,-,-,-,-,-,-,-,-,-,+,+,-,-,-,-,-,-,0,-,0,0
ɖ̻,-,-,+,-,-,-,-,-,+,-,-,-,+,+,-,-,-,-,-,-,0,-,0,0
ᵊt,-,-,+,-,-,-,-,-,-,-,-,+,+,-,-,-,-,-,-,-,0,-,0,0
t̚,-,-,+,-,-,-,-,-,-,-,-,+,+,-,-,-,-,-,-,-,0,-,0,0
t̠,-,-,+,-,-,-,-,-,-,-,-,+,+,-,-,-,-,-,-,-,0,-,0,0
t,-,-,+,-,-,-,-,-,-,-,-,+,+,-,-,-,-,-,-,-,0,-,0,0
d̥̚,-,-,+,-,-,-,-,-,-,-,-,+,+,-,-,-,-,-,-,-,0,-,0,0
t̥̚,-,-,+,-,-,-,-,-,-,-,-,+,+,-,-,-,-,-,-,-,0,-,0,0
d̠̊,-,-,+,-,-,-,-,-,-,-,-,+,+,-,-,-,-,-,-,-,0,-,0,0
t̠̊,-,-,+,-,-,-,-,-,-,-,-,+,+,-,-,-,-,-,-,-,0,-,0,0
d̥,-,-,+,-,-,-,-,-,-,-,-,+,+,-,-,-,-,-,-,-,0,-,0,0
t̥,-,-,+,-,-,-,-,-,-,-,-,+,+,-,-,-,-,-,-,-,0,-,0,0
t̺,-,-,+,-,-,-,-,-,-,-,-,+,+,-,-,-,-,-,-,-,0,-,0,0
d̊,-,-,+,-,-,-,-,-,-,-,-,+,+,-,-,-,-,-,-,-,0,-,0,0
t̊,-,-,+,-,-,-,-,-,-,-,-,+,+,-,-,-,-,-,-,-,0,-,0,0
t̟,-,-,+,-,-,-,-,-,-,-,-,+,+,-,-,-,-,-,-,-,0,-,0,0
ᵊd,-,-,+,-,-,-,-,-,+,-,-,+,+,-,-,-,-,-,-,-,0,-,0,0
d̚,-,-,+,-,-,-,-,-,+,-,-,+,+,-,-,-,-,-,-,-,0,-,0,0
d̠,-,-,+,-,-,-,-,-,+,-,-,+,+,-,-,-,-,-,-,-,0,-,0,0
d,-,-,+,-,-,-,-,-,+,-,-,+,+,-,-,-,-,-,-,-,0,-,0,0
d̺,-,-,+,-,-,-,-,-,+,-,-,+,+,-,-,-,-,-,-,-,0,-,0,0
t̬,-,-,+,-,-,-,-,-,+,-,-,+,+,-,-,-,-,-,-,-,0,-,0,0
d̟,-,-,+,-,-,-,-,-,+,-,-,+,+,-,-,-,-,-,-,-,0,-,0,0
d̥ː,-,-,+,-,-,-,-,-,-,-,-,+,+,-,-,-,-,-,-,-,0,+,0,0
t̥ː,-,-,+,-,-,-,-,-,-,-,-,+,+,-,-,-,-,-,-,-,0,+,0,0
tː,-,-,+,-,-,-,-,-,-,-,-,+,+,-,-,-,-,-,-,-,0,+,0,0
t̟ː,-,-,+,-,-,-,-,-,-,-,-,+,+,-,-,-,-,-,-,-,0,+,0,0
tˑ,-,-,+,-,-,-,-,-,-,-,-,+,+,-,-,-,-,-,-,-,0,+,0,0
dː,-,-,+,-,-,-,-,-,+,-,-,+,+,-,-,-,-,-,-,-,0,+,0,0
d̟ː,-,-,+,-,-,-,-,-,+,-,-,+,+,-,-,-,-,-,-,-,0,+,0,0
dˑ,-,-,+,-,-,-,-,-,+,-,-,+,+,-,-,-,-,-,-,-,0,+,0,0
d̪̊,-,-,+,-,-,-,-,-,-,-,-,+,+,+,-,-,-,-,-,-,0,-,0,0
t̪̊,-,-,+,-,-,-,-,-,-,-,-,+,+,+,-,-,-,-,-,-,0,-,0,0
t̪,-,-,+,-,-,-,-,-,-,-,-,+,+,+,-,-,-,-,-,-,0,-,0,0
t̻,-,-,+,-,-,-,-,-,-,-,-,+,+,+,-,-,-,-,-,-,0,-,0,0
d̪,-,-,+,-,-,-,-,-,+,-,-,+,+,+,-,-,-,-,-,-,0,-,0,0
d̻,-,-,+,-,-,-,-,-,+,-,-,+,+,+,-,-,-,-,-,-,0,-,0,0
ᵊp,-,-,+,-,-,-,-,-,-,-,-,+,-,0,+,-,-,-,-,-,0,-,0,0
p̚,-,-,+,-,-,-,-,-,-,-,-,+,-,0,+,-,-,-,-,-,0,-,0,0
p̠,-,-,+,-,-,-,-,-,-,-,-,+,-,0,+,-,-,-,-,-,0,-,0,0
b̥̚,-,-,+,-,-,-,-,-,-,-,-,+,-,0,+,-,-,-,-,-,0,-,0,0
p̥̚,-,-,+,-,-,-,-,-,-,-,-,+,-,0,+,-,-,-,-,-,0,-,0,0
b̠̊,-,-,+,-,-,-,-,-,-,-,-,+,-,0,+,-,-,-,-,-,0,-,0,0
p̠̊,-,-,+,-,-,-,-,-,-,-,-,+,-,0,+,-,-,-,-,-,0,-,0,0
b̥,-,-,+,-,-,-,-,-,-,-,-,+,-,0,+,-,-,-,-,-,0,-,0,0
p̥,-,-,+,-,-,-,-,-,-,-,-,+,-,0,+,-,-,-,-,-,0,-,0,0
p,-,-,+,-,-,-,-,-,-,-,-,+,-,0,+,-,-,-,-,-,0,-,0,0
b̊,-,-,+,-,-,-,-,-,-,-,-,+,-,0,+,-,-,-,-,-,0,-,0,0
p̊,-,-,+,-,-,-,-,-,-,-,-,+,-,0,+,-,-,-,-,-,0,-,0,0
p̟,-,-,+,-,-,-,-,-,-,-,-,+,-,0,+,-,-,-,-,-,0,-,0,0
ᵊb,-,-,+,-,-,-,-,-,+,-,-,+,-,0,+,-,-,-,-,-,0,-,0,0
b̚,-,-,+,-,-,-,-,-,+,-,-,+,-,0,+,-,-,-,-,-,0,-,0,0
b̠,-,-,+,-,-,-,-,-,+,-,-,+,-,0,+,-,-,-,-,-,0,-,0,0
b,-,-,+,-,-,-,-,-,+,-,-,+,-,0,+,-,-,-,-,-,0,-,0,0
p̬,-,-,+,-,-,-,-,-,+,-,-,+,-,0,+,-,-,-,-,-,0,-,0,0
b̟,-,-,+,-,-,-,-,-,+,-,-,+,-,0,+,-,-,-,-,-,0,-,0,0
b̥ː,-,-,+,-,-,-,-,-,-,-,-,+,-,0,+,-,-,-,-,-,0,+,0,0
p̥ː,-,-,+,-,-,-,-,-,-,-,-,+,-,0,+,-,-,-,-,-,0,+,0,0
pː,-,-,+,-,-,-,-,-,-,-,-,+,-,0,+,-,-,-,-,-,0,+,0,0
p̟ː,-,-,+,-,-,-,-,-,-,-,-,+,-,0,+,-,-,-,-,-,0,+,0,0
pˑ,-,-,+,-,-,-,-,-,-,-,-,+,-,0,+,-,-,-,-,-,0,+,0,0
bː,-,-,+,-,-,-,-,-,+,-,-,+,-,0,+,-,-,-,-,-,0,+,0,0
b̟ː,-,-,+,-,-,-,-,-,+,-,-,+,-,0,+,-,-,-,-,-,0,+,0,0
bˑ,-,-,+,-,-,-,-,-,+,-,-,+,-,0,+,-,-,-,-,-,0,+,0,0
ᵊp͡t,-,-,+,-,-,-,-,-,-,-,-,+,+,-,+,-,-,-,-,-,0,-,0,0
p͡t̚,-,-,+,-,-,-,-,-,-,-,-,+,+,-,+,-,-,-,-,-,0,-,0,0
p͡t̠,-,-,+,-,-,-,-,-,-,-,-,+,+,-,+,-,-,-,-,-,0,-,0,0
p͡t,-,-,+,-,-,-,-,-,-,-,-,+,+,-,+,-,-,-,-,-,0,-,0,0
b͡d̥̚,-,-,+,-,-,-,-,-,-,-,-,+,+,-,+,-,-,-,-,-,0,-,0,0
p͡t̥̚,-,-,+,-,-,-,-,-,-,-,-,+,+,-,+,-,-,-,-,-,0,-,0,0
b͡d̠̊,-,-,+,-,-,-,-,-,-,-,-,+,+,-,+,-,-,-,-,-,0,-,0,0
p͡t̠̊,-,-,+,-,-,-,-,-,-,-,-,+,+,-,+,-,-,-,-,-,0,-,0,0
p͡t̼,-,-,+,-,-,-,-,-,-,-,-,+,+,-,+,-,-,-,-,-,0,-,0,0
t̼,-,-,+,-,-,-,-,-,-,-,-,+,+,-,+,-,-,-,-,-,0,-,0,0
b͡d̥,-,-,+,-,-,-,-,-,-,-,-,+,+,-,+,-,-,-,-,-,0,-,0,0
p͡t̥,-,-,+,-,-,-,-,-,-,-,-,+,+,-,+,-,-,-,-,-,0,-,0,0
p͡t̺,-,-,+,-,-,-,-,-,-,-,-,+,+,-,+,-,-,-,-,-,0,-,0,0
b͡d̊,-,-,+,-,-,-,-,-,-,-,-,+,+,-,+,-,-,-,-,-,0,-,0,0
p͡t̊,-,-,+,-,-,-,-,-,-,-,-,+,+,-,+,-,-,-,-,-,0,-,0,0
p͡t̟,-,-,+,-,-,-,-,-,-,-,-,+,+,-,+,-,-,-,-,-,0,-,0,0
ᵊb͡d,-,-,+,-,-,-,-,-,+,-,-,+,+,-,+,-,-,-,-,-,0,-,0,0
b͡d̚,-,-,+,-,-,-,-,-,+,-,-,+,+,-,+,-,-,-,-,-,0,-,0,0
b͡d̠,-,-,+,-,-,-,-,-,+,-,-,+,+,-,+,-,-,-,-,-,0,-,0,0
b͡d,-,-,+,-,-,-,-,-,+,-,-,+,+,-,+,-,-,-,-,-,0,-,0,0
b͡d̼,-,-,+,-,-,-,-,-,+,-,-,+,+,-,+,-,-,-,-,-,0,-,0,0
d̼,-,-,+,-,-,-,-,-,+,-,-,+,+,-,+,-,-,-,-,-,0,-,0,0
b͡d̺,-,-,+,-,-,-,-,-,+,-,-,+,+,-,+,-,-,-,-,-,0,-,0,0
p͡t̬,-,-,+,-,-,-,-,-,+,-,-,+,+,-,+,-,-,-,-,-,0,-,0,0
b͡d̟,-,-,+,-,-,-,-,-,+,-,-,+,+,-,+,-,-,-,-,-,0,-,0,0
b͡d̥ː,-,-,+,-,-,-,-,-,-,-,-,+,+,-,+,-,-,-,-,-,0,+,0,0
p͡t̥ː,-,-,+,-,-,-,-,-,-,-,-,+,+,-,+,-,-,-,-,-,0,+,0,0
p͡tː,-,-,+,-,-,-,-,-,-,-,-,+,+,-,+,-,-,-,-,-,0,+,0,0
p͡t̟ː,-,-,+,-,-,-,-,-,-,-,-,+,+,-,+,-,-,-,-,-,0,+,0,0
p͡tˑ,-,-,+,-,-,-,-,-,-,-,-,+,+,-,+,-,-,-,-,-,0,+,0,0
b͡dː,-,-,+,-,-,-,-,-,+,-,-,+,+,-,+,-,-,-,-,-,0,+,0,0
b͡d̟ː,-,-,+,-,-,-,-,-,+,-,-,+,+,-,+,-,-,-,-,-,0,+,0,0
b͡dˑ,-,-,+,-,-,-,-,-,+,-,-,+,+,-,+,-,-,-,-,-,0,+,0,0
b͡d̪̊,-,-,+,-,-,-,-,-,-,-,-,+,+,+,+,-,-,-,-,-,0,-,0,0
p͡t̪̊,-,-,+,-,-,-,-,-,-,-,-,+,+,+,+,-,-,-,-,-,0,-,0,0
p͡t̪,-,-,+,-,-,-,-,-,-,-,-,+,+,+,+,-,-,-,-,-,0,-,0,0
p͡t̻,-,-,+,-,-,-,-,-,-,-,-,+,+,+,+,-,-,-,-,-,0,-,0,0
b͡d̪,-,-,+,-,-,-,-,-,+,-,-,+,+,+,+,-,-,-,-,-,0,-,0,0
b͡d̻,-,-,+,-,-,-,-,-,+,-,-,+,+,+,+,-,-,-,-,-,0,-,0,0
q̥ˤ,-,-,+,-,-,-,-,-,-,-,-,-,-,0,-,-,+,+,-,-,0,-,0,0
ɢ̥ˤ,-,-,+,-,-,-,-,-,-,-,-,-,-,0,-,-,+,+,-,-,0,-,0,0
qˤ,-,-,+,-,-,-,-,-,-,-,-,-,-,0,-,-,+,+,-,-,0,-,0,0
ɢˤ,-,-,+,-,-,-,-,-,+,-,-,-,-,0,-,-,+,+,-,-,0,-,0,0
qˤː,-,-,+,-,-,-,-,-,-,-,-,-,-,0,-,-,+,+,-,-,0,+,0,0
qːˤ,-,-,+,-,-,-,-,-,-,-,-,-,-,0,-,-,+,+,-,-,0,+,0,0
ɢˤː,-,-,+,-,-,-,-,-,+,-,-,-,-,0,-,-,+,+,-,-,0,+,0,0
ɢːˤ,-,-,+,-,-,-,-,-,+,-,-,-,-,0,-,-,+,+,-,-,0,+,0,0
ɖ̥ˤ,-,-,+,-,-,-,-,-,-,-,-,-,+,-,-,-,+,+,-,-,0,-,0,0
ʈ̥ˤ,-,-,+,-,-,-,-,-,-,-,-,-,+,-,-,-,+,+,-,-,0,-,0,0
ʈˤ,-,-,+,-,-,-,-,-,-,-,-,-,+,-,-,-,+,+,-,-,0,-,0,0
ɖˤ,-,-,+,-,-,-,-,-,+,-,-,-,+,-,-,-,+,+,-,-,0,-,0,0
ʈˤː,-,-,+,-,-,-,-,-,-,-,-,-,+,-,-,-,+,+,-,-,0,+,0,0
ʈːˤ,-,-,+,-,-,-,-,-,-,-,-,-,+,-,-,-,+,+,-,-,0,+,0,0
ɖˤː,-,-,+,-,-,-,-,-,+,-,-,-,+,-,-,-,+,+,-,-,0,+,0,0
ɖːˤ,-,-,+,-,-,-,-,-,+,-,-,-,+,-,-,-,+,+,-,-,0,+,0,0
d̥ˤ,-,-,+,-,-,-,-,-,-,-,-,+,+,-,-,-,+,+,-,-,0,-,0,0
t̥ˤ,-,-,+,-,-,-,-,-,-,-,-,+,+,-,-,-,+,+,-,-,0,-,0,0
tˤ,-,-,+,-,-,-,-,-,-,-,-,+,+,-,-,-,+,+,-,-,0,-,0,0
dˤ,-,-,+,-,-,-,-,-,+,-,-,+,+,-,-,-,+,+,-,-,0,-,0,0
tˤː,-,-,+,-,-,-,-,-,-,-,-,+,+,-,-,-,+,+,-,-,0,+,0,0
tːˤ,-,-,+,-,-,-,-,-,-,-,-,+,+,-,-,-,+,+,-,-,0,+,0,0
dˤː,-,-,+,-,-,-,-,-,+,-,-,+,+,-,-,-,+,+,-,-,0,+,0,0
dːˤ,-,-,+,-,-,-,-,-,+,-,-,+,+,-,-,-,+,+,-,-,0,+,0,0
b̥ˤ,-,-,+,-,-,-,-,-,-,-,-,+,-,0,+,-,+,+,-,-,0,-,0,0
p̥ˤ,-,-,+,-,-,-,-,-,-,-,-,+,-,0,+,-,+,+,-,-,0,-,0,0
pˤ,-,-,+,-,-,-,-,-,-,-,-,+,-,0,+,-,+,+,-,-,0,-,0,0
bˤ,-,-,+,-,-,-,-,-,+,-,-,+,-,0,+,-,+,+,-,-,0,-,0,0
pˤː,-,-,+,-,-,-,-,-,-,-,-,+,-,0,+,-,+,+,-,-,0,+,0,0
pːˤ,-,-,+,-,-,-,-,-,-,-,-,+,-,0,+,-,+,+,-,-,0,+,0,0
bˤː,-,-,+,-,-,-,-,-,+,-,-,+,-,0,+,-,+,+,-,-,0,+,0,0
bːˤ,-,-,+,-,-,-,-,-,+,-,-,+,-,0,+,-,+,+,-,-,0,+,0,0
b͡d̥ˤ,-,-,+,-,-,-,-,-,-,-,-,+,+,-,+,-,+,+,-,-,0,-,0,0
p͡t̥ˤ,-,-,+,-,-,-,-,-,-,-,-,+,+,-,+,-,+,+,-,-,0,-,0,0
p͡tˤ,-,-,+,-,-,-,-,-,-,-,-,+,+,-,+,-,+,+,-,-,0,-,0,0
b͡dˤ,-,-,+,-,-,-,-,-,+,-,-,+,+,-,+,-,+,+,-,-,0,-,0,0
p͡tˤː,-,-,+,-,-,-,-,-,-,-,-,+,+,-,+,-,+,+,-,-,0,+,0,0
p͡tːˤ,-,-,+,-,-,-,-,-,-,-,-,+,+,-,+,-,+,+,-,-,0,+,0,0
b͡dˤː,-,-,+,-,-,-,-,-,+,-,-,+,+,-,+,-,+,+,-,-,0,+,0,0
b͡dːˤ,-,-,+,-,-,-,-,-,+,-,-,+,+,-,+,-,+,+,-,-,0,+,0,0
ᵊc,-,-,+,-,-,-,-,-,-,-,-,-,-,0,-,+,-,-,-,-,0,-,0,0
c̚,-,-,+,-,-,-,-,-,-,-,-,-,-,0,-,+,-,-,-,-,0,-,0,0
c̠,-,-,+,-,-,-,-,-,-,-,-,-,-,0,-,+,-,-,-,-,0,-,0,0
c̥̚,-,-,+,-,-,-,-,-,-,-,-,-,-,0,-,+,-,-,-,-,0,-,0,0
ɟ̥̚,-,-,+,-,-,-,-,-,-,-,-,-,-,0,-,+,-,-,-,-,0,-,0,0
c̠̊,-,-,+,-,-,-,-,-,-,-,-,-,-,0,-,+,-,-,-,-,0,-,0,0
ɟ̠̊,-,-,+,-,-,-,-,-,-,-,-,-,-,0,-,+,-,-,-,-,0,-,0,0
cʲ,-,-,+,-,-,-,-,-,-,-,-,-,-,0,-,+,-,-,-,-,0,-,0,0
kʲ,-,-,+,-,-,-,-,-,-,-,-,-,-,0,-,+,-,-,-,-,0,-,0,0
qʲ,-,-,+,-,-,-,-,-,-,-,-,-,-,0,-,+,-,-,-,-,0,-,0,0
c̥,-,-,+,-,-,-,-,-,-,-,-,-,-,0,-,+,-,-,-,-,0,-,0,0
ɟ̥,-,-,+,-,-,-,-,-,-,-,-,-,-,0,-,+,-,-,-,-,0,-,0,0
c,-,-,+,-,-,-,-,-,-,-,-,-,-,0,-,+,-,-,-,-,0,-,0,0
c̊,-,-,+,-,-,-,-,-,-,-,-,-,-,0,-,+,-,-,-,-,0,-,0,0
ɟ̊,-,-,+,-,-,-,-,-,-,-,-,-,-,0,-,+,-,-,-,-,0,-,0,0
c̥ʲ,-,-,+,-,-,-,-,-,-,-,-,-,-,0,-,+,-,-,-,-,0,-,0,0
ɡ̥ʲ,-,-,+,-,-,-,-,-,-,-,-,-,-,0,-,+,-,-,-,-,0,-,0,0
k̥ʲ,-,-,+,-,-,-,-,-,-,-,-,-,-,0,-,+,-,-,-,-,0,-,0,0
q̥ʲ,-,-,+,-,-,-,-,-,-,-,-,-,-,0,-,+,-,-,-,-,0,-,0,0
ɟ̥ʲ,-,-,+,-,-,-,-,-,-,-,-,-,-,0,-,+,-,-,-,-,0,-,0,0
ɢ̥ʲ,-,-,+,-,-,-,-,-,-,-,-,-,-,0,-,+,-,-,-,-,0,-,0,0
c̟,-,-,+,-,-,-,-,-,-,-,-,-,-,0,-,+,-,-,-,-,0,-,0,0
ɟ,-,-,+,-,-,-,-,-,+,-,-,-,-,0,-,+,-,-,-,-,0,-,0,0
ᵊɟ,-,-,+,-,-,-,-,-,+,-,-,-,-,0,-,+,-,-,-,-,0,-,0,0
ɟ̚,-,-,+,-,-,-,-,-,+,-,-,-,-,0,-,+,-,-,-,-,0,-,0,0
ɟ̠,-,-,+,-,-,-,-,-,+,-,-,-,-,0,-,+,-,-,-,-,0,-,0,0
ɡʲ,-,-,+,-,-,-,-,-,+,-,-,-,-,0,-,+,-,-,-,-,0,-,0,0
ɟʲ,-,-,+,-,-,-,-,-,+,-,-,-,-,0,-,+,-,-,-,-,0,-,0,0
ɢʲ,-,-,+,-,-,-,-,-,+,-,-,-,-,0,-,+,-,-,-,-,0,-,0,0
c̬,-,-,+,-,-,-,-,-,+,-,-,-,-,0,-,+,-,-,-,-,0,-,0,0
ɟ̟,-,-,+,-,-,-,-,-,+,-,-,-,-,0,-,+,-,-,-,-,0,-,0,0
c̥ː,-,-,+,-,-,-,-,-,-,-,-,-,-,0,-,+,-,-,-,-,0,+,0,0
ɟ̥ː,-,-,+,-,-,-,-,-,-,-,-,-,-,0,-,+,-,-,-,-,0,+,0,0
cː,-,-,+,-,-,-,-,-,-,-,-,-,-,0,-,+,-,-,-,-,0,+,0,0
c̟ː,-,-,+,-,-,-,-,-,-,-,-,-,-,0,-,+,-,-,-,-,0,+,0,0
cʲː,-,-,+,-,-,-,-,-,-,-,-,-,-,0,-,+,-,-,-,-,0,+,0,0
kʲː,-,-,+,-,-,-,-,-,-,-,-,-,-,0,-,+,-,-,-,-,0,+,0,0
qʲː,-,-,+,-,-,-,-,-,-,-,-,-,-,0,-,+,-,-,-,-,0,+,0,0
cˑ,-,-,+,-,-,-,-,-,-,-,-,-,-,0,-,+,-,-,-,-,0,+,0,0
cːʲ,-,-,+,-,-,-,-,-,-,-,-,-,-,0,-,+,-,-,-,-,0,+,0,0
kːʲ,-,-,+,-,-,-,-,-,-,-,-,-,-,0,-,+,-,-,-,-,0,+,0,0
qːʲ,-,-,+,-,-,-,-,-,-,-,-,-,-,0,-,+,-,-,-,-,0,+,0,0
ɟː,-,-,+,-,-,-,-,-,+,-,-,-,-,0,-,+,-,-,-,-,0,+,0,0
ɟ̟ː,-,-,+,-,-,-,-,-,+,-,-,-,-,0,-,+,-,-,-,-,0,+,0,0
ɡʲː,-,-,+,-,-,-,-,-,+,-,-,-,-,0,-,+,-,-,-,-,0,+,0,0
ɟʲː,-,-,+,-,-,-,-,-,+,-,-,-,-,0,-,+,-,-,-,-,0,+,0,0
ɢʲː,-,-,+,-,-,-,-,-,+,-,-,-,-,0,-,+,-,-,-,-,0,+,0,0
ɟˑ,-,-,+,-,-,-,-,-,+,-,-,-,-,0,-,+,-,-,-,-,0,+,0,0
ɡːʲ,-,-,+,-,-,-,-,-,+,-,-,-,-,0,-,+,-,-,-,-,0,+,0,0
ɟːʲ,-,-,+,-,-,-,-,-,+,-,-,-,-,0,-,+,-,-,-,-,0,+,0,0
ɢːʲ,-,-,+,-,-,-,-,-,+,-,-,-,-,0,-,+,-,-,-,-,0,+,0,0
cᶣ,-,-,+,-,-,-,-,-,-,-,-,-,-,0,-,+,-,-,+,-,0,-,0,0
kᶣ,-,-,+,-,-,-,-,-,-,-,-,-,-,0,-,+,-,-,+,-,0,-,0,0
qᶣ,-,-,+,-,-,-,-,-,-,-,-,-,-,0,-,+,-,-,+,-,0,-,0,0
ɡᶣ,-,-,+,-,-,-,-,-,+,-,-,-,-,0,-,+,-,-,+,-,0,-,0,0
ɟᶣ,-,-,+,-,-,-,-,-,+,-,-,-,-,0,-,+,-,-,+,-,0,-,0,0
ɢᶣ,-,-,+,-,-,-,-,-,+,-,-,-,-,0,-,+,-,-,+,-,0,-,0,0
ᵊk,-,-,+,-,-,-,-,-,-,-,-,-,-,0,-,+,-,+,-,-,0,-,0,0
k̚,-,-,+,-,-,-,-,-,-,-,-,-,-,0,-,+,-,+,-,-,0,-,0,0
k̠,-,-,+,-,-,-,-,-,-,-,-,-,-,0,-,+,-,+,-,-,0,-,0,0
k,-,-,+,-,-,-,-,-,-,-,-,-,-,0,-,+,-,+,-,-,0,-,0,0
ɡ̥̚,-,-,+,-,-,-,-,-,-,-,-,-,-,0,-,+,-,+,-,-,0,-,0,0
k̥̚,-,-,+,-,-,-,-,-,-,-,-,-,-,0,-,+,-,+,-,-,0,-,0,0
ɡ̠̊,-,-,+,-,-,-,-,-,-,-,-,-,-,0,-,+,-,+,-,-,0,-,0,0
k̠̊,-,-,+,-,-,-,-,-,-,-,-,-,-,0,-,+,-,+,-,-,0,-,0,0
cˠ,-,-,+,-,-,-,-,-,-,-,-,-,-,0,-,+,-,+,-,-,0,-,0,0
qˠ,-,-,+,-,-,-,-,-,-,-,-,-,-,0,-,+,-,+,-,-,0,-,0,0
ɡ̥,-,-,+,-,-,-,-,-,-,-,-,-,-,0,-,+,-,+,-,-,0,-,0,0
k̥,-,-,+,-,-,-,-,-,-,-,-,-,-,0,-,+,-,+,-,-,0,-,0,0
ɡ̊,-,-,+,-,-,-,-,-,-,-,-,-,-,0,-,+,-,+,-,-,0,-,0,0
k̊,-,-,+,-,-,-,-,-,-,-,-,-,-,0,-,+,-,+,-,-,0,-,0,0
k̟,-,-,+,-,-,-,-,-,-,-,-,-,-,0,-,+,-,+,-,-,0,-,0,0
c̥ˠ,-,-,+,-,-,-,-,-,-,-,-,-,-,0,-,+,-,+,-,-,0,-,0,0
ɡ̥ˠ,-,-,+,-,-,-,-,-,-,-,-,-,-,0,-,+,-,+,-,-,0,-,0,0
k̥ˠ,-,-,+,-,-,-,-,-,-,-,-,-,-,0,-,+,-,+,-,-,0,-,0,0
q̥ˠ,-,-,+,-,-,-,-,-,-,-,-,-,-,0,-,+,-,+,-,-,0,-,0,0
ɟ̥ˠ,-,-,+,-,-,-,-,-,-,-,-,-,-,0,-,+,-,+,-,-,0,-,0,0
ɢ̥ˠ,-,-,+,-,-,-,-,-,-,-,-,-,-,0,-,+,-,+,-,-,0,-,0,0
ᵊɡ,-,-,+,-,-,-,-,-,+,-,-,-,-,0,-,+,-,+,-,-,0,-,0,0
ɡ̚,-,-,+,-,-,-,-,-,+,-,-,-,-,0,-,+,-,+,-,-,0,-,0,0
ɡ̠,-,-,+,-,-,-,-,-,+,-,-,-,-,0,-,+,-,+,-,-,0,-,0,0
ɡ,-,-,+,-,-,-,-,-,+,-,-,-,-,0,-,+,-,+,-,-,0,-,0,0
ɟˠ,-,-,+,-,-,-,-,-,+,-,-,-,-,0,-,+,-,+,-,-,0,-,0,0
ɢˠ,-,-,+,-,-,-,-,-,+,-,-,-,-,0,-,+,-,+,-,-,0,-,0,0
k̬,-,-,+,-,-,-,-,-,+,-,-,-,-,0,-,+,-,+,-,-,0,-,0,0
ɡ̟,-,-,+,-,-,-,-,-,+,-,-,-,-,0,-,+,-,+,-,-,0,-,0,0
ɡ̥ː,-,-,+,-,-,-,-,-,-,-,-,-,-,0,-,+,-,+,-,-,0,+,0,0
k̥ː,-,-,+,-,-,-,-,-,-,-,-,-,-,0,-,+,-,+,-,-,0,+,0,0
kː,-,-,+,-,-,-,-,-,-,-,-,-,-,0,-,+,-,+,-,-,0,+,0,0
k̟ː,-,-,+,-,-,-,-,-,-,-,-,-,-,0,-,+,-,+,-,-,0,+,0,0
kˑ,-,-,+,-,-,-,-,-,-,-,-,-,-,0,-,+,-,+,-,-,0,+,0,0
cːˠ,-,-,+,-,-,-,-,-,-,-,-,-,-,0,-,+,-,+,-,-,0,+,0,0
kːˠ,-,-,+,-,-,-,-,-,-,-,-,-,-,0,-,+,-,+,-,-,0,+,0,0
qːˠ,-,-,+,-,-,-,-,-,-,-,-,-,-,0,-,+,-,+,-,-,0,+,0,0
ɡː,-,-,+,-,-,-,-,-,+,-,-,-,-,0,-,+,-,+,-,-,0,+,0,0
ɡ̟ː,-,-,+,-,-,-,-,-,+,-,-,-,-,0,-,+,-,+,-,-,0,+,0,0
ɡˑ,-,-,+,-,-,-,-,-,+,-,-,-,-,0,-,+,-,+,-,-,0,+,0,0
ɡːˠ,-,-,+,-,-,-,-,-,+,-,-,-,-,0,-,+,-,+,-,-,0,+,0,0
ɟːˠ,-,-,+,-,-,-,-,-,+,-,-,-,-,0,-,+,-,+,-,-,0,+,0,0
ɢːˠ,-,-,+,-,-,-,-,-,+,-,-,-,-,0,-,+,-,+,-,-,0,+,0,0
cʲʷ,-,-,+,-,-,-,-,-,-,-,-,-,-,0,-,+,-,+,+,-,0,-,0,0
kʲʷ,-,-,+,-,-,-,-,-,-,-,-,-,-,0,-,+,-,+,+,-,0,-,0,0
qʲʷ,-,-,+,-,-,-,-,-,-,-,-,-,-,0,-,+,-,+,+,-,0,-,0,0
c̠ʷ,-,-,+,-,-,-,-,-,-,-,-,-,-,0,-,+,-,+,+,-,0,-,0,0
k̠ʷ,-,-,+,-,-,-,-,-,-,-,-,-,-,0,-,+,-,+,+,-,0,-,0,0
q̠ʷ,-,-,+,-,-,-,-,-,-,-,-,-,-,0,-,+,-,+,+,-,0,-,0,0
cʷ,-,-,+,-,-,-,-,-,-,-,-,-,-,0,-,+,-,+,+,-,0,-,0,0
kʷ,-,-,+,-,-,-,-,-,-,-,-,-,-,0,-,+,-,+,+,-,0,-,0,0
qʷ,-,-,+,-,-,-,-,-,-,-,-,-,-,0,-,+,-,+,+,-,0,-,0,0
cʷˠ,-,-,+,-,-,-,-,-,-,-,-,-,-,0,-,+,-,+,+,-,0,-,0,0
kʷˠ,-,-,+,-,-,-,-,-,-,-,-,-,-,0,-,+,-,+,+,-,0,-,0,0
qʷˠ,-,-,+,-,-,-,-,-,-,-,-,-,-,0,-,+,-,+,+,-,0,-,0,0
c̥ʷ,-,-,+,-,-,-,-,-,-,-,-,-,-,0,-,+,-,+,+,-,0,-,0,0
ɡ̥ʷ,-,-,+,-,-,-,-,-,-,-,-,-,-,0,-,+,-,+,+,-,0,-,0,0
k̥ʷ,-,-,+,-,-,-,-,-,-,-,-,-,-,0,-,+,-,+,+,-,0,-,0,0
q̥ʷ,-,-,+,-,-,-,-,-,-,-,-,-,-,0,-,+,-,+,+,-,0,-,0,0
ɟ̥ʷ,-,-,+,-,-,-,-,-,-,-,-,-,-,0,-,+,-,+,+,-,0,-,0,0
ɢ̥ʷ,-,-,+,-,-,-,-,-,-,-,-,-,-,0,-,+,-,+,+,-,0,-,0,0
ɡʲʷ,-,-,+,-,-,-,-,-,+,-,-,-,-,0,-,+,-,+,+,-,0,-,0,0
ɟʲʷ,-,-,+,-,-,-,-,-,+,-,-,-,-,0,-,+,-,+,+,-,0,-,0,0
ɢʲʷ,-,-,+,-,-,-,-,-,+,-,-,-,-,0,-,+,-,+,+,-,0,-,0,0
ɡ̠ʷ,-,-,+,-,-,-,-,-,+,-,-,-,-,0,-,+,-,+,+,-,0,-,0,0
ɟ̠ʷ,-,-,+,-,-,-,-,-,+,-,-,-,-,0,-,+,-,+,+,-,0,-,0,0
ɢ̠ʷ,-,-,+,-,-,-,-,-,+,-,-,-,-,0,-,+,-,+,+,-,0,-,0,0
ɡʷ,-,-,+,-,-,-,-,-,+,-,-,-,-,0,-,+,-,+,+,-,0,-,0,0
ɟʷ,-,-,+,-,-,-,-,-,+,-,-,-,-,0,-,+,-,+,+,-,0,-,0,0
ɢʷ,-,-,+,-,-,-,-,-,+,-,-,-,-,0,-,+,-,+,+,-,0,-,0,0
ɡʷˠ,-,-,+,-,-,-,-,-,+,-,-,-,-,0,-,+,-,+,+,-,0,-,0,0
ɟʷˠ,-,-,+,-,-,-,-,-,+,-,-,-,-,0,-,+,-,+,+,-,0,-,0,0
ɢʷˠ,-,-,+,-,-,-,-,-,+,-,-,-,-,0,-,+,-,+,+,-,0,-,0,0
cʷː,-,-,+,-,-,-,-,-,-,-,-,-,-,0,-,+,-,+,+,-,0,+,0,0
kʷː,-,-,+,-,-,-,-,-,-,-,-,-,-,0,-,+,-,+,+,-,0,+,0,0
qʷː,-,-,+,-,-,-,-,-,-,-,-,-,-,0,-,+,-,+,+,-,0,+,0,0
cːʷ,-,-,+,-,-,-,-,-,-,-,-,-,-,0,-,+,-,+,+,-,0,+,0,0
kːʷ,-,-,+,-,-,-,-,-,-,-,-,-,-,0,-,+,-,+,+,-,0,+,0,0
qːʷ,-,-,+,-,-,-,-,-,-,-,-,-,-,0,-,+,-,+,+,-,0,+,0,0
ɡʷː,-,-,+,-,-,-,-,-,+,-,-,-,-,0,-,+,-,+,+,-,0,+,0,0
ɟʷː,-,-,+,-,-,-,-,-,+,-,-,-,-,0,-,+,-,+,+,-,0,+,0,0
ɢʷː,-,-,+,-,-,-,-,-,+,-,-,-,-,0,-,+,-,+,+,-,0,+,0,0
ɡːʷ,-,-,+,-,-,-,-,-,+,-,-,-,-,0,-,+,-,+,+,-,0,+,0,0
ɟːʷ,-,-,+,-,-,-,-,-,+,-,-,-,-,0,-,+,-,+,+,-,0,+,0,0
ɢːʷ,-,-,+,-,-,-,-,-,+,-,-,-,-,0,-,+,-,+,+,-,0,+,0,0
ǂ̺,-,-,+,-,-,-,-,-,-,-,-,-,+,-,-,+,-,0,-,+,0,-,0,0
ʈʲ,-,-,+,-,-,-,-,-,-,-,-,-,+,-,-,+,-,-,-,-,0,-,0,0
ɖ̥ʲ,-,-,+,-,-,-,-,-,-,-,-,-,+,-,-,+,-,-,-,-,0,-,0,0
ʈ̥ʲ,-,-,+,-,-,-,-,-,-,-,-,-,+,-,-,+,-,-,-,-,0,-,0,0
ɖʲ,-,-,+,-,-,-,-,-,+,-,-,-,+,-,-,+,-,-,-,-,0,-,0,0
ʈʲː,-,-,+,-,-,-,-,-,-,-,-,-,+,-,-,+,-,-,-,-,0,+,0,0
ʈːʲ,-,-,+,-,-,-,-,-,-,-,-,-,+,-,-,+,-,-,-,-,0,+,0,0
ɖʲː,-,-,+,-,-,-,-,-,+,-,-,-,+,-,-,+,-,-,-,-,0,+,0,0
ɖːʲ,-,-,+,-,-,-,-,-,+,-,-,-,+,-,-,+,-,-,-,-,0,+,0,0
ʈᶣ,-,-,+,-,-,-,-,-,-,-,-,-,+,-,-,+,-,-,+,-,0,-,0,0
ɖᶣ,-,-,+,-,-,-,-,-,+,-,-,-,+,-,-,+,-,-,+,-,0,-,0,0
ʈˠ,-,-,+,-,-,-,-,-,-,-,-,-,+,-,-,+,-,+,-,-,0,-,0,0
ɖ̥ˠ,-,-,+,-,-,-,-,-,-,-,-,-,+,-,-,+,-,+,-,-,0,-,0,0
ʈ̥ˠ,-,-,+,-,-,-,-,-,-,-,-,-,+,-,-,+,-,+,-,-,0,-,0,0
ɖˠ,-,-,+,-,-,-,-,-,+,-,-,-,+,-,-,+,-,+,-,-,0,-,0,0
ʈːˠ,-,-,+,-,-,-,-,-,-,-,-,-,+,-,-,+,-,+,-,-,0,+,0,0
ɖːˠ,-,-,+,-,-,-,-,-,+,-,-,-,+,-,-,+,-,+,-,-,0,+,0,0
ʈʲʷ,-,-,+,-,-,-,-,-,-,-,-,-,+,-,-,+,-,+,+,-,0,-,0,0
ʈ̠ʷ,-,-,+,-,-,-,-,-,-,-,-,-,+,-,-,+,-,+,+,-,0,-,0,0
ʈʷ,-,-,+,-,-,-,-,-,-,-,-,-,+,-,-,+,-,+,+,-,0,-,0,0
ʈʷˠ,-,-,+,-,-,-,-,-,-,-,-,-,+,-,-,+,-,+,+,-,0,-,0,0
ɖ̥ʷ,-,-,+,-,-,-,-,-,-,-,-,-,+,-,-,+,-,+,+,-,0,-,0,0
ʈ̥ʷ,-,-,+,-,-,-,-,-,-,-,-,-,+,-,-,+,-,+,+,-,0,-,0,0
ɖʲʷ,-,-,+,-,-,-,-,-,+,-,-,-,+,-,-,+,-,+,+,-,0,-,0,0
ɖ̠ʷ,-,-,+,-,-,-,-,-,+,-,-,-,+,-,-,+,-,+,+,-,0,-,0,0
ɖʷ,-,-,+,-,-,-,-,-,+,-,-,-,+,-,-,+,-,+,+,-,0,-,0,0
ɖʷˠ,-,-,+,-,-,-,-,-,+,-,-,-,+,-,-,+,-,+,+,-,0,-,0,0
ʈʷː,-,-,+,-,-,-,-,-,-,-,-,-,+,-,-,+,-,+,+,-,0,+,0,0
ʈːʷ,-,-,+,-,-,-,-,-,-,-,-,-,+,-,-,+,-,+,+,-,0,+,0,0
ɖʷː,-,-,+,-,-,-,-,-,+,-,-,-,+,-,-,+,-,+,+,-,0,+,0,0
ɖːʷ,-,-,+,-,-,-,-,-,+,-,-,-,+,-,-,+,-,+,+,-,0,+,0,0
ᵊǂ,-,-,+,-,-,-,-,-,-,-,-,-,+,+,-,+,-,0,-,+,0,-,0,0
ǂ̚,-,-,+,-,-,-,-,-,-,-,-,-,+,+,-,+,-,0,-,+,0,-,0,0
ǂ̠,-,-,+,-,-,-,-,-,-,-,-,-,+,+,-,+,-,0,-,+,0,-,0,0
ǂ̥̚,-,-,+,-,-,-,-,-,-,-,-,-,+,+,-,+,-,0,-,+,0,-,0,0
ǂ̠̊,-,-,+,-,-,-,-,-,-,-,-,-,+,+,-,+,-,0,-,+,0,-,0,0
ǂ̥,-,-,+,-,-,-,-,-,-,-,-,-,+,+,-,+,-,0,-,+,0,-,0,0
ǂ̻,-,-,+,-,-,-,-,-,-,-,-,-,+,+,-,+,-,0,-,+,0,-,0,0
ǂ̊,-,-,+,-,-,-,-,-,-,-,-,-,+,+,-,+,-,0,-,+,0,-,0,0
ǂ,-,-,+,-,-,-,-,-,-,-,-,-,+,+,-,+,-,0,-,+,0,-,0,0
ǂ̟,-,-,+,-,-,-,-,-,-,-,-,-,+,+,-,+,-,0,-,+,0,-,0,0
ǂ̬,-,-,+,-,-,-,-,-,+,-,-,-,+,+,-,+,-,0,-,+,0,-,0,0
ǂ̥ː,-,-,+,-,-,-,-,-,-,-,-,-,+,+,-,+,-,0,-,+,0,+,0,0
ǂː,-,-,+,-,-,-,-,-,-,-,-,-,+,+,-,+,-,0,-,+,0,+,0,0
ǂ̟ː,-,-,+,-,-,-,-,-,-,-,-,-,+,+,-,+,-,0,-,+,0,+,0,0
ǂˑ,-,-,+,-,-,-,-,-,-,-,-,-,+,+,-,+,-,0,-,+,0,+,0,0
ǂʲ,-,-,+,-,-,-,-,-,-,-,-,-,+,+,-,+,-,-,-,+,0,-,0,0
ǂ̥ʲ,-,-,+,-,-,-,-,-,-,-,-,-,+,+,-,+,-,-,-,+,0,-,0,0
ǂʲː,-,-,+,-,-,-,-,-,-,-,-,-,+,+,-,+,-,-,-,+,0,+,0,0
ǂːʲ,-,-,+,-,-,-,-,-,-,-,-,-,+,+,-,+,-,-,-,+,0,+,0,0
ǂᶣ,-,-,+,-,-,-,-,-,-,-,-,-,+,+,-,+,-,-,+,+,0,-,0,0
ǂˠ,-,-,+,-,-,-,-,-,-,-,-,-,+,+,-,+,-,+,-,+,0,-,0,0
ǂ̥ˠ,-,-,+,-,-,-,-,-,-,-,-,-,+,+,-,+,-,+,-,+,0,-,0,0
ǂːˠ,-,-,+,-,-,-,-,-,-,-,-,-,+,+,-,+,-,+,-,+,0,+,0,0
ǂʲʷ,-,-,+,-,-,-,-,-,-,-,-,-,+,+,-,+,-,+,+,+,0,-,0,0
ǂ̠ʷ,-,-,+,-,-,-,-,-,-,-,-,-,+,+,-,+,-,+,+,+,0,-,0,0
ǂʷ,-,-,+,-,-,-,-,-,-,-,-,-,+,+,-,+,-,+,+,+,0,-,0,0
ǂʷˠ,-,-,+,-,-,-,-,-,-,-,-,-,+,+,-,+,-,+,+,+,0,-,0,0
ǂ̥ʷ,-,-,+,-,-,-,-,-,-,-,-,-,+,+,-,+,-,+,+,+,0,-,0,0
ǂʷː,-,-,+,-,-,-,-,-,-,-,-,-,+,+,-,+,-,+,+,+,0,+,0,0
ǂːʷ,-,-,+,-,-,-,-,-,-,-,-,-,+,+,-,+,-,+,+,+,0,+,0,0
ᵊǃ,-,-,+,-,-,-,-,-,-,-,-,+,+,-,-,+,-,0,-,+,0,-,0,0
ǃ̚,-,-,+,-,-,-,-,-,-,-,-,+,+,-,-,+,-,0,-,+,0,-,0,0
ǃ̠,-,-,+,-,-,-,-,-,-,-,-,+,+,-,-,+,-,0,-,+,0,-,0,0
ǃ̥̚,-,-,+,-,-,-,-,-,-,-,-,+,+,-,-,+,-,0,-,+,0,-,0,0
ǃ̠̊,-,-,+,-,-,-,-,-,-,-,-,+,+,-,-,+,-,0,-,+,0,-,0,0
ǃ,-,-,+,-,-,-,-,-,-,-,-,+,+,-,-,+,-,0,-,+,0,-,0,0
ǃ̥,-,-,+,-,-,-,-,-,-,-,-,+,+,-,-,+,-,0,-,+,0,-,0,0
ǀ̺,-,-,+,-,-,-,-,-,-,-,-,+,+,-,-,+,-,0,-,+,0,-,0,0
ǃ̺,-,-,+,-,-,-,-,-,-,-,-,+,+,-,-,+,-,0,-,+,0,-,0,0
ǃ̊,-,-,+,-,-,-,-,-,-,-,-,+,+,-,-,+,-,0,-,+,0,-,0,0
ǃ̟,-,-,+,-,-,-,-,-,-,-,-,+,+,-,-,+,-,0,-,+,0,-,0,0
ǃ̬,-,-,+,-,-,-,-,-,+,-,-,+,+,-,-,+,-,0,-,+,0,-,0,0
ǃ̥ː,-,-,+,-,-,-,-,-,-,-,-,+,+,-,-,+,-,0,-,+,0,+,0,0
ǃː,-,-,+,-,-,-,-,-,-,-,-,+,+,-,-,+,-,0,-,+,0,+,0,0
ǃ̟ː,-,-,+,-,-,-,-,-,-,-,-,+,+,-,-,+,-,0,-,+,0,+,0,0
ǃˑ,-,-,+,-,-,-,-,-,-,-,-,+,+,-,-,+,-,0,-,+,0,+,0,0
ǃʲ,-,-,+,-,-,-,-,-,-,-,-,+,+,-,-,+,-,-,-,+,0,-,0,0
tʲ,-,-,+,-,-,-,-,-,-,-,-,+,+,-,-,+,-,-,-,-,0,-,0,0
ǃ̥ʲ,-,-,+,-,-,-,-,-,-,-,-,+,+,-,-,+,-,-,-,+,0,-,0,0
d̥ʲ,-,-,+,-,-,-,-,-,-,-,-,+,+,-,-,+,-,-,-,-,0,-,0,0
t̥ʲ,-,-,+,-,-,-,-,-,-,-,-,+,+,-,-,+,-,-,-,-,0,-,0,0
dʲ,-,-,+,-,-,-,-,-,+,-,-,+,+,-,-,+,-,-,-,-,0,-,0,0
ǃʲː,-,-,+,-,-,-,-,-,-,-,-,+,+,-,-,+,-,-,-,+,0,+,0,0
tʲː,-,-,+,-,-,-,-,-,-,-,-,+,+,-,-,+,-,-,-,-,0,+,0,0
ǃːʲ,-,-,+,-,-,-,-,-,-,-,-,+,+,-,-,+,-,-,-,+,0,+,0,0
tːʲ,-,-,+,-,-,-,-,-,-,-,-,+,+,-,-,+,-,-,-,-,0,+,0,0
dʲː,-,-,+,-,-,-,-,-,+,-,-,+,+,-,-,+,-,-,-,-,0,+,0,0
dːʲ,-,-,+,-,-,-,-,-,+,-,-,+,+,-,-,+,-,-,-,-,0,+,0,0
ǃᶣ,-,-,+,-,-,-,-,-,-,-,-,+,+,-,-,+,-,-,+,+,0,-,0,0
tᶣ,-,-,+,-,-,-,-,-,-,-,-,+,+,-,-,+,-,-,+,-,0,-,0,0
dᶣ,-,-,+,-,-,-,-,-,+,-,-,+,+,-,-,+,-,-,+,-,0,-,0,0
ǃˠ,-,-,+,-,-,-,-,-,-,-,-,+,+,-,-,+,-,+,-,+,0,-,0,0
tˠ,-,-,+,-,-,-,-,-,-,-,-,+,+,-,-,+,-,+,-,-,0,-,0,0
ǃ̥ˠ,-,-,+,-,-,-,-,-,-,-,-,+,+,-,-,+,-,+,-,+,0,-,0,0
d̥ˠ,-,-,+,-,-,-,-,-,-,-,-,+,+,-,-,+,-,+,-,-,0,-,0,0
t̥ˠ,-,-,+,-,-,-,-,-,-,-,-,+,+,-,-,+,-,+,-,-,0,-,0,0
dˠ,-,-,+,-,-,-,-,-,+,-,-,+,+,-,-,+,-,+,-,-,0,-,0,0
ǃːˠ,-,-,+,-,-,-,-,-,-,-,-,+,+,-,-,+,-,+,-,+,0,+,0,0
tːˠ,-,-,+,-,-,-,-,-,-,-,-,+,+,-,-,+,-,+,-,-,0,+,0,0
dːˠ,-,-,+,-,-,-,-,-,+,-,-,+,+,-,-,+,-,+,-,-,0,+,0,0
ǃʲʷ,-,-,+,-,-,-,-,-,-,-,-,+,+,-,-,+,-,+,+,+,0,-,0,0
tʲʷ,-,-,+,-,-,-,-,-,-,-,-,+,+,-,-,+,-,+,+,-,0,-,0,0
ǃ̠ʷ,-,-,+,-,-,-,-,-,-,-,-,+,+,-,-,+,-,+,+,+,0,-,0,0
t̠ʷ,-,-,+,-,-,-,-,-,-,-,-,+,+,-,-,+,-,+,+,-,0,-,0,0
ǃʷ,-,-,+,-,-,-,-,-,-,-,-,+,+,-,-,+,-,+,+,+,0,-,0,0
tʷ,-,-,+,-,-,-,-,-,-,-,-,+,+,-,-,+,-,+,+,-,0,-,0,0
ǃʷˠ,-,-,+,-,-,-,-,-,-,-,-,+,+,-,-,+,-,+,+,+,0,-,0,0
ǃ̥ʷ,-,-,+,-,-,-,-,-,-,-,-,+,+,-,-,+,-,+,+,+,0,-,0,0
d̥ʷ,-,-,+,-,-,-,-,-,-,-,-,+,+,-,-,+,-,+,+,-,0,-,0,0
t̥ʷ,-,-,+,-,-,-,-,-,-,-,-,+,+,-,-,+,-,+,+,-,0,-,0,0
tʷˠ,-,-,+,-,-,-,-,-,-,-,-,+,+,-,-,+,-,+,+,-,0,-,0,0
dʲʷ,-,-,+,-,-,-,-,-,+,-,-,+,+,-,-,+,-,+,+,-,0,-,0,0
d̠ʷ,-,-,+,-,-,-,-,-,+,-,-,+,+,-,-,+,-,+,+,-,0,-,0,0
dʷ,-,-,+,-,-,-,-,-,+,-,-,+,+,-,-,+,-,+,+,-,0,-,0,0
dʷˠ,-,-,+,-,-,-,-,-,+,-,-,+,+,-,-,+,-,+,+,-,0,-,0,0
ǃʷː,-,-,+,-,-,-,-,-,-,-,-,+,+,-,-,+,-,+,+,+,0,+,0,0
tʷː,-,-,+,-,-,-,-,-,-,-,-,+,+,-,-,+,-,+,+,-,0,+,0,0
ǃːʷ,-,-,+,-,-,-,-,-,-,-,-,+,+,-,-,+,-,+,+,+,0,+,0,0
tːʷ,-,-,+,-,-,-,-,-,-,-,-,+,+,-,-,+,-,+,+,-,0,+,0,0
dʷː,-,-,+,-,-,-,-,-,+,-,-,+,+,-,-,+,-,+,+,-,0,+,0,0
dːʷ,-,-,+,-,-,-,-,-,+,-,-,+,+,-,-,+,-,+,+,-,0,+,0,0
ᵊǀ,-,-,+,-,-,-,-,-,-,-,-,+,+,+,-,+,-,0,-,+,0,-,0,0
ǀ̚,-,-,+,-,-,-,-,-,-,-,-,+,+,+,-,+,-,0,-,+,0,-,0,0
ǀ̠,-,-,+,-,-,-,-,-,-,-,-,+,+,+,-,+,-,0,-,+,0,-,0,0
ǀ̪̊,-,-,+,-,-,-,-,-,-,-,-,+,+,+,-,+,-,0,-,+,0,-,0,0
ǃ̪̊,-,-,+,-,-,-,-,-,-,-,-,+,+,+,-,+,-,0,-,+,0,-,0,0
ǀ̥̚,-,-,+,-,-,-,-,-,-,-,-,+,+,+,-,+,-,0,-,+,0,-,0,0
ǀ̠̊,-,-,+,-,-,-,-,-,-,-,-,+,+,+,-,+,-,0,-,+,0,-,0,0
ǀ̪,-,-,+,-,-,-,-,-,-,-,-,+,+,+,-,+,-,0,-,+,0,-,0,0
ǃ̪,-,-,+,-,-,-,-,-,-,-,-,+,+,+,-,+,-,0,-,+,0,-,0,0
ǀ,-,-,+,-,-,-,-,-,-,-,-,+,+,+,-,+,-,0,-,+,0,-,0,0
ǀ̥,-,-,+,-,-,-,-,-,-,-,-,+,+,+,-,+,-,0,-,+,0,-,0,0
ǀ̻,-,-,+,-,-,-,-,-,-,-,-,+,+,+,-,+,-,0,-,+,0,-,0,0
ǃ̻,-,-,+,-,-,-,-,-,-,-,-,+,+,+,-,+,-,0,-,+,0,-,0,0
ǀ̊,-,-,+,-,-,-,-,-,-,-,-,+,+,+,-,+,-,0,-,+,0,-,0,0
ǀ̟,-,-,+,-,-,-,-,-,-,-,-,+,+,+,-,+,-,0,-,+,0,-,0,0
ǀ̬,-,-,+,-,-,-,-,-,+,-,-,+,+,+,-,+,-,0,-,+,0,-,0,0
ǀ̥ː,-,-,+,-,-,-,-,-,-,-,-,+,+,+,-,+,-,0,-,+,0,+,0,0
ǀː,-,-,+,-,-,-,-,-,-,-,-,+,+,+,-,+,-,0,-,+,0,+,0,0
ǀ̟ː,-,-,+,-,-,-,-,-,-,-,-,+,+,+,-,+,-,0,-,+,0,+,0,0
ǀˑ,-,-,+,-,-,-,-,-,-,-,-,+,+,+,-,+,-,0,-,+,0,+,0,0
ǀʲ,-,-,+,-,-,-,-,-,-,-,-,+,+,+,-,+,-,-,-,+,0,-,0,0
ǀ̥ʲ,-,-,+,-,-,-,-,-,-,-,-,+,+,+,-,+,-,-,-,+,0,-,0,0
ǀʲː,-,-,+,-,-,-,-,-,-,-,-,+,+,+,-,+,-,-,-,+,0,+,0,0
ǀːʲ,-,-,+,-,-,-,-,-,-,-,-,+,+,+,-,+,-,-,-,+,0,+,0,0
ǀᶣ,-,-,+,-,-,-,-,-,-,-,-,+,+,+,-,+,-,-,+,+,0,-,0,0
ǀˠ,-,-,+,-,-,-,-,-,-,-,-,+,+,+,-,+,-,+,-,+,0,-,0,0
ǀ̥ˠ,-,-,+,-,-,-,-,-,-,-,-,+,+,+,-,+,-,+,-,+,0,-,0,0
ǀːˠ,-,-,+,-,-,-,-,-,-,-,-,+,+,+,-,+,-,+,-,+,0,+,0,0
ǀʲʷ,-,-,+,-,-,-,-,-,-,-,-,+,+,+,-,+,-,+,+,+,0,-,0,0
ǀ̠ʷ,-,-,+,-,-,-,-,-,-,-,-,+,+,+,-,+,-,+,+,+,0,-,0,0
ǀʷ,-,-,+,-,-,-,-,-,-,-,-,+,+,+,-,+,-,+,+,+,0,-,0,0
ǀʷˠ,-,-,+,-,-,-,-,-,-,-,-,+,+,+,-,+,-,+,+,+,0,-,0,0
ǀ̥ʷ,-,-,+,-,-,-,-,-,-,-,-,+,+,+,-,+,-,+,+,+,0,-,0,0
ǀʷː,-,-,+,-,-,-,-,-,-,-,-,+,+,+,-,+,-,+,+,+,0,+,0,0
ǀːʷ,-,-,+,-,-,-,-,-,-,-,-,+,+,+,-,+,-,+,+,+,0,+,0,0
ᵊʘ,-,-,+,-,-,-,-,-,-,-,-,0,-,0,+,+,-,0,-,+,0,-,0,0
ᵊk͡p,-,-,+,-,-,-,-,-,-,-,-,0,-,0,+,+,-,0,-,-,0,-,0,0
ʘ̚,-,-,+,-,-,-,-,-,-,-,-,0,-,0,+,+,-,0,-,+,0,-,0,0
k͡p̚,-,-,+,-,-,-,-,-,-,-,-,0,-,0,+,+,-,0,-,-,0,-,0,0
ʘ̠,-,-,+,-,-,-,-,-,-,-,-,0,-,0,+,+,-,0,-,+,0,-,0,0
k͡p̠,-,-,+,-,-,-,-,-,-,-,-,0,-,0,+,+,-,0,-,-,0,-,0,0
k͡p,-,-,+,-,-,-,-,-,-,-,-,0,-,0,+,+,-,0,-,-,0,-,0,0
ʘ̥̚,-,-,+,-,-,-,-,-,-,-,-,0,-,0,+,+,-,0,-,+,0,-,0,0
k͡p̥̚,-,-,+,-,-,-,-,-,-,-,-,0,-,0,+,+,-,0,-,-,0,-,0,0
ɡ͡b̥̚,-,-,+,-,-,-,-,-,-,-,-,0,-,0,+,+,-,0,-,-,0,-,0,0
ʘ̠̊,-,-,+,-,-,-,-,-,-,-,-,0,-,0,+,+,-,0,-,+,0,-,0,0
k͡p̠̊,-,-,+,-,-,-,-,-,-,-,-,0,-,0,+,+,-,0,-,-,0,-,0,0
ɡ͡b̠̊,-,-,+,-,-,-,-,-,-,-,-,0,-,0,+,+,-,0,-,-,0,-,0,0
ʘ̥,-,-,+,-,-,-,-,-,-,-,-,0,-,0,+,+,-,0,-,+,0,-,0,0
k͡p̥,-,-,+,-,-,-,-,-,-,-,-,0,-,0,+,+,-,0,-,-,0,-,0,0
ɡ͡b̥,-,-,+,-,-,-,-,-,-,-,-,0,-,0,+,+,-,0,-,-,0,-,0,0
ʘ,-,-,+,-,-,-,-,-,-,-,-,0,-,0,+,+,-,0,-,+,0,-,0,0
ʘ̊,-,-,+,-,-,-,-,-,-,-,-,0,-,0,+,+,-,0,-,+,0,-,0,0
k͡p̊,-,-,+,-,-,-,-,-,-,-,-,0,-,0,+,+,-,0,-,-,0,-,0,0
ɡ͡b̊,-,-,+,-,-,-,-,-,-,-,-,0,-,0,+,+,-,0,-,-,0,-,0,0
ʘ̟,-,-,+,-,-,-,-,-,-,-,-,0,-,0,+,+,-,0,-,+,0,-,0,0
k͡p̟,-,-,+,-,-,-,-,-,-,-,-,0,-,0,+,+,-,0,-,-,0,-,0,0
ᵊɡ͡b,-,-,+,-,-,-,-,-,+,-,-,0,-,0,+,+,-,0,-,-,0,-,0,0
ɡ͡b̚,-,-,+,-,-,-,-,-,+,-,-,0,-,0,+,+,-,0,-,-,0,-,0,0
ɡ͡b̠,-,-,+,-,-,-,-,-,+,-,-,0,-,0,+,+,-,0,-,-,0,-,0,0
ɡ͡b,-,-,+,-,-,-,-,-,+,-,-,0,-,0,+,+,-,0,-,-,0,-,0,0
ʘ̬,-,-,+,-,-,-,-,-,+,-,-,0,-,0,+,+,-,0,-,+,0,-,0,0
k͡p̬,-,-,+,-,-,-,-,-,+,-,-,0,-,0,+,+,-,0,-,-,0,-,0,0
ɡ͡b̟,-,-,+,-,-,-,-,-,+,-,-,0,-,0,+,+,-,0,-,-,0,-,0,0
ʘ̥ː,-,-,+,-,-,-,-,-,-,-,-,0,-,0,+,+,-,0,-,+,0,+,0,0
k͡p̥ː,-,-,+,-,-,-,-,-,-,-,-,0,-,0,+,+,-,0,-,-,0,+,0,0
ɡ͡b̥ː,-,-,+,-,-,-,-,-,-,-,-,0,-,0,+,+,-,0,-,-,0,+,0,0
ʘː,-,-,+,-,-,-,-,-,-,-,-,0,-,0,+,+,-,0,-,+,0,+,0,0
k͡pː,-,-,+,-,-,-,-,-,-,-,-,0,-,0,+,+,-,0,-,-,0,+,0,0
ʘ̟ː,-,-,+,-,-,-,-,-,-,-,-,0,-,0,+,+,-,0,-,+,0,+,0,0
k͡p̟ː,-,-,+,-,-,-,-,-,-,-,-,0,-,0,+,+,-,0,-,-,0,+,0,0
ʘˑ,-,-,+,-,-,-,-,-,-,-,-,0,-,0,+,+,-,0,-,+,0,+,0,0
k͡pˑ,-,-,+,-,-,-,-,-,-,-,-,0,-,0,+,+,-,0,-,-,0,+,0,0
ɡ͡bː,-,-,+,-,-,-,-,-,+,-,-,0,-,0,+,+,-,0,-,-,0,+,0,0
ɡ͡b̟ː,-,-,+,-,-,-,-,-,+,-,-,0,-,0,+,+,-,0,-,-,0,+,0,0
ɡ͡bˑ,-,-,+,-,-,-,-,-,+,-,-,0,-,0,+,+,-,0,-,-,0,+,0,0
ʘʲ,-,-,+,-,-,-,-,-,-,-,-,0,-,0,+,+,-,-,-,+,0,-,0,0
k͡pʲ,-,-,+,-,-,-,-,-,-,-,-,0,-,0,+,+,-,-,-,-,0,-,0,0
ʘ̥ʲ,-,-,+,-,-,-,-,-,-,-,-,0,-,0,+,+,-,-,-,+,0,-,0,0
k͡p̥ʲ,-,-,+,-,-,-,-,-,-,-,-,0,-,0,+,+,-,-,-,-,0,-,0,0
ɡ͡b̥ʲ,-,-,+,-,-,-,-,-,-,-,-,0,-,0,+,+,-,-,-,-,0,-,0,0
ɡ͡bʲ,-,-,+,-,-,-,-,-,+,-,-,0,-,0,+,+,-,-,-,-,0,-,0,0
ʘʲː,-,-,+,-,-,-,-,-,-,-,-,0,-,0,+,+,-,-,-,+,0,+,0,0
k͡pʲː,-,-,+,-,-,-,-,-,-,-,-,0,-,0,+,+,-,-,-,-,0,+,0,0
ʘːʲ,-,-,+,-,-,-,-,-,-,-,-,0,-,0,+,+,-,-,-,+,0,+,0,0
k͡pːʲ,-,-,+,-,-,-,-,-,-,-,-,0,-,0,+,+,-,-,-,-,0,+,0,0
ɡ͡bʲː,-,-,+,-,-,-,-,-,+,-,-,0,-,0,+,+,-,-,-,-,0,+,0,0
ɡ͡bːʲ,-,-,+,-,-,-,-,-,+,-,-,0,-,0,+,+,-,-,-,-,0,+,0,0
ʘˠ,-,-,+,-,-,-,-,-,-,-,-,0,-,0,+,+,-,+,-,+,0,-,0,0
k͡pˠ,-,-,+,-,-,-,-,-,-,-,-,0,-,0,+,+,-,+,-,-,0,-,0,0
ʘ̥ˠ,-,-,+,-,-,-,-,-,-,-,-,0,-,0,+,+,-,+,-,+,0,-,0,0
k͡p̥ˠ,-,-,+,-,-,-,-,-,-,-,-,0,-,0,+,+,-,+,-,-,0,-,0,0
ɡ͡b̥ˠ,-,-,+,-,-,-,-,-,-,-,-,0,-,0,+,+,-,+,-,-,0,-,0,0
ɡ͡bˠ,-,-,+,-,-,-,-,-,+,-,-,0,-,0,+,+,-,+,-,-,0,-,0,0
ʘːˠ,-,-,+,-,-,-,-,-,-,-,-,0,-,0,+,+,-,+,-,+,0,+,0,0
k͡pːˠ,-,-,+,-,-,-,-,-,-,-,-,0,-,0,+,+,-,+,-,-,0,+,0,0
ɡ͡bːˠ,-,-,+,-,-,-,-,-,+,-,-,0,-,0,+,+,-,+,-,-,0,+,0,0
ʘʲʷ,-,-,+,-,-,-,-,-,-,-,-,0,-,0,+,+,-,+,+,+,0,-,0,0
k͡pʲʷ,-,-,+,-,-,-,-,-,-,-,-,0,-,0,+,+,-,+,+,-,0,-,0,0
ʘ̠ʷ,-,-,+,-,-,-,-,-,-,-,-,0,-,0,+,+,-,+,+,+,0,-,0,0
k͡p̠ʷ,-,-,+,-,-,-,-,-,-,-,-,0,-,0,+,+,-,+,+,-,0,-,0,0
ʘʷ,-,-,+,-,-,-,-,-,-,-,-,0,-,0,+,+,-,+,+,+,0,-,0,0
k͡pʷ,-,-,+,-,-,-,-,-,-,-,-,0,-,0,+,+,-,+,+,-,0,-,0,0
ʘʷˠ,-,-,+,-,-,-,-,-,-,-,-,0,-,0,+,+,-,+,+,+,0,-,0,0
k͡pʷˠ,-,-,+,-,-,-,-,-,-,-,-,0,-,0,+,+,-,+,+,-,0,-,0,0
ʘ̥ʷ,-,-,+,-,-,-,-,-,-,-,-,0,-,0,+,+,-,+,+,+,0,-,0,0
k͡p̥ʷ,-,-,+,-,-,-,-,-,-,-,-,0,-,0,+,+,-,+,+,-,0,-,0,0
ɡ͡b̥ʷ,-,-,+,-,-,-,-,-,-,-,-,0,-,0,+,+,-,+,+,-,0,-,0,0
ɡ͡bʲʷ,-,-,+,-,-,-,-,-,+,-,-,0,-,0,+,+,-,+,+,-,0,-,0,0
ɡ͡b̠ʷ,-,-,+,-,-,-,-,-,+,-,-,0,-,0,+,+,-,+,+,-,0,-,0,0
ɡ͡bʷ,-,-,+,-,-,-,-,-,+,-,-,0,-,0,+,+,-,+,+,-,0,-,0,0
ɡ͡bʷˠ,-,-,+,-,-,-,-,-,+,-,-,0,-,0,+,+,-,+,+,-,0,-,0,0
k͡pʷː,-,-,+,-,-,-,-,-,-,-,-,0,-,0,+,+,-,+,+,-,0,+,0,0
ʘːʷ,-,-,+,-,-,-,-,-,-,-,-,0,-,0,+,+,-,+,+,+,0,+,0,0
k͡pːʷ,-,-,+,-,-,-,-,-,-,-,-,0,-,0,+,+,-,+,+,-,0,+,0,0
ʘʷː,-,-,+,-,-,-,-,-,-,-,-,0,-,0,+,+,-,+,+,+,0,+,0,0
ɡ͡bʷː,-,-,+,-,-,-,-,-,+,-,-,0,-,0,+,+,-,+,+,-,0,+,0,0
ɡ͡bːʷ,-,-,+,-,-,-,-,-,+,-,-,0,-,0,+,+,-,+,+,-,0,+,0,0
pʲ,-,-,+,-,-,-,-,-,-,-,-,+,-,0,+,+,-,-,-,-,0,-,0,0
b̥ʲ,-,-,+,-,-,-,-,-,-,-,-,+,-,0,+,+,-,-,-,-,0,-,0,0
p̥ʲ,-,-,+,-,-,-,-,-,-,-,-,+,-,0,+,+,-,-,-,-,0,-,0,0
bʲ,-,-,+,-,-,-,-,-,+,-,-,+,-,0,+,+,-,-,-,-,0,-,0,0
pʲː,-,-,+,-,-,-,-,-,-,-,-,+,-,0,+,+,-,-,-,-,0,+,0,0
pːʲ,-,-,+,-,-,-,-,-,-,-,-,+,-,0,+,+,-,-,-,-,0,+,0,0
bʲː,-,-,+,-,-,-,-,-,+,-,-,+,-,0,+,+,-,-,-,-,0,+,0,0
bːʲ,-,-,+,-,-,-,-,-,+,-,-,+,-,0,+,+,-,-,-,-,0,+,0,0
pˠ,-,-,+,-,-,-,-,-,-,-,-,+,-,0,+,+,-,+,-,-,0,-,0,0
b̥ˠ,-,-,+,-,-,-,-,-,-,-,-,+,-,0,+,+,-,+,-,-,0,-,0,0
p̥ˠ,-,-,+,-,-,-,-,-,-,-,-,+,-,0,+,+,-,+,-,-,0,-,0,0
bˠ,-,-,+,-,-,-,-,-,+,-,-,+,-,0,+,+,-,+,-,-,0,-,0,0
pːˠ,-,-,+,-,-,-,-,-,-,-,-,+,-,0,+,+,-,+,-,-,0,+,0,0
bːˠ,-,-,+,-,-,-,-,-,+,-,-,+,-,0,+,+,-,+,-,-,0,+,0,0
pʲʷ,-,-,+,-,-,-,-,-,-,-,-,+,-,0,+,+,-,+,+,-,0,-,0,0
p̠ʷ,-,-,+,-,-,-,-,-,-,-,-,+,-,0,+,+,-,+,+,-,0,-,0,0
pʷ,-,-,+,-,-,-,-,-,-,-,-,+,-,0,+,+,-,+,+,-,0,-,0,0
b̥ʷ,-,-,+,-,-,-,-,-,-,-,-,+,-,0,+,+,-,+,+,-,0,-,0,0
p̥ʷ,-,-,+,-,-,-,-,-,-,-,-,+,-,0,+,+,-,+,+,-,0,-,0,0
pʷˠ,-,-,+,-,-,-,-,-,-,-,-,+,-,0,+,+,-,+,+,-,0,-,0,0
bʲʷ,-,-,+,-,-,-,-,-,+,-,-,+,-,0,+,+,-,+,+,-,0,-,0,0
b̠ʷ,-,-,+,-,-,-,-,-,+,-,-,+,-,0,+,+,-,+,+,-,0,-,0,0
bʷ,-,-,+,-,-,-,-,-,+,-,-,+,-,0,+,+,-,+,+,-,0,-,0,0
bʷˠ,-,-,+,-,-,-,-,-,+,-,-,+,-,0,+,+,-,+,+,-,0,-,0,0
pʷː,-,-,+,-,-,-,-,-,-,-,-,+,-,0,+,+,-,+,+,-,0,+,0,0
pːʷ,-,-,+,-,-,-,-,-,-,-,-,+,-,0,+,+,-,+,+,-,0,+,0,0
bʷː,-,-,+,-,-,-,-,-,+,-,-,+,-,0,+,+,-,+,+,-,0,+,0,0
bːʷ,-,-,+,-,-,-,-,-,+,-,-,+,-,0,+,+,-,+,+,-,0,+,0,0
ǃ̼,-,-,+,-,-,-,-,-,-,-,-,+,+,-,+,+,-,0,-,+,0,-,0,0
p͡tʲ,-,-,+,-,-,-,-,-,-,-,-,+,+,-,+,+,-,-,-,-,0,-,0,0
b͡d̥ʲ,-,-,+,-,-,-,-,-,-,-,-,+,+,-,+,+,-,-,-,-,0,-,0,0
p͡t̥ʲ,-,-,+,-,-,-,-,-,-,-,-,+,+,-,+,+,-,-,-,-,0,-,0,0
b͡dʲ,-,-,+,-,-,-,-,-,+,-,-,+,+,-,+,+,-,-,-,-,0,-,0,0
p͡tʲː,-,-,+,-,-,-,-,-,-,-,-,+,+,-,+,+,-,-,-,-,0,+,0,0
p͡tːʲ,-,-,+,-,-,-,-,-,-,-,-,+,+,-,+,+,-,-,-,-,0,+,0,0
b͡dʲː,-,-,+,-,-,-,-,-,+,-,-,+,+,-,+,+,-,-,-,-,0,+,0,0
b͡dːʲ,-,-,+,-,-,-,-,-,+,-,-,+,+,-,+,+,-,-,-,-,0,+,0,0
p͡tˠ,-,-,+,-,-,-,-,-,-,-,-,+,+,-,+,+,-,+,-,-,0,-,0,0
b͡d̥ˠ,-,-,+,-,-,-,-,-,-,-,-,+,+,-,+,+,-,+,-,-,0,-,0,0
p͡t̥ˠ,-,-,+,-,-,-,-,-,-,-,-,+,+,-,+,+,-,+,-,-,0,-,0,0
b͡dˠ,-,-,+,-,-,-,-,-,+,-,-,+,+,-,+,+,-,+,-,-,0,-,0,0
p͡tːˠ,-,-,+,-,-,-,-,-,-,-,-,+,+,-,+,+,-,+,-,-,0,+,0,0
b͡dːˠ,-,-,+,-,-,-,-,-,+,-,-,+,+,-,+,+,-,+,-,-,0,+,0,0
p͡tʲʷ,-,-,+,-,-,-,-,-,-,-,-,+,+,-,+,+,-,+,+,-,0,-,0,0
p͡t̠ʷ,-,-,+,-,-,-,-,-,-,-,-,+,+,-,+,+,-,+,+,-,0,-,0,0
p͡tʷ,-,-,+,-,-,-,-,-,-,-,-,+,+,-,+,+,-,+,+,-,0,-,0,0
b͡d̥ʷ,-,-,+,-,-,-,-,-,-,-,-,+,+,-,+,+,-,+,+,-,0,-,0,0
p͡t̥ʷ,-,-,+,-,-,-,-,-,-,-,-,+,+,-,+,+,-,+,+,-,0,-,0,0
p͡tʷˠ,-,-,+,-,-,-,-,-,-,-,-,+,+,-,+,+,-,+,+,-,0,-,0,0
b͡dʲʷ,-,-,+,-,-,-,-,-,+,-,-,+,+,-,+,+,-,+,+,-,0,-,0,0
b͡d̠ʷ,-,-,+,-,-,-,-,-,+,-,-,+,+,-,+,+,-,+,+,-,0,-,0,0
b͡dʷ,-,-,+,-,-,-,-,-,+,-,-,+,+,-,+,+,-,+,+,-,0,-,0,0
b͡dʷˠ,-,-,+,-,-,-,-,-,+,-,-,+,+,-,+,+,-,+,+,-,0,-,0,0
p͡tʷː,-,-,+,-,-,-,-,-,-,-,-,+,+,-,+,+,-,+,+,-,0,+,0,0
p͡tːʷ,-,-,+,-,-,-,-,-,-,-,-,+,+,-,+,+,-,+,+,-,0,+,0,0
b͡dʷː,-,-,+,-,-,-,-,-,+,-,-,+,+,-,+,+,-,+,+,-,0,+,0,0
b͡dːʷ,-,-,+,-,-,-,-,-,+,-,-,+,+,-,+,+,-,+,+,-,0,+,0,0
ǀ̼,-,-,+,-,-,-,-,-,-,-,-,+,+,+,+,+,-,0,-,+,0,-,0,0
c̥ˤ,-,-,+,-,-,-,-,-,-,-,-,-,-,0,-,+,+,+,-,-,0,-,0,0
ɡ̥ˤ,-,-,+,-,-,-,-,-,-,-,-,-,-,0,-,+,+,+,-,-,0,-,0,0
k̥ˤ,-,-,+,-,-,-,-,-,-,-,-,-,-,0,-,+,+,+,-,-,0,-,0,0
ɟ̥ˤ,-,-,+,-,-,-,-,-,-,-,-,-,-,0,-,+,+,+,-,-,0,-,0,0
cˤ,-,-,+,-,-,-,-,-,-,-,-,-,-,0,-,+,+,+,-,-,0,-,0,0
kˤ,-,-,+,-,-,-,-,-,-,-,-,-,-,0,-,+,+,+,-,-,0,-,0,0
ɡˤ,-,-,+,-,-,-,-,-,+,-,-,-,-,0,-,+,+,+,-,-,0,-,0,0
ɟˤ,-,-,+,-,-,-,-,-,+,-,-,-,-,0,-,+,+,+,-,-,0,-,0,0
cˤː,-,-,+,-,-,-,-,-,-,-,-,-,-,0,-,+,+,+,-,-,0,+,0,0
kˤː,-,-,+,-,-,-,-,-,-,-,-,-,-,0,-,+,+,+,-,-,0,+,0,0
cːˤ,-,-,+,-,-,-,-,-,-,-,-,-,-,0,-,+,+,+,-,-,0,+,0,0
kːˤ,-,-,+,-,-,-,-,-,-,-,-,-,-,0,-,+,+,+,-,-,0,+,0,0
ɡˤː,-,-,+,-,-,-,-,-,+,-,-,-,-,0,-,+,+,+,-,-,0,+,0,0
ɟˤː,-,-,+,-,-,-,-,-,+,-,-,-,-,0,-,+,+,+,-,-,0,+,0,0
ɡːˤ,-,-,+,-,-,-,-,-,+,-,-,-,-,0,-,+,+,+,-,-,0,+,0,0
ɟːˤ,-,-,+,-,-,-,-,-,+,-,-,-,-,0,-,+,+,+,-,-,0,+,0,0
cʷˤ,-,-,+,-,-,-,-,-,-,-,-,-,-,0,-,+,+,+,+,-,0,-,0,0
kʷˤ,-,-,+,-,-,-,-,-,-,-,-,-,-,0,-,+,+,+,+,-,0,-,0,0
qʷˤ,-,-,+,-,-,-,-,-,-,-,-,-,-,0,-,+,+,+,+,-,0,-,0,0
ɡʷˤ,-,-,+,-,-,-,-,-,+,-,-,-,-,0,-,+,+,+,+,-,0,-,0,0
ɟʷˤ,-,-,+,-,-,-,-,-,+,-,-,-,-,0,-,+,+,+,+,-,0,-,0,0
ɢʷˤ,-,-,+,-,-,-,-,-,+,-,-,-,-,0,-,+,+,+,+,-,0,-,0,0
ʈʷˤ,-,-,+,-,-,-,-,-,-,-,-,-,+,-,-,+,+,+,+,-,0,-,0,0
ɖʷˤ,-,-,+,-,-,-,-,-,+,-,-,-,+,-,-,+,+,+,+,-,0,-,0,0
ǂ̥ˤ,-,-,+,-,-,-,-,-,-,-,-,-,+,+,-,+,+,+,-,+,0,-,0,0
ǂˤ,-,-,+,-,-,-,-,-,-,-,-,-,+,+,-,+,+,+,-,+,0,-,0,0
ǂˤː,-,-,+,-,-,-,-,-,-,-,-,-,+,+,-,+,+,+,-,+,0,+,0,0
ǂːˤ,-,-,+,-,-,-,-,-,-,-,-,-,+,+,-,+,+,+,-,+,0,+,0,0
ǂʷˤ,-,-,+,-,-,-,-,-,-,-,-,-,+,+,-,+,+,+,+,+,0,-,0,0
ǃ̥ˤ,-,-,+,-,-,-,-,-,-,-,-,+,+,-,-,+,+,+,-,+,0,-,0,0
ǃˤ,-,-,+,-,-,-,-,-,-,-,-,+,+,-,-,+,+,+,-,+,0,-,0,0
ǃˤː,-,-,+,-,-,-,-,-,-,-,-,+,+,-,-,+,+,+,-,+,0,+,0,0
ǃːˤ,-,-,+,-,-,-,-,-,-,-,-,+,+,-,-,+,+,+,-,+,0,+,0,0
ǃʷˤ,-,-,+,-,-,-,-,-,-,-,-,+,+,-,-,+,+,+,+,+,0,-,0,0
tʷˤ,-,-,+,-,-,-,-,-,-,-,-,+,+,-,-,+,+,+,+,-,0,-,0,0
dʷˤ,-,-,+,-,-,-,-,-,+,-,-,+,+,-,-,+,+,+,+,-,0,-,0,0
ǀ̥ˤ,-,-,+,-,-,-,-,-,-,-,-,+,+,+,-,+,+,+,-,+,0,-,0,0
ǀˤ,-,-,+,-,-,-,-,-,-,-,-,+,+,+,-,+,+,+,-,+,0,-,0,0
ǀˤː,-,-,+,-,-,-,-,-,-,-,-,+,+,+,-,+,+,+,-,+,0,+,0,0
ǀːˤ,-,-,+,-,-,-,-,-,-,-,-,+,+,+,-,+,+,+,-,+,0,+,0,0
ǀʷˤ,-,-,+,-,-,-,-,-,-,-,-,+,+,+,-,+,+,+,+,+,0,-,0,0
k͡p̥ˤ,-,-,+,-,-,-,-,-,-,-,-,0,-,0,+,+,+,+,-,-,0,-,0,0
ɡ͡b̥ˤ,-,-,+,-,-,-,-,-,-,-,-,0,-,0,+,+,+,+,-,-,0,-,0,0
ʘˤ,-,-,+,-,-,-,-,-,-,-,-,0,-,0,+,+,+,+,-,+,0,-,0,0
k͡pˤ,-,-,+,-,-,-,-,-,-,-,-,0,-,0,+,+,+,+,-,-,0,-,0,0
ʘ̥ˤ,-,-,+,-,-,-,-,-,-,-,-,0,-,0,+,+,+,+,-,+,0,-,0,0
ɡ͡bˤ,-,-,+,-,-,-,-,-,+,-,-,0,-,0,+,+,+,+,-,-,0,-,0,0
ʘˤː,-,-,+,-,-,-,-,-,-,-,-,0,-,0,+,+,+,+,-,+,0,+,0,0
k͡pˤː,-,-,+,-,-,-,-,-,-,-,-,0,-,0,+,+,+,+,-,-,0,+,0,0
ʘːˤ,-,-,+,-,-,-,-,-,-,-,-,0,-,0,+,+,+,+,-,+,0,+,0,0
k͡pːˤ,-,-,+,-,-,-,-,-,-,-,-,0,-,0,+,+,+,+,-,-,0,+,0,0
ɡ͡bˤː,-,-,+,-,-,-,-,-,+,-,-,0,-,0,+,+,+,+,-,-,0,+,0,0
ɡ͡bːˤ,-,-,+,-,-,-,-,-,+,-,-,0,-,0,+,+,+,+,-,-,0,+,0,0
ʘʷˤ,-,-,+,-,-,-,-,-,-,-,-,0,-,0,+,+,+,+,+,+,0,-,0,0
k͡pʷˤ,-,-,+,-,-,-,-,-,-,-,-,0,-,0,+,+,+,+,+,-,0,-,0,0
ɡ͡bʷˤ,-,-,+,-,-,-,-,-,+,-,-,0,-,0,+,+,+,+,+,-,0,-,0,0
pʷˤ,-,-,+,-,-,-,-,-,-,-,-,+,-,0,+,+,+,+,+,-,0,-,0,0
bʷˤ,-,-,+,-,-,-,-,-,+,-,-,+,-,0,+,+,+,+,+,-,0,-,0,0
p͡tʷˤ,-,-,+,-,-,-,-,-,-,-,-,+,+,-,+,+,+,+,+,-,0,-,0,0
b͡dʷˤ,-,-,+,-,-,-,-,-,+,-,-,+,+,-,+,+,+,+,+,-,0,-,0,0
ʔ̠̊,-,-,+,-,-,-,-,-,-,-,+,-,-,0,-,-,-,+,-,-,0,-,0,0
ᵊʔ,-,-,+,-,-,-,-,-,-,-,+,-,-,0,-,-,-,+,-,-,0,-,0,0
ʔ̟,-,-,+,-,-,-,-,-,-,-,+,-,-,0,-,-,-,+,-,-,0,-,0,0
ʔ̚,-,-,+,-,-,-,-,-,-,-,+,-,-,0,-,-,-,+,-,-,0,-,0,0
ʔ̠,-,-,+,-,-,-,-,-,-,-,+,-,-,0,-,-,-,+,-,-,0,-,0,0
ʛ̥̚,-,-,+,-,-,-,-,-,-,-,+,-,-,0,-,-,-,+,-,-,0,-,0,0
ʔ̥̚,-,-,+,-,-,-,-,-,-,-,+,-,-,0,-,-,-,+,-,-,0,-,0,0
ʛ̠̊,-,-,+,-,-,-,-,-,-,-,+,-,-,0,-,-,-,+,-,-,0,-,0,0
qʼ,-,-,+,-,-,-,-,-,-,-,+,-,-,0,-,-,-,+,-,-,0,-,0,0
ʔʼ,-,-,+,-,-,-,-,-,-,-,+,-,-,0,-,-,-,+,-,-,0,-,0,0
ʛ̥,-,-,+,-,-,-,-,-,-,-,+,-,-,0,-,-,-,+,-,-,0,-,0,0
ʔ̥,-,-,+,-,-,-,-,-,-,-,+,-,-,0,-,-,-,+,-,-,0,-,0,0
ʔ,-,-,+,-,-,-,-,-,-,-,+,-,-,0,-,-,-,+,-,-,0,-,0,0
ʛ̊,-,-,+,-,-,-,-,-,-,-,+,-,-,0,-,-,-,+,-,-,0,-,0,0
ʔ̊,-,-,+,-,-,-,-,-,-,-,+,-,-,0,-,-,-,+,-,-,0,-,0,0
ᵊʛ,-,-,+,-,-,-,-,-,+,-,+,-,-,0,-,-,-,+,-,-,0,-,0,0
ʛ̚,-,-,+,-,-,-,-,-,+,-,+,-,-,0,-,-,-,+,-,-,0,-,0,0
ʛ̠,-,-,+,-,-,-,-,-,+,-,+,-,-,0,-,-,-,+,-,-,0,-,0,0
ɢ̰,-,-,+,-,-,-,-,-,+,-,+,-,-,0,-,-,-,+,-,-,0,-,0,0
ʛ̰,-,-,+,-,-,-,-,-,+,-,+,-,-,0,-,-,-,+,-,-,0,-,0,0
ʛ,-,-,+,-,-,-,-,-,+,-,+,-,-,0,-,-,-,+,-,-,0,-,0,0
ʔ̬,-,-,+,-,-,-,-,-,+,-,+,-,-,0,-,-,-,+,-,-,0,-,0,0
ʛ̟,-,-,+,-,-,-,-,-,+,-,+,-,-,0,-,-,-,+,-,-,0,-,0,0
ʛ̥ː,-,-,+,-,-,-,-,-,-,-,+,-,-,0,-,-,-,+,-,-,0,+,0,0
ʔ̥ː,-,-,+,-,-,-,-,-,-,-,+,-,-,0,-,-,-,+,-,-,0,+,0,0
ʔ̟ː,-,-,+,-,-,-,-,-,-,-,+,-,-,0,-,-,-,+,-,-,0,+,0,0
ʔː,-,-,+,-,-,-,-,-,-,-,+,-,-,0,-,-,-,+,-,-,0,+,0,0
ʔˑ,-,-,+,-,-,-,-,-,-,-,+,-,-,0,-,-,-,+,-,-,0,+,0,0
qʼː,-,-,+,-,-,-,-,-,-,-,+,-,-,0,-,-,-,+,-,-,0,+,0,0
ʔʼː,-,-,+,-,-,-,-,-,-,-,+,-,-,0,-,-,-,+,-,-,0,+,0,0
ʛː,-,-,+,-,-,-,-,-,+,-,+,-,-,0,-,-,-,+,-,-,0,+,0,0
ɢ̰ː,-,-,+,-,-,-,-,-,+,-,+,-,-,0,-,-,-,+,-,-,0,+,0,0
ʛ̰ː,-,-,+,-,-,-,-,-,+,-,+,-,-,0,-,-,-,+,-,-,0,+,0,0
ʛ̟ː,-,-,+,-,-,-,-,-,+,-,+,-,-,0,-,-,-,+,-,-,0,+,0,0
ʛˑ,-,-,+,-,-,-,-,-,+,-,+,-,-,0,-,-,-,+,-,-,0,+,0,0
ʈʼ,-,-,+,-,-,-,-,-,-,-,+,-,+,-,-,-,-,-,-,-,0,-,0,0
ɖ̰,-,-,+,-,-,-,-,-,+,-,+,-,+,-,-,-,-,-,-,-,0,-,0,0
ʈʼː,-,-,+,-,-,-,-,-,-,-,+,-,+,-,-,-,-,-,-,-,0,+,0,0
ɖ̰ː,-,-,+,-,-,-,-,-,+,-,+,-,+,-,-,-,-,-,-,-,0,+,0,0
ɗ̥̚,-,-,+,-,-,-,-,-,-,-,+,+,+,-,-,-,-,-,-,-,0,-,0,0
ɗ̠̊,-,-,+,-,-,-,-,-,-,-,+,+,+,-,-,-,-,-,-,-,0,-,0,0
tʼ,-,-,+,-,-,-,-,-,-,-,+,+,+,-,-,-,-,-,-,-,0,-,0,0
ɗ̥,-,-,+,-,-,-,-,-,-,-,+,+,+,-,-,-,-,-,-,-,0,-,0,0
ɗ̊,-,-,+,-,-,-,-,-,-,-,+,+,+,-,-,-,-,-,-,-,0,-,0,0
ᵊɗ,-,-,+,-,-,-,-,-,+,-,+,+,+,-,-,-,-,-,-,-,0,-,0,0
ɗ̚,-,-,+,-,-,-,-,-,+,-,+,+,+,-,-,-,-,-,-,-,0,-,0,0
ɗ̠,-,-,+,-,-,-,-,-,+,-,+,+,+,-,-,-,-,-,-,-,0,-,0,0
ɗ,-,-,+,-,-,-,-,-,+,-,+,+,+,-,-,-,-,-,-,-,0,-,0,0
d̰,-,-,+,-,-,-,-,-,+,-,+,+,+,-,-,-,-,-,-,-,0,-,0,0
ɗ̰,-,-,+,-,-,-,-,-,+,-,+,+,+,-,-,-,-,-,-,-,0,-,0,0
ɗ̺,-,-,+,-,-,-,-,-,+,-,+,+,+,-,-,-,-,-,-,-,0,-,0,0
ɗ̟,-,-,+,-,-,-,-,-,+,-,+,+,+,-,-,-,-,-,-,-,0,-,0,0
ɗ̥ː,-,-,+,-,-,-,-,-,-,-,+,+,+,-,-,-,-,-,-,-,0,+,0,0
tʼː,-,-,+,-,-,-,-,-,-,-,+,+,+,-,-,-,-,-,-,-,0,+,0,0
ɗː,-,-,+,-,-,-,-,-,+,-,+,+,+,-,-,-,-,-,-,-,0,+,0,0
d̰ː,-,-,+,-,-,-,-,-,+,-,+,+,+,-,-,-,-,-,-,-,0,+,0,0
ɗ̰ː,-,-,+,-,-,-,-,-,+,-,+,+,+,-,-,-,-,-,-,-,0,+,0,0
ɗ̟ː,-,-,+,-,-,-,-,-,+,-,+,+,+,-,-,-,-,-,-,-,0,+,0,0
ɗˑ,-,-,+,-,-,-,-,-,+,-,+,+,+,-,-,-,-,-,-,-,0,+,0,0
ɗ̪̊,-,-,+,-,-,-,-,-,-,-,+,+,+,+,-,-,-,-,-,-,0,-,0,0
ɗ̪,-,-,+,-,-,-,-,-,+,-,+,+,+,+,-,-,-,-,-,-,0,-,0,0
ɗ̻,-,-,+,-,-,-,-,-,+,-,+,+,+,+,-,-,-,-,-,-,0,-,0,0
ɓ̥̚,-,-,+,-,-,-,-,-,-,-,+,+,-,0,+,-,-,-,-,-,0,-,0,0
ɓ̠̊,-,-,+,-,-,-,-,-,-,-,+,+,-,0,+,-,-,-,-,-,0,-,0,0
pʼ,-,-,+,-,-,-,-,-,-,-,+,+,-,0,+,-,-,-,-,-,0,-,0,0
ɓ̥,-,-,+,-,-,-,-,-,-,-,+,+,-,0,+,-,-,-,-,-,0,-,0,0
ɓ̊,-,-,+,-,-,-,-,-,-,-,+,+,-,0,+,-,-,-,-,-,0,-,0,0
ᵊɓ,-,-,+,-,-,-,-,-,+,-,+,+,-,0,+,-,-,-,-,-,0,-,0,0
ɓ̚,-,-,+,-,-,-,-,-,+,-,+,+,-,0,+,-,-,-,-,-,0,-,0,0
ɓ̠,-,-,+,-,-,-,-,-,+,-,+,+,-,0,+,-,-,-,-,-,0,-,0,0
ɓ,-,-,+,-,-,-,-,-,+,-,+,+,-,0,+,-,-,-,-,-,0,-,0,0
b̰,-,-,+,-,-,-,-,-,+,-,+,+,-,0,+,-,-,-,-,-,0,-,0,0
ɓ̰,-,-,+,-,-,-,-,-,+,-,+,+,-,0,+,-,-,-,-,-,0,-,0,0
ɓ̟,-,-,+,-,-,-,-,-,+,-,+,+,-,0,+,-,-,-,-,-,0,-,0,0
ɓ̥ː,-,-,+,-,-,-,-,-,-,-,+,+,-,0,+,-,-,-,-,-,0,+,0,0
pʼː,-,-,+,-,-,-,-,-,-,-,+,+,-,0,+,-,-,-,-,-,0,+,0,0
ɓː,-,-,+,-,-,-,-,-,+,-,+,+,-,0,+,-,-,-,-,-,0,+,0,0
b̰ː,-,-,+,-,-,-,-,-,+,-,+,+,-,0,+,-,-,-,-,-,0,+,0,0
ɓ̰ː,-,-,+,-,-,-,-,-,+,-,+,+,-,0,+,-,-,-,-,-,0,+,0,0
ɓ̟ː,-,-,+,-,-,-,-,-,+,-,+,+,-,0,+,-,-,-,-,-,0,+,0,0
ɓˑ,-,-,+,-,-,-,-,-,+,-,+,+,-,0,+,-,-,-,-,-,0,+,0,0
p͡tʼ,-,-,+,-,-,-,-,-,-,-,+,+,+,-,+,-,-,-,-,-,0,-,0,0
b͡d̰,-,-,+,-,-,-,-,-,+,-,+,+,+,-,+,-,-,-,-,-,0,-,0,0
ɗ̼,-,-,+,-,-,-,-,-,+,-,+,+,+,-,+,-,-,-,-,-,0,-,0,0
p͡tʼː,-,-,+,-,-,-,-,-,-,-,+,+,+,-,+,-,-,-,-,-,0,+,0,0
b͡d̰ː,-,-,+,-,-,-,-,-,+,-,+,+,+,-,+,-,-,-,-,-,0,+,0,0
ʛ̥ˤ,-,-,+,-,-,-,-,-,-,-,+,-,-,0,-,-,+,+,-,-,0,-,0,0
ʔ̥ˤ,-,-,+,-,-,-,-,-,-,-,+,-,-,0,-,-,+,+,-,-,0,-,0,0
qˤʼ,-,-,+,-,-,-,-,-,-,-,+,-,-,0,-,-,+,+,-,-,0,-,0,0
ɢ̰ˤ,-,-,+,-,-,-,-,-,+,-,+,-,-,0,-,-,+,+,-,-,0,-,0,0
ʛ̰ˤ,-,-,+,-,-,-,-,-,+,-,+,-,-,0,-,-,+,+,-,-,0,-,0,0
ʛˤ,-,-,+,-,-,-,-,-,+,-,+,-,-,0,-,-,+,+,-,-,0,-,0,0
ʔːˤ,-,-,+,-,-,-,-,-,-,-,+,-,-,0,-,-,+,+,-,-,0,+,0,0
ʛˤː,-,-,+,-,-,-,-,-,+,-,+,-,-,0,-,-,+,+,-,-,0,+,0,0
ʛːˤ,-,-,+,-,-,-,-,-,+,-,+,-,-,0,-,-,+,+,-,-,0,+,0,0
ʈˤʼ,-,-,+,-,-,-,-,-,-,-,+,-,+,-,-,-,+,+,-,-,0,-,0,0
ɖ̰ˤ,-,-,+,-,-,-,-,-,+,-,+,-,+,-,-,-,+,+,-,-,0,-,0,0
ɗ̥ˤ,-,-,+,-,-,-,-,-,-,-,+,+,+,-,-,-,+,+,-,-,0,-,0,0
tˤʼ,-,-,+,-,-,-,-,-,-,-,+,+,+,-,-,-,+,+,-,-,0,-,0,0
d̰ˤ,-,-,+,-,-,-,-,-,+,-,+,+,+,-,-,-,+,+,-,-,0,-,0,0
ɗ̰ˤ,-,-,+,-,-,-,-,-,+,-,+,+,+,-,-,-,+,+,-,-,0,-,0,0
ɗˤ,-,-,+,-,-,-,-,-,+,-,+,+,+,-,-,-,+,+,-,-,0,-,0,0
ɗˤː,-,-,+,-,-,-,-,-,+,-,+,+,+,-,-,-,+,+,-,-,0,+,0,0
ɗːˤ,-,-,+,-,-,-,-,-,+,-,+,+,+,-,-,-,+,+,-,-,0,+,0,0
ɓ̥ˤ,-,-,+,-,-,-,-,-,-,-,+,+,-,0,+,-,+,+,-,-,0,-,0,0
pˤʼ,-,-,+,-,-,-,-,-,-,-,+,+,-,0,+,-,+,+,-,-,0,-,0,0
b̰ˤ,-,-,+,-,-,-,-,-,+,-,+,+,-,0,+,-,+,+,-,-,0,-,0,0
ɓ̰ˤ,-,-,+,-,-,-,-,-,+,-,+,+,-,0,+,-,+,+,-,-,0,-,0,0
ɓˤ,-,-,+,-,-,-,-,-,+,-,+,+,-,0,+,-,+,+,-,-,0,-,0,0
ɓˤː,-,-,+,-,-,-,-,-,+,-,+,+,-,0,+,-,+,+,-,-,0,+,0,0
ɓːˤ,-,-,+,-,-,-,-,-,+,-,+,+,-,0,+,-,+,+,-,-,0,+,0,0
p͡tˤʼ,-,-,+,-,-,-,-,-,-,-,+,+,+,-,+,-,+,+,-,-,0,-,0,0
b͡d̰ˤ,-,-,+,-,-,-,-,-,+,-,+,+,+,-,+,-,+,+,-,-,0,-,0,0
qʲʼ,-,-,+,-,-,-,-,-,-,-,+,-,-,0,-,+,-,-,-,-,0,-,0,0
cʲʼ,-,-,+,-,-,-,-,-,-,-,+,-,-,0,-,+,-,-,-,-,0,-,0,0
kʲʼ,-,-,+,-,-,-,-,-,-,-,+,-,-,0,-,+,-,-,-,-,0,-,0,0
ʔʲʼ,-,-,+,-,-,-,-,-,-,-,+,-,-,0,-,+,-,-,-,-,0,-,0,0
ʄ̥̚,-,-,+,-,-,-,-,-,-,-,+,-,-,0,-,+,-,-,-,-,0,-,0,0
ʄ̠̊,-,-,+,-,-,-,-,-,-,-,+,-,-,0,-,+,-,-,-,-,0,-,0,0
ʔʲ,-,-,+,-,-,-,-,-,-,-,+,-,-,0,-,+,-,-,-,-,0,-,0,0
cʼ,-,-,+,-,-,-,-,-,-,-,+,-,-,0,-,+,-,-,-,-,0,-,0,0
ʄ̥,-,-,+,-,-,-,-,-,-,-,+,-,-,0,-,+,-,-,-,-,0,-,0,0
cʼʲ,-,-,+,-,-,-,-,-,-,-,+,-,-,0,-,+,-,-,-,-,0,-,0,0
kʼʲ,-,-,+,-,-,-,-,-,-,-,+,-,-,0,-,+,-,-,-,-,0,-,0,0
qʼʲ,-,-,+,-,-,-,-,-,-,-,+,-,-,0,-,+,-,-,-,-,0,-,0,0
ʔʼʲ,-,-,+,-,-,-,-,-,-,-,+,-,-,0,-,+,-,-,-,-,0,-,0,0
ʄ̊,-,-,+,-,-,-,-,-,-,-,+,-,-,0,-,+,-,-,-,-,0,-,0,0
ɠ̥ʲ,-,-,+,-,-,-,-,-,-,-,+,-,-,0,-,+,-,-,-,-,0,-,0,0
ʄ̥ʲ,-,-,+,-,-,-,-,-,-,-,+,-,-,0,-,+,-,-,-,-,0,-,0,0
ʛ̥ʲ,-,-,+,-,-,-,-,-,-,-,+,-,-,0,-,+,-,-,-,-,0,-,0,0
ʔ̥ʲ,-,-,+,-,-,-,-,-,-,-,+,-,-,0,-,+,-,-,-,-,0,-,0,0
ᵊʄ,-,-,+,-,-,-,-,-,+,-,+,-,-,0,-,+,-,-,-,-,0,-,0,0
ʄ̚,-,-,+,-,-,-,-,-,+,-,+,-,-,0,-,+,-,-,-,-,0,-,0,0
ʄ̠,-,-,+,-,-,-,-,-,+,-,+,-,-,0,-,+,-,-,-,-,0,-,0,0
ɟ̰,-,-,+,-,-,-,-,-,+,-,+,-,-,0,-,+,-,-,-,-,0,-,0,0
ʄ̰,-,-,+,-,-,-,-,-,+,-,+,-,-,0,-,+,-,-,-,-,0,-,0,0
ʄ,-,-,+,-,-,-,-,-,+,-,+,-,-,0,-,+,-,-,-,-,0,-,0,0
ɠʲ,-,-,+,-,-,-,-,-,+,-,+,-,-,0,-,+,-,-,-,-,0,-,0,0
ʄʲ,-,-,+,-,-,-,-,-,+,-,+,-,-,0,-,+,-,-,-,-,0,-,0,0
ʛʲ,-,-,+,-,-,-,-,-,+,-,+,-,-,0,-,+,-,-,-,-,0,-,0,0
ʄ̟,-,-,+,-,-,-,-,-,+,-,+,-,-,0,-,+,-,-,-,-,0,-,0,0
ɡ̰ʲ,-,-,+,-,-,-,-,-,+,-,+,-,-,0,-,+,-,-,-,-,0,-,0,0
ɟ̰ʲ,-,-,+,-,-,-,-,-,+,-,+,-,-,0,-,+,-,-,-,-,0,-,0,0
ɠ̰ʲ,-,-,+,-,-,-,-,-,+,-,+,-,-,0,-,+,-,-,-,-,0,-,0,0
ɢ̰ʲ,-,-,+,-,-,-,-,-,+,-,+,-,-,0,-,+,-,-,-,-,0,-,0,0
ʄ̰ʲ,-,-,+,-,-,-,-,-,+,-,+,-,-,0,-,+,-,-,-,-,0,-,0,0
ʛ̰ʲ,-,-,+,-,-,-,-,-,+,-,+,-,-,0,-,+,-,-,-,-,0,-,0,0
ʄ̥ː,-,-,+,-,-,-,-,-,-,-,+,-,-,0,-,+,-,-,-,-,0,+,0,0
ʔʲː,-,-,+,-,-,-,-,-,-,-,+,-,-,0,-,+,-,-,-,-,0,+,0,0
ʔːʲ,-,-,+,-,-,-,-,-,-,-,+,-,-,0,-,+,-,-,-,-,0,+,0,0
cʼː,-,-,+,-,-,-,-,-,-,-,+,-,-,0,-,+,-,-,-,-,0,+,0,0
ʄː,-,-,+,-,-,-,-,-,+,-,+,-,-,0,-,+,-,-,-,-,0,+,0,0
ɟ̰ː,-,-,+,-,-,-,-,-,+,-,+,-,-,0,-,+,-,-,-,-,0,+,0,0
ʄ̰ː,-,-,+,-,-,-,-,-,+,-,+,-,-,0,-,+,-,-,-,-,0,+,0,0
ɠʲː,-,-,+,-,-,-,-,-,+,-,+,-,-,0,-,+,-,-,-,-,0,+,0,0
ʄʲː,-,-,+,-,-,-,-,-,+,-,+,-,-,0,-,+,-,-,-,-,0,+,0,0
ʛʲː,-,-,+,-,-,-,-,-,+,-,+,-,-,0,-,+,-,-,-,-,0,+,0,0
ʄ̟ː,-,-,+,-,-,-,-,-,+,-,+,-,-,0,-,+,-,-,-,-,0,+,0,0
ʄˑ,-,-,+,-,-,-,-,-,+,-,+,-,-,0,-,+,-,-,-,-,0,+,0,0
ɠːʲ,-,-,+,-,-,-,-,-,+,-,+,-,-,0,-,+,-,-,-,-,0,+,0,0
ʄːʲ,-,-,+,-,-,-,-,-,+,-,+,-,-,0,-,+,-,-,-,-,0,+,0,0
ʛːʲ,-,-,+,-,-,-,-,-,+,-,+,-,-,0,-,+,-,-,-,-,0,+,0,0
ʔᶣ,-,-,+,-,-,-,-,-,-,-,+,-,-,0,-,+,-,-,+,-,0,-,0,0
ɠᶣ,-,-,+,-,-,-,-,-,+,-,+,-,-,0,-,+,-,-,+,-,0,-,0,0
ʄᶣ,-,-,+,-,-,-,-,-,+,-,+,-,-,0,-,+,-,-,+,-,0,-,0,0
ʛᶣ,-,-,+,-,-,-,-,-,+,-,+,-,-,0,-,+,-,-,+,-,0,-,0,0
ɠ̥̚,-,-,+,-,-,-,-,-,-,-,+,-,-,0,-,+,-,+,-,-,0,-,0,0
ɠ̠̊,-,-,+,-,-,-,-,-,-,-,+,-,-,0,-,+,-,+,-,-,0,-,0,0
ʔˠ,-,-,+,-,-,-,-,-,-,-,+,-,-,0,-,+,-,+,-,-,0,-,0,0
kʼ,-,-,+,-,-,-,-,-,-,-,+,-,-,0,-,+,-,+,-,-,0,-,0,0
ɠ̥,-,-,+,-,-,-,-,-,-,-,+,-,-,0,-,+,-,+,-,-,0,-,0,0
ɠ̊,-,-,+,-,-,-,-,-,-,-,+,-,-,0,-,+,-,+,-,-,0,-,0,0
ɠ̥ˠ,-,-,+,-,-,-,-,-,-,-,+,-,-,0,-,+,-,+,-,-,0,-,0,0
ʄ̥ˠ,-,-,+,-,-,-,-,-,-,-,+,-,-,0,-,+,-,+,-,-,0,-,0,0
ʛ̥ˠ,-,-,+,-,-,-,-,-,-,-,+,-,-,0,-,+,-,+,-,-,0,-,0,0
ʔ̥ˠ,-,-,+,-,-,-,-,-,-,-,+,-,-,0,-,+,-,+,-,-,0,-,0,0
ɡ̰ˠ,-,-,+,-,-,-,-,-,+,-,+,-,-,0,-,+,-,+,-,-,0,-,0,0
ɟ̰ˠ,-,-,+,-,-,-,-,-,+,-,+,-,-,0,-,+,-,+,-,-,0,-,0,0
ɠ̰ˠ,-,-,+,-,-,-,-,-,+,-,+,-,-,0,-,+,-,+,-,-,0,-,0,0
ɢ̰ˠ,-,-,+,-,-,-,-,-,+,-,+,-,-,0,-,+,-,+,-,-,0,-,0,0
ʄ̰ˠ,-,-,+,-,-,-,-,-,+,-,+,-,-,0,-,+,-,+,-,-,0,-,0,0
ʛ̰ˠ,-,-,+,-,-,-,-,-,+,-,+,-,-,0,-,+,-,+,-,-,0,-,0,0
ɠ,-,-,+,-,-,-,-,-,+,-,+,-,-,0,-,+,-,+,-,-,0,-,0,0
ᵊɠ,-,-,+,-,-,-,-,-,+,-,+,-,-,0,-,+,-,+,-,-,0,-,0,0
ɠ̚,-,-,+,-,-,-,-,-,+,-,+,-,-,0,-,+,-,+,-,-,0,-,0,0
ɠ̠,-,-,+,-,-,-,-,-,+,-,+,-,-,0,-,+,-,+,-,-,0,-,0,0
ɡ̰,-,-,+,-,-,-,-,-,+,-,+,-,-,0,-,+,-,+,-,-,0,-,0,0
ɠ̰,-,-,+,-,-,-,-,-,+,-,+,-,-,0,-,+,-,+,-,-,0,-,0,0
ɠˠ,-,-,+,-,-,-,-,-,+,-,+,-,-,0,-,+,-,+,-,-,0,-,0,0
ʄˠ,-,-,+,-,-,-,-,-,+,-,+,-,-,0,-,+,-,+,-,-,0,-,0,0
ʛˠ,-,-,+,-,-,-,-,-,+,-,+,-,-,0,-,+,-,+,-,-,0,-,0,0
ɠ̟,-,-,+,-,-,-,-,-,+,-,+,-,-,0,-,+,-,+,-,-,0,-,0,0
ɠ̥ː,-,-,+,-,-,-,-,-,-,-,+,-,-,0,-,+,-,+,-,-,0,+,0,0
ʔːˠ,-,-,+,-,-,-,-,-,-,-,+,-,-,0,-,+,-,+,-,-,0,+,0,0
kʼː,-,-,+,-,-,-,-,-,-,-,+,-,-,0,-,+,-,+,-,-,0,+,0,0
ɠː,-,-,+,-,-,-,-,-,+,-,+,-,-,0,-,+,-,+,-,-,0,+,0,0
ɡ̰ː,-,-,+,-,-,-,-,-,+,-,+,-,-,0,-,+,-,+,-,-,0,+,0,0
ɠ̰ː,-,-,+,-,-,-,-,-,+,-,+,-,-,0,-,+,-,+,-,-,0,+,0,0
ɠ̟ː,-,-,+,-,-,-,-,-,+,-,+,-,-,0,-,+,-,+,-,-,0,+,0,0
ɠˑ,-,-,+,-,-,-,-,-,+,-,+,-,-,0,-,+,-,+,-,-,0,+,0,0
ɠːˠ,-,-,+,-,-,-,-,-,+,-,+,-,-,0,-,+,-,+,-,-,0,+,0,0
ʄːˠ,-,-,+,-,-,-,-,-,+,-,+,-,-,0,-,+,-,+,-,-,0,+,0,0
ʛːˠ,-,-,+,-,-,-,-,-,+,-,+,-,-,0,-,+,-,+,-,-,0,+,0,0
ʔʲʷ,-,-,+,-,-,-,-,-,-,-,+,-,-,0,-,+,-,+,+,-,0,-,0,0
ʔ̠ʷ,-,-,+,-,-,-,-,-,-,-,+,-,-,0,-,+,-,+,+,-,0,-,0,0
ʔʷ,-,-,+,-,-,-,-,-,-,-,+,-,-,0,-,+,-,+,+,-,0,-,0,0
cʼʷ,-,-,+,-,-,-,-,-,-,-,+,-,-,0,-,+,-,+,+,-,0,-,0,0
kʼʷ,-,-,+,-,-,-,-,-,-,-,+,-,-,0,-,+,-,+,+,-,0,-,0,0
qʼʷ,-,-,+,-,-,-,-,-,-,-,+,-,-,0,-,+,-,+,+,-,0,-,0,0
qʷʼ,-,-,+,-,-,-,-,-,-,-,+,-,-,0,-,+,-,+,+,-,0,-,0,0
cʷʼ,-,-,+,-,-,-,-,-,-,-,+,-,-,0,-,+,-,+,+,-,0,-,0,0
kʷʼ,-,-,+,-,-,-,-,-,-,-,+,-,-,0,-,+,-,+,+,-,0,-,0,0
ʔʷʼ,-,-,+,-,-,-,-,-,-,-,+,-,-,0,-,+,-,+,+,-,0,-,0,0
ʔʼʷ,-,-,+,-,-,-,-,-,-,-,+,-,-,0,-,+,-,+,+,-,0,-,0,0
ɠ̥ʷ,-,-,+,-,-,-,-,-,-,-,+,-,-,0,-,+,-,+,+,-,0,-,0,0
ʄ̥ʷ,-,-,+,-,-,-,-,-,-,-,+,-,-,0,-,+,-,+,+,-,0,-,0,0
ʛ̥ʷ,-,-,+,-,-,-,-,-,-,-,+,-,-,0,-,+,-,+,+,-,0,-,0,0
ʔʷˠ,-,-,+,-,-,-,-,-,-,-,+,-,-,0,-,+,-,+,+,-,0,-,0,0
ʔ̥ʷ,-,-,+,-,-,-,-,-,-,-,+,-,-,0,-,+,-,+,+,-,0,-,0,0
ɠʲʷ,-,-,+,-,-,-,-,-,+,-,+,-,-,0,-,+,-,+,+,-,0,-,0,0
ʄʲʷ,-,-,+,-,-,-,-,-,+,-,+,-,-,0,-,+,-,+,+,-,0,-,0,0
ʛʲʷ,-,-,+,-,-,-,-,-,+,-,+,-,-,0,-,+,-,+,+,-,0,-,0,0
ɠ̠ʷ,-,-,+,-,-,-,-,-,+,-,+,-,-,0,-,+,-,+,+,-,0,-,0,0
ʄ̠ʷ,-,-,+,-,-,-,-,-,+,-,+,-,-,0,-,+,-,+,+,-,0,-,0,0
ʛ̠ʷ,-,-,+,-,-,-,-,-,+,-,+,-,-,0,-,+,-,+,+,-,0,-,0,0
ɠʷ,-,-,+,-,-,-,-,-,+,-,+,-,-,0,-,+,-,+,+,-,0,-,0,0
ʄʷ,-,-,+,-,-,-,-,-,+,-,+,-,-,0,-,+,-,+,+,-,0,-,0,0
ʛʷ,-,-,+,-,-,-,-,-,+,-,+,-,-,0,-,+,-,+,+,-,0,-,0,0
ɠʷˠ,-,-,+,-,-,-,-,-,+,-,+,-,-,0,-,+,-,+,+,-,0,-,0,0
ʄʷˠ,-,-,+,-,-,-,-,-,+,-,+,-,-,0,-,+,-,+,+,-,0,-,0,0
ʛʷˠ,-,-,+,-,-,-,-,-,+,-,+,-,-,0,-,+,-,+,+,-,0,-,0,0
ɡ̰ʷ,-,-,+,-,-,-,-,-,+,-,+,-,-,0,-,+,-,+,+,-,0,-,0,0
ɟ̰ʷ,-,-,+,-,-,-,-,-,+,-,+,-,-,0,-,+,-,+,+,-,0,-,0,0
ɠ̰ʷ,-,-,+,-,-,-,-,-,+,-,+,-,-,0,-,+,-,+,+,-,0,-,0,0
ɢ̰ʷ,-,-,+,-,-,-,-,-,+,-,+,-,-,0,-,+,-,+,+,-,0,-,0,0
ʄ̰ʷ,-,-,+,-,-,-,-,-,+,-,+,-,-,0,-,+,-,+,+,-,0,-,0,0
ʛ̰ʷ,-,-,+,-,-,-,-,-,+,-,+,-,-,0,-,+,-,+,+,-,0,-,0,0
ʔʷː,-,-,+,-,-,-,-,-,-,-,+,-,-,0,-,+,-,+,+,-,0,+,0,0
ʔːʷ,-,-,+,-,-,-,-,-,-,-,+,-,-,0,-,+,-,+,+,-,0,+,0,0
ɠʷː,-,-,+,-,-,-,-,-,+,-,+,-,-,0,-,+,-,+,+,-,0,+,0,0
ʄʷː,-,-,+,-,-,-,-,-,+,-,+,-,-,0,-,+,-,+,+,-,0,+,0,0
ʛʷː,-,-,+,-,-,-,-,-,+,-,+,-,-,0,-,+,-,+,+,-,0,+,0,0
ɠːʷ,-,-,+,-,-,-,-,-,+,-,+,-,-,0,-,+,-,+,+,-,0,+,0,0
ʄːʷ,-,-,+,-,-,-,-,-,+,-,+,-,-,0,-,+,-,+,+,-,0,+,0,0
ʛːʷ,-,-,+,-,-,-,-,-,+,-,+,-,-,0,-,+,-,+,+,-,0,+,0,0
ʈʲʼ,-,-,+,-,-,-,-,-,-,-,+,-,+,-,-,+,-,-,-,-,0,-,0,0
ʈʼʲ,-,-,+,-,-,-,-,-,-,-,+,-,+,-,-,+,-,-,-,-,0,-,0,0
ɖ̰ʲ,-,-,+,-,-,-,-,-,+,-,+,-,+,-,-,+,-,-,-,-,0,-,0,0
ɖ̰ˠ,-,-,+,-,-,-,-,-,+,-,+,-,+,-,-,+,-,+,-,-,0,-,0,0
ʈʼʷ,-,-,+,-,-,-,-,-,-,-,+,-,+,-,-,+,-,+,+,-,0,-,0,0
ʈʷʼ,-,-,+,-,-,-,-,-,-,-,+,-,+,-,-,+,-,+,+,-,0,-,0,0
ɖ̰ʷ,-,-,+,-,-,-,-,-,+,-,+,-,+,-,-,+,-,+,+,-,0,-,0,0
ǂʼ,-,-,+,-,-,-,-,-,-,-,+,-,+,+,-,+,-,0,-,+,0,-,0,0
ǂʼː,-,-,+,-,-,-,-,-,-,-,+,-,+,+,-,+,-,0,-,+,0,+,0,0
ǂʲʼ,-,-,+,-,-,-,-,-,-,-,+,-,+,+,-,+,-,-,-,+,0,-,0,0
ǂʼʲ,-,-,+,-,-,-,-,-,-,-,+,-,+,+,-,+,-,-,-,+,0,-,0,0
ǂʼʷ,-,-,+,-,-,-,-,-,-,-,+,-,+,+,-,+,-,+,+,+,0,-,0,0
ǂʷʼ,-,-,+,-,-,-,-,-,-,-,+,-,+,+,-,+,-,+,+,+,0,-,0,0
ǃʼ,-,-,+,-,-,-,-,-,-,-,+,+,+,-,-,+,-,0,-,+,0,-,0,0
ǃʼː,-,-,+,-,-,-,-,-,-,-,+,+,+,-,-,+,-,0,-,+,0,+,0,0
ǃʲʼ,-,-,+,-,-,-,-,-,-,-,+,+,+,-,-,+,-,-,-,+,0,-,0,0
tʲʼ,-,-,+,-,-,-,-,-,-,-,+,+,+,-,-,+,-,-,-,-,0,-,0,0
ǃʼʲ,-,-,+,-,-,-,-,-,-,-,+,+,+,-,-,+,-,-,-,+,0,-,0,0
tʼʲ,-,-,+,-,-,-,-,-,-,-,+,+,+,-,-,+,-,-,-,-,0,-,0,0
ɗ̥ʲ,-,-,+,-,-,-,-,-,-,-,+,+,+,-,-,+,-,-,-,-,0,-,0,0
ɗʲ,-,-,+,-,-,-,-,-,+,-,+,+,+,-,-,+,-,-,-,-,0,-,0,0
d̰ʲ,-,-,+,-,-,-,-,-,+,-,+,+,+,-,-,+,-,-,-,-,0,-,0,0
ɗ̰ʲ,-,-,+,-,-,-,-,-,+,-,+,+,+,-,-,+,-,-,-,-,0,-,0,0
ɗʲː,-,-,+,-,-,-,-,-,+,-,+,+,+,-,-,+,-,-,-,-,0,+,0,0
ɗːʲ,-,-,+,-,-,-,-,-,+,-,+,+,+,-,-,+,-,-,-,-,0,+,0,0
ɗᶣ,-,-,+,-,-,-,-,-,+,-,+,+,+,-,-,+,-,-,+,-,0,-,0,0
ɗ̥ˠ,-,-,+,-,-,-,-,-,-,-,+,+,+,-,-,+,-,+,-,-,0,-,0,0
d̰ˠ,-,-,+,-,-,-,-,-,+,-,+,+,+,-,-,+,-,+,-,-,0,-,0,0
ɗ̰ˠ,-,-,+,-,-,-,-,-,+,-,+,+,+,-,-,+,-,+,-,-,0,-,0,0
ɗˠ,-,-,+,-,-,-,-,-,+,-,+,+,+,-,-,+,-,+,-,-,0,-,0,0
ɗːˠ,-,-,+,-,-,-,-,-,+,-,+,+,+,-,-,+,-,+,-,-,0,+,0,0
ǃʼʷ,-,-,+,-,-,-,-,-,-,-,+,+,+,-,-,+,-,+,+,+,0,-,0,0
tʼʷ,-,-,+,-,-,-,-,-,-,-,+,+,+,-,-,+,-,+,+,-,0,-,0,0
ǃʷʼ,-,-,+,-,-,-,-,-,-,-,+,+,+,-,-,+,-,+,+,+,0,-,0,0
tʷʼ,-,-,+,-,-,-,-,-,-,-,+,+,+,-,-,+,-,+,+,-,0,-,0,0
ɗ̥ʷ,-,-,+,-,-,-,-,-,-,-,+,+,+,-,-,+,-,+,+,-,0,-,0,0
ɗʲʷ,-,-,+,-,-,-,-,-,+,-,+,+,+,-,-,+,-,+,+,-,0,-,0,0
ɗ̠ʷ,-,-,+,-,-,-,-,-,+,-,+,+,+,-,-,+,-,+,+,-,0,-,0,0
ɗʷ,-,-,+,-,-,-,-,-,+,-,+,+,+,-,-,+,-,+,+,-,0,-,0,0
ɗʷˠ,-,-,+,-,-,-,-,-,+,-,+,+,+,-,-,+,-,+,+,-,0,-,0,0
d̰ʷ,-,-,+,-,-,-,-,-,+,-,+,+,+,-,-,+,-,+,+,-,0,-,0,0
ɗ̰ʷ,-,-,+,-,-,-,-,-,+,-,+,+,+,-,-,+,-,+,+,-,0,-,0,0
ɗʷː,-,-,+,-,-,-,-,-,+,-,+,+,+,-,-,+,-,+,+,-,0,+,0,0
ɗːʷ,-,-,+,-,-,-,-,-,+,-,+,+,+,-,-,+,-,+,+,-,0,+,0,0
ǀʼ,-,-,+,-,-,-,-,-,-,-,+,+,+,+,-,+,-,0,-,+,0,-,0,0
ǀʼː,-,-,+,-,-,-,-,-,-,-,+,+,+,+,-,+,-,0,-,+,0,+,0,0
ǀʲʼ,-,-,+,-,-,-,-,-,-,-,+,+,+,+,-,+,-,-,-,+,0,-,0,0
ǀʼʲ,-,-,+,-,-,-,-,-,-,-,+,+,+,+,-,+,-,-,-,+,0,-,0,0
ǀʼʷ,-,-,+,-,-,-,-,-,-,-,+,+,+,+,-,+,-,+,+,+,0,-,0,0
ǀʷʼ,-,-,+,-,-,-,-,-,-,-,+,+,+,+,-,+,-,+,+,+,0,-,0,0
ʘʼ,-,-,+,-,-,-,-,-,-,-,+,0,-,0,+,+,-,0,-,+,0,-,0,0
k͡pʼ,-,-,+,-,-,-,-,-,-,-,+,0,-,0,+,+,-,0,-,-,0,-,0,0
ɡ͡b̰,-,-,+,-,-,-,-,-,+,-,+,0,-,0,+,+,-,0,-,-,0,-,0,0
ʘʼː,-,-,+,-,-,-,-,-,-,-,+,0,-,0,+,+,-,0,-,+,0,+,0,0
k͡pʼː,-,-,+,-,-,-,-,-,-,-,+,0,-,0,+,+,-,0,-,-,0,+,0,0
ɡ͡b̰ː,-,-,+,-,-,-,-,-,+,-,+,0,-,0,+,+,-,0,-,-,0,+,0,0
ʘʲʼ,-,-,+,-,-,-,-,-,-,-,+,0,-,0,+,+,-,-,-,+,0,-,0,0
k͡pʲʼ,-,-,+,-,-,-,-,-,-,-,+,0,-,0,+,+,-,-,-,-,0,-,0,0
ʘʼʲ,-,-,+,-,-,-,-,-,-,-,+,0,-,0,+,+,-,-,-,+,0,-,0,0
k͡pʼʲ,-,-,+,-,-,-,-,-,-,-,+,0,-,0,+,+,-,-,-,-,0,-,0,0
ɡ͡b̰ʲ,-,-,+,-,-,-,-,-,+,-,+,0,-,0,+,+,-,-,-,-,0,-,0,0
ɡ͡b̰ˠ,-,-,+,-,-,-,-,-,+,-,+,0,-,0,+,+,-,+,-,-,0,-,0,0
ʘʼʷ,-,-,+,-,-,-,-,-,-,-,+,0,-,0,+,+,-,+,+,+,0,-,0,0
k͡pʼʷ,-,-,+,-,-,-,-,-,-,-,+,0,-,0,+,+,-,+,+,-,0,-,0,0
ʘʷʼ,-,-,+,-,-,-,-,-,-,-,+,0,-,0,+,+,-,+,+,+,0,-,0,0
k͡pʷʼ,-,-,+,-,-,-,-,-,-,-,+,0,-,0,+,+,-,+,+,-,0,-,0,0
ɡ͡b̰ʷ,-,-,+,-,-,-,-,-,+,-,+,0,-,0,+,+,-,+,+,-,0,-,0,0
pʲʼ,-,-,+,-,-,-,-,-,-,-,+,+,-,0,+,+,-,-,-,-,0,-,0,0
pʼʲ,-,-,+,-,-,-,-,-,-,-,+,+,-,0,+,+,-,-,-,-,0,-,0,0
ɓ̥ʲ,-,-,+,-,-,-,-,-,-,-,+,+,-,0,+,+,-,-,-,-,0,-,0,0
ɓʲ,-,-,+,-,-,-,-,-,+,-,+,+,-,0,+,+,-,-,-,-,0,-,0,0
b̰ʲ,-,-,+,-,-,-,-,-,+,-,+,+,-,0,+,+,-,-,-,-,0,-,0,0
ɓ̰ʲ,-,-,+,-,-,-,-,-,+,-,+,+,-,0,+,+,-,-,-,-,0,-,0,0
ɓʲː,-,-,+,-,-,-,-,-,+,-,+,+,-,0,+,+,-,-,-,-,0,+,0,0
ɓːʲ,-,-,+,-,-,-,-,-,+,-,+,+,-,0,+,+,-,-,-,-,0,+,0,0
ɓ̥ˠ,-,-,+,-,-,-,-,-,-,-,+,+,-,0,+,+,-,+,-,-,0,-,0,0
b̰ˠ,-,-,+,-,-,-,-,-,+,-,+,+,-,0,+,+,-,+,-,-,0,-,0,0
ɓ̰ˠ,-,-,+,-,-,-,-,-,+,-,+,+,-,0,+,+,-,+,-,-,0,-,0,0
ɓˠ,-,-,+,-,-,-,-,-,+,-,+,+,-,0,+,+,-,+,-,-,0,-,0,0
ɓːˠ,-,-,+,-,-,-,-,-,+,-,+,+,-,0,+,+,-,+,-,-,0,+,0,0
pʼʷ,-,-,+,-,-,-,-,-,-,-,+,+,-,0,+,+,-,+,+,-,0,-,0,0
pʷʼ,-,-,+,-,-,-,-,-,-,-,+,+,-,0,+,+,-,+,+,-,0,-,0,0
ɓ̥ʷ,-,-,+,-,-,-,-,-,-,-,+,+,-,0,+,+,-,+,+,-,0,-,0,0
ɓʲʷ,-,-,+,-,-,-,-,-,+,-,+,+,-,0,+,+,-,+,+,-,0,-,0,0
ɓ̠ʷ,-,-,+,-,-,-,-,-,+,-,+,+,-,0,+,+,-,+,+,-,0,-,0,0
ɓʷ,-,-,+,-,-,-,-,-,+,-,+,+,-,0,+,+,-,+,+,-,0,-,0,0
ɓʷˠ,-,-,+,-,-,-,-,-,+,-,+,+,-,0,+,+,-,+,+,-,0,-,0,0
b̰ʷ,-,-,+,-,-,-,-,-,+,-,+,+,-,0,+,+,-,+,+,-,0,-,0,0
ɓ̰ʷ,-,-,+,-,-,-,-,-,+,-,+,+,-,0,+,+,-,+,+,-,0,-,0,0
ɓʷː,-,-,+,-,-,-,-,-,+,-,+,+,-,0,+,+,-,+,+,-,0,+,0,0
ɓːʷ,-,-,+,-,-,-,-,-,+,-,+,+,-,0,+,+,-,+,+,-,0,+,0,0
p͡tʲʼ,-,-,+,-,-,-,-,-,-,-,+,+,+,-,+,+,-,-,-,-,0,-,0,0
p͡tʼʲ,-,-,+,-,-,-,-,-,-,-,+,+,+,-,+,+,-,-,-,-,0,-,0,0
b͡d̰ʲ,-,-,+,-,-,-,-,-,+,-,+,+,+,-,+,+,-,-,-,-,0,-,0,0
b͡d̰ˠ,-,-,+,-,-,-,-,-,+,-,+,+,+,-,+,+,-,+,-,-,0,-,0,0
p͡tʼʷ,-,-,+,-,-,-,-,-,-,-,+,+,+,-,+,+,-,+,+,-,0,-,0,0
p͡tʷʼ,-,-,+,-,-,-,-,-,-,-,+,+,+,-,+,+,-,+,+,-,0,-,0,0
b͡d̰ʷ,-,-,+,-,-,-,-,-,+,-,+,+,+,-,+,+,-,+,+,-,0,-,0,0
ɠ̥ˤ,-,-,+,-,-,-,-,-,-,-,+,-,-,0,-,+,+,+,-,-,0,-,0,0
ʄ̥ˤ,-,-,+,-,-,-,-,-,-,-,+,-,-,0,-,+,+,+,-,-,0,-,0,0
cˤʼ,-,-,+,-,-,-,-,-,-,-,+,-,-,0,-,+,+,+,-,-,0,-,0,0
kˤʼ,-,-,+,-,-,-,-,-,-,-,+,-,-,0,-,+,+,+,-,-,0,-,0,0
ɡ̰ˤ,-,-,+,-,-,-,-,-,+,-,+,-,-,0,-,+,+,+,-,-,0,-,0,0
ɟ̰ˤ,-,-,+,-,-,-,-,-,+,-,+,-,-,0,-,+,+,+,-,-,0,-,0,0
ɠ̰ˤ,-,-,+,-,-,-,-,-,+,-,+,-,-,0,-,+,+,+,-,-,0,-,0,0
ʄ̰ˤ,-,-,+,-,-,-,-,-,+,-,+,-,-,0,-,+,+,+,-,-,0,-,0,0
ɠˤ,-,-,+,-,-,-,-,-,+,-,+,-,-,0,-,+,+,+,-,-,0,-,0,0
ʄˤ,-,-,+,-,-,-,-,-,+,-,+,-,-,0,-,+,+,+,-,-,0,-,0,0
ɠˤː,-,-,+,-,-,-,-,-,+,-,+,-,-,0,-,+,+,+,-,-,0,+,0,0
ʄˤː,-,-,+,-,-,-,-,-,+,-,+,-,-,0,-,+,+,+,-,-,0,+,0,0
ɠːˤ,-,-,+,-,-,-,-,-,+,-,+,-,-,0,-,+,+,+,-,-,0,+,0,0
ʄːˤ,-,-,+,-,-,-,-,-,+,-,+,-,-,0,-,+,+,+,-,-,0,+,0,0
ʔʷˤʼ,-,-,+,-,-,-,-,-,-,-,+,-,-,0,-,+,+,+,+,-,0,-,0,0
ʔʷˤ,-,-,+,-,-,-,-,-,-,-,+,-,-,0,-,+,+,+,+,-,0,-,0,0
cʷˤʼ,-,-,+,-,-,-,-,-,-,-,+,-,-,0,-,+,+,+,+,-,0,-,0,0
kʷˤʼ,-,-,+,-,-,-,-,-,-,-,+,-,-,0,-,+,+,+,+,-,0,-,0,0
qʷˤʼ,-,-,+,-,-,-,-,-,-,-,+,-,-,0,-,+,+,+,+,-,0,-,0,0
ɠʷˤ,-,-,+,-,-,-,-,-,+,-,+,-,-,0,-,+,+,+,+,-,0,-,0,0
ʄʷˤ,-,-,+,-,-,-,-,-,+,-,+,-,-,0,-,+,+,+,+,-,0,-,0,0
ʛʷˤ,-,-,+,-,-,-,-,-,+,-,+,-,-,0,-,+,+,+,+,-,0,-,0,0
ʈʷˤʼ,-,-,+,-,-,-,-,-,-,-,+,-,+,-,-,+,+,+,+,-,0,-,0,0
ǂˤʼ,-,-,+,-,-,-,-,-,-,-,+,-,+,+,-,+,+,+,-,+,0,-,0,0
ǂʷˤʼ,-,-,+,-,-,-,-,-,-,-,+,-,+,+,-,+,+,+,+,+,0,-,0,0
ǃˤʼ,-,-,+,-,-,-,-,-,-,-,+,+,+,-,-,+,+,+,-,+,0,-,0,0
ǃʷˤʼ,-,-,+,-,-,-,-,-,-,-,+,+,+,-,-,+,+,+,+,+,0,-,0,0
tʷˤʼ,-,-,+,-,-,-,-,-,-,-,+,+,+,-,-,+,+,+,+,-,0,-,0,0
ɗʷˤ,-,-,+,-,-,-,-,-,+,-,+,+,+,-,-,+,+,+,+,-,0,-,0,0
ǀˤʼ,-,-,+,-,-,-,-,-,-,-,+,+,+,+,-,+,+,+,-,+,0,-,0,0
ǀʷˤʼ,-,-,+,-,-,-,-,-,-,-,+,+,+,+,-,+,+,+,+,+,0,-,0,0
ʘˤʼ,-,-,+,-,-,-,-,-,-,-,+,0,-,0,+,+,+,+,-,+,0,-,0,0
k͡pˤʼ,-,-,+,-,-,-,-,-,-,-,+,0,-,0,+,+,+,+,-,-,0,-,0,0
ɡ͡b̰ˤ,-,-,+,-,-,-,-,-,+,-,+,0,-,0,+,+,+,+,-,-,0,-,0,0
ʘʷˤʼ,-,-,+,-,-,-,-,-,-,-,+,0,-,0,+,+,+,+,+,+,0,-,0,0
k͡pʷˤʼ,-,-,+,-,-,-,-,-,-,-,+,0,-,0,+,+,+,+,+,-,0,-,0,0
pʷˤʼ,-,-,+,-,-,-,-,-,-,-,+,+,-,0,+,+,+,+,+,-,0,-,0,0
ɓʷˤ,-,-,+,-,-,-,-,-,+,-,+,+,-,0,+,+,+,+,+,-,0,-,0,0
p͡tʷˤʼ,-,-,+,-,-,-,-,-,-,-,+,+,+,-,+,+,+,+,+,-,0,-,0,0
q̠ʰ,-,-,+,-,-,-,-,-,-,+,-,-,-,0,-,-,-,+,-,-,0,-,0,0
ɢ̤̥,-,-,+,-,-,-,-,-,-,+,-,-,-,0,-,-,-,+,-,-,0,-,0,0
qʰ,-,-,+,-,-,-,-,-,-,+,-,-,-,0,-,-,-,+,-,-,0,-,0,0
ɢ̤,-,-,+,-,-,-,-,-,+,+,-,-,-,0,-,-,-,+,-,-,0,-,0,0
ɢ̠ʰ,-,-,+,-,-,-,-,-,+,+,-,-,-,0,-,-,-,+,-,-,0,-,0,0
ɢʰ,-,-,+,-,-,-,-,-,+,+,-,-,-,0,-,-,-,+,-,-,0,-,0,0
qʰː,-,-,+,-,-,-,-,-,-,+,-,-,-,0,-,-,-,+,-,-,0,+,0,0
ɢʰː,-,-,+,-,-,-,-,-,+,+,-,-,-,0,-,-,-,+,-,-,0,+,0,0
ɢ̤ː,-,-,+,-,-,-,-,-,+,+,-,-,-,0,-,-,-,+,-,-,0,+,0,0
ʈ̠ʰ,-,-,+,-,-,-,-,-,-,+,-,-,+,-,-,-,-,-,-,-,0,-,0,0
ɖ̤̥,-,-,+,-,-,-,-,-,-,+,-,-,+,-,-,-,-,-,-,-,0,-,0,0
ʈʰ,-,-,+,-,-,-,-,-,-,+,-,-,+,-,-,-,-,-,-,-,0,-,0,0
ɖ̤,-,-,+,-,-,-,-,-,+,+,-,-,+,-,-,-,-,-,-,-,0,-,0,0
ɖ̠ʰ,-,-,+,-,-,-,-,-,+,+,-,-,+,-,-,-,-,-,-,-,0,-,0,0
ɖʰ,-,-,+,-,-,-,-,-,+,+,-,-,+,-,-,-,-,-,-,-,0,-,0,0
ʈʰː,-,-,+,-,-,-,-,-,-,+,-,-,+,-,-,-,-,-,-,-,0,+,0,0
ɖʰː,-,-,+,-,-,-,-,-,+,+,-,-,+,-,-,-,-,-,-,-,0,+,0,0
ɖ̤ː,-,-,+,-,-,-,-,-,+,+,-,-,+,-,-,-,-,-,-,-,0,+,0,0
t̠ʰ,-,-,+,-,-,-,-,-,-,+,-,+,+,-,-,-,-,-,-,-,0,-,0,0
d̤̥,-,-,+,-,-,-,-,-,-,+,-,+,+,-,-,-,-,-,-,-,0,-,0,0
tʰ,-,-,+,-,-,-,-,-,-,+,-,+,+,-,-,-,-,-,-,-,0,-,0,0
d̤,-,-,+,-,-,-,-,-,+,+,-,+,+,-,-,-,-,-,-,-,0,-,0,0
d̠ʰ,-,-,+,-,-,-,-,-,+,+,-,+,+,-,-,-,-,-,-,-,0,-,0,0
dʰ,-,-,+,-,-,-,-,-,+,+,-,+,+,-,-,-,-,-,-,-,0,-,0,0
tʰː,-,-,+,-,-,-,-,-,-,+,-,+,+,-,-,-,-,-,-,-,0,+,0,0
dʰː,-,-,+,-,-,-,-,-,+,+,-,+,+,-,-,-,-,-,-,-,0,+,0,0
d̤ː,-,-,+,-,-,-,-,-,+,+,-,+,+,-,-,-,-,-,-,-,0,+,0,0
p̠ʰ,-,-,+,-,-,-,-,-,-,+,-,+,-,0,+,-,-,-,-,-,0,-,0,0
b̤̥,-,-,+,-,-,-,-,-,-,+,-,+,-,0,+,-,-,-,-,-,0,-,0,0
pʰ,-,-,+,-,-,-,-,-,-,+,-,+,-,0,+,-,-,-,-,-,0,-,0,0
b̤,-,-,+,-,-,-,-,-,+,+,-,+,-,0,+,-,-,-,-,-,0,-,0,0
b̠ʰ,-,-,+,-,-,-,-,-,+,+,-,+,-,0,+,-,-,-,-,-,0,-,0,0
bʰ,-,-,+,-,-,-,-,-,+,+,-,+,-,0,+,-,-,-,-,-,0,-,0,0
pʰː,-,-,+,-,-,-,-,-,-,+,-,+,-,0,+,-,-,-,-,-,0,+,0,0
bʰː,-,-,+,-,-,-,-,-,+,+,-,+,-,0,+,-,-,-,-,-,0,+,0,0
b̤ː,-,-,+,-,-,-,-,-,+,+,-,+,-,0,+,-,-,-,-,-,0,+,0,0
p͡t̠ʰ,-,-,+,-,-,-,-,-,-,+,-,+,+,-,+,-,-,-,-,-,0,-,0,0
b͡d̤̥,-,-,+,-,-,-,-,-,-,+,-,+,+,-,+,-,-,-,-,-,0,-,0,0
p͡tʰ,-,-,+,-,-,-,-,-,-,+,-,+,+,-,+,-,-,-,-,-,0,-,0,0
b͡d̤,-,-,+,-,-,-,-,-,+,+,-,+,+,-,+,-,-,-,-,-,0,-,0,0
b͡d̠ʰ,-,-,+,-,-,-,-,-,+,+,-,+,+,-,+,-,-,-,-,-,0,-,0,0
b͡dʰ,-,-,+,-,-,-,-,-,+,+,-,+,+,-,+,-,-,-,-,-,0,-,0,0
p͡tʰː,-,-,+,-,-,-,-,-,-,+,-,+,+,-,+,-,-,-,-,-,0,+,0,0
b͡dʰː,-,-,+,-,-,-,-,-,+,+,-,+,+,-,+,-,-,-,-,-,0,+,0,0
b͡d̤ː,-,-,+,-,-,-,-,-,+,+,-,+,+,-,+,-,-,-,-,-,0,+,0,0
qʰˤ,-,-,+,-,-,-,-,-,-,+,-,-,-,0,-,-,+,+,-,-,0,-,0,0
qˤʰ,-,-,+,-,-,-,-,-,-,+,-,-,-,0,-,-,+,+,-,-,0,-,0,0
ɢʰˤ,-,-,+,-,-,-,-,-,+,+,-,-,-,0,-,-,+,+,-,-,0,-,0,0
ɢˤʰ,-,-,+,-,-,-,-,-,+,+,-,-,-,0,-,-,+,+,-,-,0,-,0,0
ɢ̤ˤ,-,-,+,-,-,-,-,-,+,+,-,-,-,0,-,-,+,+,-,-,0,-,0,0
ʈʰˤ,-,-,+,-,-,-,-,-,-,+,-,-,+,-,-,-,+,+,-,-,0,-,0,0
ʈˤʰ,-,-,+,-,-,-,-,-,-,+,-,-,+,-,-,-,+,+,-,-,0,-,0,0
ɖʰˤ,-,-,+,-,-,-,-,-,+,+,-,-,+,-,-,-,+,+,-,-,0,-,0,0
ɖˤʰ,-,-,+,-,-,-,-,-,+,+,-,-,+,-,-,-,+,+,-,-,0,-,0,0
ɖ̤ˤ,-,-,+,-,-,-,-,-,+,+,-,-,+,-,-,-,+,+,-,-,0,-,0,0
tʰˤ,-,-,+,-,-,-,-,-,-,+,-,+,+,-,-,-,+,+,-,-,0,-,0,0
tˤʰ,-,-,+,-,-,-,-,-,-,+,-,+,+,-,-,-,+,+,-,-,0,-,0,0
dʰˤ,-,-,+,-,-,-,-,-,+,+,-,+,+,-,-,-,+,+,-,-,0,-,0,0
dˤʰ,-,-,+,-,-,-,-,-,+,+,-,+,+,-,-,-,+,+,-,-,0,-,0,0
d̤ˤ,-,-,+,-,-,-,-,-,+,+,-,+,+,-,-,-,+,+,-,-,0,-,0,0
pʰˤ,-,-,+,-,-,-,-,-,-,+,-,+,-,0,+,-,+,+,-,-,0,-,0,0
pˤʰ,-,-,+,-,-,-,-,-,-,+,-,+,-,0,+,-,+,+,-,-,0,-,0,0
bʰˤ,-,-,+,-,-,-,-,-,+,+,-,+,-,0,+,-,+,+,-,-,0,-,0,0
bˤʰ,-,-,+,-,-,-,-,-,+,+,-,+,-,0,+,-,+,+,-,-,0,-,0,0
b̤ˤ,-,-,+,-,-,-,-,-,+,+,-,+,-,0,+,-,+,+,-,-,0,-,0,0
p͡tʰˤ,-,-,+,-,-,-,-,-,-,+,-,+,+,-,+,-,+,+,-,-,0,-,0,0
p͡tˤʰ,-,-,+,-,-,-,-,-,-,+,-,+,+,-,+,-,+,+,-,-,0,-,0,0
b͡dʰˤ,-,-,+,-,-,-,-,-,+,+,-,+,+,-,+,-,+,+,-,-,0,-,0,0
b͡dˤʰ,-,-,+,-,-,-,-,-,+,+,-,+,+,-,+,-,+,+,-,-,0,-,0,0
b͡d̤ˤ,-,-,+,-,-,-,-,-,+,+,-,+,+,-,+,-,+,+,-,-,0,-,0,0
cʰʲ,-,-,+,-,-,-,-,-,-,+,-,-,-,0,-,+,-,-,-,-,0,-,0,0
kʰʲ,-,-,+,-,-,-,-,-,-,+,-,-,-,0,-,+,-,-,-,-,0,-,0,0
qʰʲ,-,-,+,-,-,-,-,-,-,+,-,-,-,0,-,+,-,-,-,-,0,-,0,0
cʲʰ,-,-,+,-,-,-,-,-,-,+,-,-,-,0,-,+,-,-,-,-,0,-,0,0
kʲʰ,-,-,+,-,-,-,-,-,-,+,-,-,-,0,-,+,-,-,-,-,0,-,0,0
qʲʰ,-,-,+,-,-,-,-,-,-,+,-,-,-,0,-,+,-,-,-,-,0,-,0,0
c̠ʰ,-,-,+,-,-,-,-,-,-,+,-,-,-,0,-,+,-,-,-,-,0,-,0,0
ɟ̤̥,-,-,+,-,-,-,-,-,-,+,-,-,-,0,-,+,-,-,-,-,0,-,0,0
cʰ,-,-,+,-,-,-,-,-,-,+,-,-,-,0,-,+,-,-,-,-,0,-,0,0
ɡʰʲ,-,-,+,-,-,-,-,-,+,+,-,-,-,0,-,+,-,-,-,-,0,-,0,0
ɟʰʲ,-,-,+,-,-,-,-,-,+,+,-,-,-,0,-,+,-,-,-,-,0,-,0,0
ɢʰʲ,-,-,+,-,-,-,-,-,+,+,-,-,-,0,-,+,-,-,-,-,0,-,0,0
ɡʲʰ,-,-,+,-,-,-,-,-,+,+,-,-,-,0,-,+,-,-,-,-,0,-,0,0
ɟʲʰ,-,-,+,-,-,-,-,-,+,+,-,-,-,0,-,+,-,-,-,-,0,-,0,0
ɢʲʰ,-,-,+,-,-,-,-,-,+,+,-,-,-,0,-,+,-,-,-,-,0,-,0,0
ɟ̤,-,-,+,-,-,-,-,-,+,+,-,-,-,0,-,+,-,-,-,-,0,-,0,0
ɟ̠ʰ,-,-,+,-,-,-,-,-,+,+,-,-,-,0,-,+,-,-,-,-,0,-,0,0
ɡ̤ʲ,-,-,+,-,-,-,-,-,+,+,-,-,-,0,-,+,-,-,-,-,0,-,0,0
ɟ̤ʲ,-,-,+,-,-,-,-,-,+,+,-,-,-,0,-,+,-,-,-,-,0,-,0,0
ɢ̤ʲ,-,-,+,-,-,-,-,-,+,+,-,-,-,0,-,+,-,-,-,-,0,-,0,0
ɟʰ,-,-,+,-,-,-,-,-,+,+,-,-,-,0,-,+,-,-,-,-,0,-,0,0
cʰː,-,-,+,-,-,-,-,-,-,+,-,-,-,0,-,+,-,-,-,-,0,+,0,0
ɟʰː,-,-,+,-,-,-,-,-,+,+,-,-,-,0,-,+,-,-,-,-,0,+,0,0
ɟ̤ː,-,-,+,-,-,-,-,-,+,+,-,-,-,0,-,+,-,-,-,-,0,+,0,0
cʰᶣ,-,-,+,-,-,-,-,-,-,+,-,-,-,0,-,+,-,-,+,-,0,-,0,0
kʰᶣ,-,-,+,-,-,-,-,-,-,+,-,-,-,0,-,+,-,-,+,-,0,-,0,0
qʰᶣ,-,-,+,-,-,-,-,-,-,+,-,-,-,0,-,+,-,-,+,-,0,-,0,0
ɡʰᶣ,-,-,+,-,-,-,-,-,+,+,-,-,-,0,-,+,-,-,+,-,0,-,0,0
ɟʰᶣ,-,-,+,-,-,-,-,-,+,+,-,-,-,0,-,+,-,-,+,-,0,-,0,0
ɢʰᶣ,-,-,+,-,-,-,-,-,+,+,-,-,-,0,-,+,-,-,+,-,0,-,0,0
cʰˠ,-,-,+,-,-,-,-,-,-,+,-,-,-,0,-,+,-,+,-,-,0,-,0,0
kʰˠ,-,-,+,-,-,-,-,-,-,+,-,-,-,0,-,+,-,+,-,-,0,-,0,0
qʰˠ,-,-,+,-,-,-,-,-,-,+,-,-,-,0,-,+,-,+,-,-,0,-,0,0
k̠ʰ,-,-,+,-,-,-,-,-,-,+,-,-,-,0,-,+,-,+,-,-,0,-,0,0
ɡ̤̥,-,-,+,-,-,-,-,-,-,+,-,-,-,0,-,+,-,+,-,-,0,-,0,0
kʰ,-,-,+,-,-,-,-,-,-,+,-,-,-,0,-,+,-,+,-,-,0,-,0,0
ɡʰˠ,-,-,+,-,-,-,-,-,+,+,-,-,-,0,-,+,-,+,-,-,0,-,0,0
ɟʰˠ,-,-,+,-,-,-,-,-,+,+,-,-,-,0,-,+,-,+,-,-,0,-,0,0
ɢʰˠ,-,-,+,-,-,-,-,-,+,+,-,-,-,0,-,+,-,+,-,-,0,-,0,0
ɡ̤,-,-,+,-,-,-,-,-,+,+,-,-,-,0,-,+,-,+,-,-,0,-,0,0
ɡ̠ʰ,-,-,+,-,-,-,-,-,+,+,-,-,-,0,-,+,-,+,-,-,0,-,0,0
ɡ̤ˠ,-,-,+,-,-,-,-,-,+,+,-,-,-,0,-,+,-,+,-,-,0,-,0,0
ɟ̤ˠ,-,-,+,-,-,-,-,-,+,+,-,-,-,0,-,+,-,+,-,-,0,-,0,0
ɢ̤ˠ,-,-,+,-,-,-,-,-,+,+,-,-,-,0,-,+,-,+,-,-,0,-,0,0
ɡʰ,-,-,+,-,-,-,-,-,+,+,-,-,-,0,-,+,-,+,-,-,0,-,0,0
kʰː,-,-,+,-,-,-,-,-,-,+,-,-,-,0,-,+,-,+,-,-,0,+,0,0
ɡʰː,-,-,+,-,-,-,-,-,+,+,-,-,-,0,-,+,-,+,-,-,0,+,0,0
ɡ̤ː,-,-,+,-,-,-,-,-,+,+,-,-,-,0,-,+,-,+,-,-,0,+,0,0
cʰʷ,-,-,+,-,-,-,-,-,-,+,-,-,-,0,-,+,-,+,+,-,0,-,0,0
kʰʷ,-,-,+,-,-,-,-,-,-,+,-,-,-,0,-,+,-,+,+,-,0,-,0,0
qʰʷ,-,-,+,-,-,-,-,-,-,+,-,-,-,0,-,+,-,+,+,-,0,-,0,0
cʲʷʰ,-,-,+,-,-,-,-,-,-,+,-,-,-,0,-,+,-,+,+,-,0,-,0,0
kʲʷʰ,-,-,+,-,-,-,-,-,-,+,-,-,-,0,-,+,-,+,+,-,0,-,0,0
qʲʷʰ,-,-,+,-,-,-,-,-,-,+,-,-,-,0,-,+,-,+,+,-,0,-,0,0
cʷʰ,-,-,+,-,-,-,-,-,-,+,-,-,-,0,-,+,-,+,+,-,0,-,0,0
kʷʰ,-,-,+,-,-,-,-,-,-,+,-,-,-,0,-,+,-,+,+,-,0,-,0,0
qʷʰ,-,-,+,-,-,-,-,-,-,+,-,-,-,0,-,+,-,+,+,-,0,-,0,0
cʷˠʰ,-,-,+,-,-,-,-,-,-,+,-,-,-,0,-,+,-,+,+,-,0,-,0,0
kʷˠʰ,-,-,+,-,-,-,-,-,-,+,-,-,-,0,-,+,-,+,+,-,0,-,0,0
qʷˠʰ,-,-,+,-,-,-,-,-,-,+,-,-,-,0,-,+,-,+,+,-,0,-,0,0
ɡʰʷ,-,-,+,-,-,-,-,-,+,+,-,-,-,0,-,+,-,+,+,-,0,-,0,0
ɟʰʷ,-,-,+,-,-,-,-,-,+,+,-,-,-,0,-,+,-,+,+,-,0,-,0,0
ɢʰʷ,-,-,+,-,-,-,-,-,+,+,-,-,-,0,-,+,-,+,+,-,0,-,0,0
ɡʲʷʰ,-,-,+,-,-,-,-,-,+,+,-,-,-,0,-,+,-,+,+,-,0,-,0,0
ɟʲʷʰ,-,-,+,-,-,-,-,-,+,+,-,-,-,0,-,+,-,+,+,-,0,-,0,0
ɢʲʷʰ,-,-,+,-,-,-,-,-,+,+,-,-,-,0,-,+,-,+,+,-,0,-,0,0
ɡʷʰ,-,-,+,-,-,-,-,-,+,+,-,-,-,0,-,+,-,+,+,-,0,-,0,0
ɟʷʰ,-,-,+,-,-,-,-,-,+,+,-,-,-,0,-,+,-,+,+,-,0,-,0,0
ɢʷʰ,-,-,+,-,-,-,-,-,+,+,-,-,-,0,-,+,-,+,+,-,0,-,0,0
ɡ̤ʷ,-,-,+,-,-,-,-,-,+,+,-,-,-,0,-,+,-,+,+,-,0,-,0,0
ɟ̤ʷ,-,-,+,-,-,-,-,-,+,+,-,-,-,0,-,+,-,+,+,-,0,-,0,0
ɢ̤ʷ,-,-,+,-,-,-,-,-,+,+,-,-,-,0,-,+,-,+,+,-,0,-,0,0
ɡʷˠʰ,-,-,+,-,-,-,-,-,+,+,-,-,-,0,-,+,-,+,+,-,0,-,0,0
ɟʷˠʰ,-,-,+,-,-,-,-,-,+,+,-,-,-,0,-,+,-,+,+,-,0,-,0,0
ɢʷˠʰ,-,-,+,-,-,-,-,-,+,+,-,-,-,0,-,+,-,+,+,-,0,-,0,0
cʷʰː,-,-,+,-,-,-,-,-,-,+,-,-,-,0,-,+,-,+,+,-,0,+,0,0
kʷʰː,-,-,+,-,-,-,-,-,-,+,-,-,-,0,-,+,-,+,+,-,0,+,0,0
qʷʰː,-,-,+,-,-,-,-,-,-,+,-,-,-,0,-,+,-,+,+,-,0,+,0,0
ɢʷʰː,-,-,+,-,-,-,-,-,+,+,-,-,-,0,-,+,-,+,+,-,0,+,0,0
ɡʷʰː,-,-,+,-,-,-,-,-,+,+,-,-,-,0,-,+,-,+,+,-,0,+,0,0
ɟʷʰː,-,-,+,-,-,-,-,-,+,+,-,-,-,0,-,+,-,+,+,-,0,+,0,0
ʈʰʲ,-,-,+,-,-,-,-,-,-,+,-,-,+,-,-,+,-,-,-,-,0,-,0,0
ʈʲʰ,-,-,+,-,-,-,-,-,-,+,-,-,+,-,-,+,-,-,-,-,0,-,0,0
ɖʰʲ,-,-,+,-,-,-,-,-,+,+,-,-,+,-,-,+,-,-,-,-,0,-,0,0
ɖʲʰ,-,-,+,-,-,-,-,-,+,+,-,-,+,-,-,+,-,-,-,-,0,-,0,0
ɖ̤ʲ,-,-,+,-,-,-,-,-,+,+,-,-,+,-,-,+,-,-,-,-,0,-,0,0
ʈʰᶣ,-,-,+,-,-,-,-,-,-,+,-,-,+,-,-,+,-,-,+,-,0,-,0,0
ɖʰᶣ,-,-,+,-,-,-,-,-,+,+,-,-,+,-,-,+,-,-,+,-,0,-,0,0
ʈʰˠ,-,-,+,-,-,-,-,-,-,+,-,-,+,-,-,+,-,+,-,-,0,-,0,0
ɖʰˠ,-,-,+,-,-,-,-,-,+,+,-,-,+,-,-,+,-,+,-,-,0,-,0,0
ɖ̤ˠ,-,-,+,-,-,-,-,-,+,+,-,-,+,-,-,+,-,+,-,-,0,-,0,0
ʈʰʷ,-,-,+,-,-,-,-,-,-,+,-,-,+,-,-,+,-,+,+,-,0,-,0,0
ʈʲʷʰ,-,-,+,-,-,-,-,-,-,+,-,-,+,-,-,+,-,+,+,-,0,-,0,0
ʈʷʰ,-,-,+,-,-,-,-,-,-,+,-,-,+,-,-,+,-,+,+,-,0,-,0,0
ʈʷˠʰ,-,-,+,-,-,-,-,-,-,+,-,-,+,-,-,+,-,+,+,-,0,-,0,0
ɖʰʷ,-,-,+,-,-,-,-,-,+,+,-,-,+,-,-,+,-,+,+,-,0,-,0,0
ɖʲʷʰ,-,-,+,-,-,-,-,-,+,+,-,-,+,-,-,+,-,+,+,-,0,-,0,0
ɖʷʰ,-,-,+,-,-,-,-,-,+,+,-,-,+,-,-,+,-,+,+,-,0,-,0,0
ɖ̤ʷ,-,-,+,-,-,-,-,-,+,+,-,-,+,-,-,+,-,+,+,-,0,-,0,0
ɖʷˠʰ,-,-,+,-,-,-,-,-,+,+,-,-,+,-,-,+,-,+,+,-,0,-,0,0
ʈʷʰː,-,-,+,-,-,-,-,-,-,+,-,-,+,-,-,+,-,+,+,-,0,+,0,0
ɖʷʰː,-,-,+,-,-,-,-,-,+,+,-,-,+,-,-,+,-,+,+,-,0,+,0,0
ǂ̠ʰ,-,-,+,-,-,-,-,-,-,+,-,-,+,+,-,+,-,0,-,+,0,-,0,0
ǂʰ,-,-,+,-,-,-,-,-,-,+,-,-,+,+,-,+,-,0,-,+,0,-,0,0
ǂʰː,-,-,+,-,-,-,-,-,-,+,-,-,+,+,-,+,-,0,-,+,0,+,0,0
ǂʰʲ,-,-,+,-,-,-,-,-,-,+,-,-,+,+,-,+,-,-,-,+,0,-,0,0
ǂʲʰ,-,-,+,-,-,-,-,-,-,+,-,-,+,+,-,+,-,-,-,+,0,-,0,0
ǂʰᶣ,-,-,+,-,-,-,-,-,-,+,-,-,+,+,-,+,-,-,+,+,0,-,0,0
ǂʰˠ,-,-,+,-,-,-,-,-,-,+,-,-,+,+,-,+,-,+,-,+,0,-,0,0
ǂʰʷ,-,-,+,-,-,-,-,-,-,+,-,-,+,+,-,+,-,+,+,+,0,-,0,0
ǂʲʷʰ,-,-,+,-,-,-,-,-,-,+,-,-,+,+,-,+,-,+,+,+,0,-,0,0
ǂʷʰ,-,-,+,-,-,-,-,-,-,+,-,-,+,+,-,+,-,+,+,+,0,-,0,0
ǂʷˠʰ,-,-,+,-,-,-,-,-,-,+,-,-,+,+,-,+,-,+,+,+,0,-,0,0
ǂʷʰː,-,-,+,-,-,-,-,-,-,+,-,-,+,+,-,+,-,+,+,+,0,+,0,0
ǃ̠ʰ,-,-,+,-,-,-,-,-,-,+,-,+,+,-,-,+,-,0,-,+,0,-,0,0
ǃʰ,-,-,+,-,-,-,-,-,-,+,-,+,+,-,-,+,-,0,-,+,0,-,0,0
ǃʰː,-,-,+,-,-,-,-,-,-,+,-,+,+,-,-,+,-,0,-,+,0,+,0,0
ǃʰʲ,-,-,+,-,-,-,-,-,-,+,-,+,+,-,-,+,-,-,-,+,0,-,0,0
tʰʲ,-,-,+,-,-,-,-,-,-,+,-,+,+,-,-,+,-,-,-,-,0,-,0,0
ǃʲʰ,-,-,+,-,-,-,-,-,-,+,-,+,+,-,-,+,-,-,-,+,0,-,0,0
tʲʰ,-,-,+,-,-,-,-,-,-,+,-,+,+,-,-,+,-,-,-,-,0,-,0,0
dʰʲ,-,-,+,-,-,-,-,-,+,+,-,+,+,-,-,+,-,-,-,-,0,-,0,0
dʲʰ,-,-,+,-,-,-,-,-,+,+,-,+,+,-,-,+,-,-,-,-,0,-,0,0
d̤ʲ,-,-,+,-,-,-,-,-,+,+,-,+,+,-,-,+,-,-,-,-,0,-,0,0
ǃʰᶣ,-,-,+,-,-,-,-,-,-,+,-,+,+,-,-,+,-,-,+,+,0,-,0,0
tʰᶣ,-,-,+,-,-,-,-,-,-,+,-,+,+,-,-,+,-,-,+,-,0,-,0,0
dʰᶣ,-,-,+,-,-,-,-,-,+,+,-,+,+,-,-,+,-,-,+,-,0,-,0,0
ǃʰˠ,-,-,+,-,-,-,-,-,-,+,-,+,+,-,-,+,-,+,-,+,0,-,0,0
tʰˠ,-,-,+,-,-,-,-,-,-,+,-,+,+,-,-,+,-,+,-,-,0,-,0,0
dʰˠ,-,-,+,-,-,-,-,-,+,+,-,+,+,-,-,+,-,+,-,-,0,-,0,0
d̤ˠ,-,-,+,-,-,-,-,-,+,+,-,+,+,-,-,+,-,+,-,-,0,-,0,0
ǃʰʷ,-,-,+,-,-,-,-,-,-,+,-,+,+,-,-,+,-,+,+,+,0,-,0,0
tʰʷ,-,-,+,-,-,-,-,-,-,+,-,+,+,-,-,+,-,+,+,-,0,-,0,0
ǃʲʷʰ,-,-,+,-,-,-,-,-,-,+,-,+,+,-,-,+,-,+,+,+,0,-,0,0
tʲʷʰ,-,-,+,-,-,-,-,-,-,+,-,+,+,-,-,+,-,+,+,-,0,-,0,0
ǃʷʰ,-,-,+,-,-,-,-,-,-,+,-,+,+,-,-,+,-,+,+,+,0,-,0,0
tʷʰ,-,-,+,-,-,-,-,-,-,+,-,+,+,-,-,+,-,+,+,-,0,-,0,0
ǃʷˠʰ,-,-,+,-,-,-,-,-,-,+,-,+,+,-,-,+,-,+,+,+,0,-,0,0
tʷˠʰ,-,-,+,-,-,-,-,-,-,+,-,+,+,-,-,+,-,+,+,-,0,-,0,0
dʰʷ,-,-,+,-,-,-,-,-,+,+,-,+,+,-,-,+,-,+,+,-,0,-,0,0
dʲʷʰ,-,-,+,-,-,-,-,-,+,+,-,+,+,-,-,+,-,+,+,-,0,-,0,0
dʷʰ,-,-,+,-,-,-,-,-,+,+,-,+,+,-,-,+,-,+,+,-,0,-,0,0
d̤ʷ,-,-,+,-,-,-,-,-,+,+,-,+,+,-,-,+,-,+,+,-,0,-,0,0
dʷˠʰ,-,-,+,-,-,-,-,-,+,+,-,+,+,-,-,+,-,+,+,-,0,-,0,0
ǃʷʰː,-,-,+,-,-,-,-,-,-,+,-,+,+,-,-,+,-,+,+,+,0,+,0,0
tʷʰː,-,-,+,-,-,-,-,-,-,+,-,+,+,-,-,+,-,+,+,-,0,+,0,0
dʷʰː,-,-,+,-,-,-,-,-,+,+,-,+,+,-,-,+,-,+,+,-,0,+,0,0
ǀ̠ʰ,-,-,+,-,-,-,-,-,-,+,-,+,+,+,-,+,-,0,-,+,0,-,0,0
ǀʰ,-,-,+,-,-,-,-,-,-,+,-,+,+,+,-,+,-,0,-,+,0,-,0,0
ǀʰː,-,-,+,-,-,-,-,-,-,+,-,+,+,+,-,+,-,0,-,+,0,+,0,0
ǀʰʲ,-,-,+,-,-,-,-,-,-,+,-,+,+,+,-,+,-,-,-,+,0,-,0,0
ǀʲʰ,-,-,+,-,-,-,-,-,-,+,-,+,+,+,-,+,-,-,-,+,0,-,0,0
ǀʰᶣ,-,-,+,-,-,-,-,-,-,+,-,+,+,+,-,+,-,-,+,+,0,-,0,0
ǀʰˠ,-,-,+,-,-,-,-,-,-,+,-,+,+,+,-,+,-,+,-,+,0,-,0,0
ǀʰʷ,-,-,+,-,-,-,-,-,-,+,-,+,+,+,-,+,-,+,+,+,0,-,0,0
ǀʲʷʰ,-,-,+,-,-,-,-,-,-,+,-,+,+,+,-,+,-,+,+,+,0,-,0,0
ǀʷʰ,-,-,+,-,-,-,-,-,-,+,-,+,+,+,-,+,-,+,+,+,0,-,0,0
ǀʷˠʰ,-,-,+,-,-,-,-,-,-,+,-,+,+,+,-,+,-,+,+,+,0,-,0,0
ǀʷʰː,-,-,+,-,-,-,-,-,-,+,-,+,+,+,-,+,-,+,+,+,0,+,0,0
ʘ̠ʰ,-,-,+,-,-,-,-,-,-,+,-,0,-,0,+,+,-,0,-,+,0,-,0,0
k͡p̠ʰ,-,-,+,-,-,-,-,-,-,+,-,0,-,0,+,+,-,0,-,-,0,-,0,0
ɡ͡b̤̥,-,-,+,-,-,-,-,-,-,+,-,0,-,0,+,+,-,0,-,-,0,-,0,0
ʘʰ,-,-,+,-,-,-,-,-,-,+,-,0,-,0,+,+,-,0,-,+,0,-,0,0
k͡pʰ,-,-,+,-,-,-,-,-,-,+,-,0,-,0,+,+,-,0,-,-,0,-,0,0
ɡ͡b̤,-,-,+,-,-,-,-,-,+,+,-,0,-,0,+,+,-,0,-,-,0,-,0,0
ɡ͡b̠ʰ,-,-,+,-,-,-,-,-,+,+,-,0,-,0,+,+,-,0,-,-,0,-,0,0
ɡ͡bʰ,-,-,+,-,-,-,-,-,+,+,-,0,-,0,+,+,-,0,-,-,0,-,0,0
ʘʰː,-,-,+,-,-,-,-,-,-,+,-,0,-,0,+,+,-,0,-,+,0,+,0,0
k͡pʰː,-,-,+,-,-,-,-,-,-,+,-,0,-,0,+,+,-,0,-,-,0,+,0,0
ɡ͡bʰː,-,-,+,-,-,-,-,-,+,+,-,0,-,0,+,+,-,0,-,-,0,+,0,0
ɡ͡b̤ː,-,-,+,-,-,-,-,-,+,+,-,0,-,0,+,+,-,0,-,-,0,+,0,0
ʘʰʲ,-,-,+,-,-,-,-,-,-,+,-,0,-,0,+,+,-,-,-,+,0,-,0,0
k͡pʰʲ,-,-,+,-,-,-,-,-,-,+,-,0,-,0,+,+,-,-,-,-,0,-,0,0
ʘʲʰ,-,-,+,-,-,-,-,-,-,+,-,0,-,0,+,+,-,-,-,+,0,-,0,0
k͡pʲʰ,-,-,+,-,-,-,-,-,-,+,-,0,-,0,+,+,-,-,-,-,0,-,0,0
ɡ͡bʰʲ,-,-,+,-,-,-,-,-,+,+,-,0,-,0,+,+,-,-,-,-,0,-,0,0
ɡ͡bʲʰ,-,-,+,-,-,-,-,-,+,+,-,0,-,0,+,+,-,-,-,-,0,-,0,0
ɡ͡b̤ʲ,-,-,+,-,-,-,-,-,+,+,-,0,-,0,+,+,-,-,-,-,0,-,0,0
ʘʰˠ,-,-,+,-,-,-,-,-,-,+,-,0,-,0,+,+,-,+,-,+,0,-,0,0
k͡pʰˠ,-,-,+,-,-,-,-,-,-,+,-,0,-,0,+,+,-,+,-,-,0,-,0,0
ɡ͡bʰˠ,-,-,+,-,-,-,-,-,+,+,-,0,-,0,+,+,-,+,-,-,0,-,0,0
ɡ͡b̤ˠ,-,-,+,-,-,-,-,-,+,+,-,0,-,0,+,+,-,+,-,-,0,-,0,0
ʘʰʷ,-,-,+,-,-,-,-,-,-,+,-,0,-,0,+,+,-,+,+,+,0,-,0,0
k͡pʰʷ,-,-,+,-,-,-,-,-,-,+,-,0,-,0,+,+,-,+,+,-,0,-,0,0
ʘʲʷʰ,-,-,+,-,-,-,-,-,-,+,-,0,-,0,+,+,-,+,+,+,0,-,0,0
k͡pʲʷʰ,-,-,+,-,-,-,-,-,-,+,-,0,-,0,+,+,-,+,+,-,0,-,0,0
ʘʷʰ,-,-,+,-,-,-,-,-,-,+,-,0,-,0,+,+,-,+,+,+,0,-,0,0
k͡pʷʰ,-,-,+,-,-,-,-,-,-,+,-,0,-,0,+,+,-,+,+,-,0,-,0,0
ʘʷˠʰ,-,-,+,-,-,-,-,-,-,+,-,0,-,0,+,+,-,+,+,+,0,-,0,0
k͡pʷˠʰ,-,-,+,-,-,-,-,-,-,+,-,0,-,0,+,+,-,+,+,-,0,-,0,0
ɡ͡bʰʷ,-,-,+,-,-,-,-,-,+,+,-,0,-,0,+,+,-,+,+,-,0,-,0,0
ɡ͡bʲʷʰ,-,-,+,-,-,-,-,-,+,+,-,0,-,0,+,+,-,+,+,-,0,-,0,0
ɡ͡bʷʰ,-,-,+,-,-,-,-,-,+,+,-,0,-,0,+,+,-,+,+,-,0,-,0,0
ɡ͡b̤ʷ,-,-,+,-,-,-,-,-,+,+,-,0,-,0,+,+,-,+,+,-,0,-,0,0
ɡ͡bʷˠʰ,-,-,+,-,-,-,-,-,+,+,-,0,-,0,+,+,-,+,+,-,0,-,0,0
ʘʷʰː,-,-,+,-,-,-,-,-,-,+,-,0,-,0,+,+,-,+,+,+,0,+,0,0
k͡pʷʰː,-,-,+,-,-,-,-,-,-,+,-,0,-,0,+,+,-,+,+,-,0,+,0,0
ɡ͡bʷʰː,-,-,+,-,-,-,-,-,+,+,-,0,-,0,+,+,-,+,+,-,0,+,0,0
pʰʲ,-,-,+,-,-,-,-,-,-,+,-,+,-,0,+,+,-,-,-,-,0,-,0,0
pʲʰ,-,-,+,-,-,-,-,-,-,+,-,+,-,0,+,+,-,-,-,-,0,-,0,0
bʰʲ,-,-,+,-,-,-,-,-,+,+,-,+,-,0,+,+,-,-,-,-,0,-,0,0
bʲʰ,-,-,+,-,-,-,-,-,+,+,-,+,-,0,+,+,-,-,-,-,0,-,0,0
b̤ʲ,-,-,+,-,-,-,-,-,+,+,-,+,-,0,+,+,-,-,-,-,0,-,0,0
pʰˠ,-,-,+,-,-,-,-,-,-,+,-,+,-,0,+,+,-,+,-,-,0,-,0,0
bʰˠ,-,-,+,-,-,-,-,-,+,+,-,+,-,0,+,+,-,+,-,-,0,-,0,0
b̤ˠ,-,-,+,-,-,-,-,-,+,+,-,+,-,0,+,+,-,+,-,-,0,-,0,0
pʰʷ,-,-,+,-,-,-,-,-,-,+,-,+,-,0,+,+,-,+,+,-,0,-,0,0
pʲʷʰ,-,-,+,-,-,-,-,-,-,+,-,+,-,0,+,+,-,+,+,-,0,-,0,0
pʷʰ,-,-,+,-,-,-,-,-,-,+,-,+,-,0,+,+,-,+,+,-,0,-,0,0
pʷˠʰ,-,-,+,-,-,-,-,-,-,+,-,+,-,0,+,+,-,+,+,-,0,-,0,0
bʰʷ,-,-,+,-,-,-,-,-,+,+,-,+,-,0,+,+,-,+,+,-,0,-,0,0
bʲʷʰ,-,-,+,-,-,-,-,-,+,+,-,+,-,0,+,+,-,+,+,-,0,-,0,0
bʷʰ,-,-,+,-,-,-,-,-,+,+,-,+,-,0,+,+,-,+,+,-,0,-,0,0
b̤ʷ,-,-,+,-,-,-,-,-,+,+,-,+,-,0,+,+,-,+,+,-,0,-,0,0
bʷˠʰ,-,-,+,-,-,-,-,-,+,+,-,+,-,0,+,+,-,+,+,-,0,-,0,0
pʷʰː,-,-,+,-,-,-,-,-,-,+,-,+,-,0,+,+,-,+,+,-,0,+,0,0
bʷʰː,-,-,+,-,-,-,-,-,+,+,-,+,-,0,+,+,-,+,+,-,0,+,0,0
p͡tʰʲ,-,-,+,-,-,-,-,-,-,+,-,+,+,-,+,+,-,-,-,-,0,-,0,0
p͡tʲʰ,-,-,+,-,-,-,-,-,-,+,-,+,+,-,+,+,-,-,-,-,0,-,0,0
b͡dʰʲ,-,-,+,-,-,-,-,-,+,+,-,+,+,-,+,+,-,-,-,-,0,-,0,0
b͡dʲʰ,-,-,+,-,-,-,-,-,+,+,-,+,+,-,+,+,-,-,-,-,0,-,0,0
b͡d̤ʲ,-,-,+,-,-,-,-,-,+,+,-,+,+,-,+,+,-,-,-,-,0,-,0,0
p͡tʰˠ,-,-,+,-,-,-,-,-,-,+,-,+,+,-,+,+,-,+,-,-,0,-,0,0
b͡dʰˠ,-,-,+,-,-,-,-,-,+,+,-,+,+,-,+,+,-,+,-,-,0,-,0,0
b͡d̤ˠ,-,-,+,-,-,-,-,-,+,+,-,+,+,-,+,+,-,+,-,-,0,-,0,0
p͡tʰʷ,-,-,+,-,-,-,-,-,-,+,-,+,+,-,+,+,-,+,+,-,0,-,0,0
p͡tʲʷʰ,-,-,+,-,-,-,-,-,-,+,-,+,+,-,+,+,-,+,+,-,0,-,0,0
p͡tʷʰ,-,-,+,-,-,-,-,-,-,+,-,+,+,-,+,+,-,+,+,-,0,-,0,0
p͡tʷˠʰ,-,-,+,-,-,-,-,-,-,+,-,+,+,-,+,+,-,+,+,-,0,-,0,0
b͡dʰʷ,-,-,+,-,-,-,-,-,+,+,-,+,+,-,+,+,-,+,+,-,0,-,0,0
b͡dʲʷʰ,-,-,+,-,-,-,-,-,+,+,-,+,+,-,+,+,-,+,+,-,0,-,0,0
b͡dʷʰ,-,-,+,-,-,-,-,-,+,+,-,+,+,-,+,+,-,+,+,-,0,-,0,0
b͡d̤ʷ,-,-,+,-,-,-,-,-,+,+,-,+,+,-,+,+,-,+,+,-,0,-,0,0
b͡dʷˠʰ,-,-,+,-,-,-,-,-,+,+,-,+,+,-,+,+,-,+,+,-,0,-,0,0
p͡tʷʰː,-,-,+,-,-,-,-,-,-,+,-,+,+,-,+,+,-,+,+,-,0,+,0,0
b͡dʷʰː,-,-,+,-,-,-,-,-,+,+,-,+,+,-,+,+,-,+,+,-,0,+,0,0
cʰˤ,-,-,+,-,-,-,-,-,-,+,-,-,-,0,-,+,+,+,-,-,0,-,0,0
kʰˤ,-,-,+,-,-,-,-,-,-,+,-,-,-,0,-,+,+,+,-,-,0,-,0,0
cˤʰ,-,-,+,-,-,-,-,-,-,+,-,-,-,0,-,+,+,+,-,-,0,-,0,0
kˤʰ,-,-,+,-,-,-,-,-,-,+,-,-,-,0,-,+,+,+,-,-,0,-,0,0
ɡʰˤ,-,-,+,-,-,-,-,-,+,+,-,-,-,0,-,+,+,+,-,-,0,-,0,0
ɟʰˤ,-,-,+,-,-,-,-,-,+,+,-,-,-,0,-,+,+,+,-,-,0,-,0,0
ɡˤʰ,-,-,+,-,-,-,-,-,+,+,-,-,-,0,-,+,+,+,-,-,0,-,0,0
ɟˤʰ,-,-,+,-,-,-,-,-,+,+,-,-,-,0,-,+,+,+,-,-,0,-,0,0
ɡ̤ˤ,-,-,+,-,-,-,-,-,+,+,-,-,-,0,-,+,+,+,-,-,0,-,0,0
ɟ̤ˤ,-,-,+,-,-,-,-,-,+,+,-,-,-,0,-,+,+,+,-,-,0,-,0,0
cʷˤʰ,-,-,+,-,-,-,-,-,-,+,-,-,-,0,-,+,+,+,+,-,0,-,0,0
kʷˤʰ,-,-,+,-,-,-,-,-,-,+,-,-,-,0,-,+,+,+,+,-,0,-,0,0
qʷˤʰ,-,-,+,-,-,-,-,-,-,+,-,-,-,0,-,+,+,+,+,-,0,-,0,0
ɡʷˤʰ,-,-,+,-,-,-,-,-,+,+,-,-,-,0,-,+,+,+,+,-,0,-,0,0
ɟʷˤʰ,-,-,+,-,-,-,-,-,+,+,-,-,-,0,-,+,+,+,+,-,0,-,0,0
ɢʷˤʰ,-,-,+,-,-,-,-,-,+,+,-,-,-,0,-,+,+,+,+,-,0,-,0,0
ʈʷˤʰ,-,-,+,-,-,-,-,-,-,+,-,-,+,-,-,+,+,+,+,-,0,-,0,0
ɖʷˤʰ,-,-,+,-,-,-,-,-,+,+,-,-,+,-,-,+,+,+,+,-,0,-,0,0
ǂʰˤ,-,-,+,-,-,-,-,-,-,+,-,-,+,+,-,+,+,+,-,+,0,-,0,0
ǂˤʰ,-,-,+,-,-,-,-,-,-,+,-,-,+,+,-,+,+,+,-,+,0,-,0,0
ǂʷˤʰ,-,-,+,-,-,-,-,-,-,+,-,-,+,+,-,+,+,+,+,+,0,-,0,0
ǃʰˤ,-,-,+,-,-,-,-,-,-,+,-,+,+,-,-,+,+,+,-,+,0,-,0,0
ǃˤʰ,-,-,+,-,-,-,-,-,-,+,-,+,+,-,-,+,+,+,-,+,0,-,0,0
ǃʷˤʰ,-,-,+,-,-,-,-,-,-,+,-,+,+,-,-,+,+,+,+,+,0,-,0,0
tʷˤʰ,-,-,+,-,-,-,-,-,-,+,-,+,+,-,-,+,+,+,+,-,0,-,0,0
dʷˤʰ,-,-,+,-,-,-,-,-,+,+,-,+,+,-,-,+,+,+,+,-,0,-,0,0
ǀʰˤ,-,-,+,-,-,-,-,-,-,+,-,+,+,+,-,+,+,+,-,+,0,-,0,0
ǀˤʰ,-,-,+,-,-,-,-,-,-,+,-,+,+,+,-,+,+,+,-,+,0,-,0,0
ǀʷˤʰ,-,-,+,-,-,-,-,-,-,+,-,+,+,+,-,+,+,+,+,+,0,-,0,0
ʘʰˤ,-,-,+,-,-,-,-,-,-,+,-,0,-,0,+,+,+,+,-,+,0,-,0,0
k͡pʰˤ,-,-,+,-,-,-,-,-,-,+,-,0,-,0,+,+,+,+,-,-,0,-,0,0
ʘˤʰ,-,-,+,-,-,-,-,-,-,+,-,0,-,0,+,+,+,+,-,+,0,-,0,0
k͡pˤʰ,-,-,+,-,-,-,-,-,-,+,-,0,-,0,+,+,+,+,-,-,0,-,0,0
ɡ͡bʰˤ,-,-,+,-,-,-,-,-,+,+,-,0,-,0,+,+,+,+,-,-,0,-,0,0
ɡ͡bˤʰ,-,-,+,-,-,-,-,-,+,+,-,0,-,0,+,+,+,+,-,-,0,-,0,0
ɡ͡b̤ˤ,-,-,+,-,-,-,-,-,+,+,-,0,-,0,+,+,+,+,-,-,0,-,0,0
ʘʷˤʰ,-,-,+,-,-,-,-,-,-,+,-,0,-,0,+,+,+,+,+,+,0,-,0,0
k͡pʷˤʰ,-,-,+,-,-,-,-,-,-,+,-,0,-,0,+,+,+,+,+,-,0,-,0,0
ɡ͡bʷˤʰ,-,-,+,-,-,-,-,-,+,+,-,0,-,0,+,+,+,+,+,-,0,-,0,0
pʷˤʰ,-,-,+,-,-,-,-,-,-,+,-,+,-,0,+,+,+,+,+,-,0,-,0,0
bʷˤʰ,-,-,+,-,-,-,-,-,+,+,-,+,-,0,+,+,+,+,+,-,0,-,0,0
p͡tʷˤʰ,-,-,+,-,-,-,-,-,-,+,-,+,+,-,+,+,+,+,+,-,0,-,0,0
b͡dʷˤʰ,-,-,+,-,-,-,-,-,+,+,-,+,+,-,+,+,+,+,+,-,0,-,0,0
ʛ̤̥,-,-,+,-,-,-,-,-,-,+,+,-,-,0,-,-,-,+,-,-,0,-,0,0
ʛ̤,-,-,+,-,-,-,-,-,+,+,+,-,-,0,-,-,-,+,-,-,0,-,0,0
ʛ̤ː,-,-,+,-,-,-,-,-,+,+,+,-,-,0,-,-,-,+,-,-,0,+,0,0
ɗ̤̥,-,-,+,-,-,-,-,-,-,+,+,+,+,-,-,-,-,-,-,-,0,-,0,0
ɗ̤,-,-,+,-,-,-,-,-,+,+,+,+,+,-,-,-,-,-,-,-,0,-,0,0
ɗ̤ː,-,-,+,-,-,-,-,-,+,+,+,+,+,-,-,-,-,-,-,-,0,+,0,0
ɓ̤̥,-,-,+,-,-,-,-,-,-,+,+,+,-,0,+,-,-,-,-,-,0,-,0,0
ɓ̤,-,-,+,-,-,-,-,-,+,+,+,+,-,0,+,-,-,-,-,-,0,-,0,0
ɓ̤ː,-,-,+,-,-,-,-,-,+,+,+,+,-,0,+,-,-,-,-,-,0,+,0,0
ʛ̤ˤ,-,-,+,-,-,-,-,-,+,+,+,-,-,0,-,-,+,+,-,-,0,-,0,0
ɗ̤ˤ,-,-,+,-,-,-,-,-,+,+,+,+,+,-,-,-,+,+,-,-,0,-,0,0
ɓ̤ˤ,-,-,+,-,-,-,-,-,+,+,+,+,-,0,+,-,+,+,-,-,0,-,0,0
ʄ̤̥,-,-,+,-,-,-,-,-,-,+,+,-,-,0,-,+,-,-,-,-,0,-,0,0
ʄ̤,-,-,+,-,-,-,-,-,+,+,+,-,-,0,-,+,-,-,-,-,0,-,0,0
ɠ̤ʲ,-,-,+,-,-,-,-,-,+,+,+,-,-,0,-,+,-,-,-,-,0,-,0,0
ʄ̤ʲ,-,-,+,-,-,-,-,-,+,+,+,-,-,0,-,+,-,-,-,-,0,-,0,0
ʛ̤ʲ,-,-,+,-,-,-,-,-,+,+,+,-,-,0,-,+,-,-,-,-,0,-,0,0
ʄ̤ː,-,-,+,-,-,-,-,-,+,+,+,-,-,0,-,+,-,-,-,-,0,+,0,0
ɠ̤̥,-,-,+,-,-,-,-,-,-,+,+,-,-,0,-,+,-,+,-,-,0,-,0,0
ɠ̤,-,-,+,-,-,-,-,-,+,+,+,-,-,0,-,+,-,+,-,-,0,-,0,0
ɠ̤ˠ,-,-,+,-,-,-,-,-,+,+,+,-,-,0,-,+,-,+,-,-,0,-,0,0
ʄ̤ˠ,-,-,+,-,-,-,-,-,+,+,+,-,-,0,-,+,-,+,-,-,0,-,0,0
ʛ̤ˠ,-,-,+,-,-,-,-,-,+,+,+,-,-,0,-,+,-,+,-,-,0,-,0,0
ɠ̤ː,-,-,+,-,-,-,-,-,+,+,+,-,-,0,-,+,-,+,-,-,0,+,0,0
ɠ̤ʷ,-,-,+,-,-,-,-,-,+,+,+,-,-,0,-,+,-,+,+,-,0,-,0,0
ʄ̤ʷ,-,-,+,-,-,-,-,-,+,+,+,-,-,0,-,+,-,+,+,-,0,-,0,0
ʛ̤ʷ,-,-,+,-,-,-,-,-,+,+,+,-,-,0,-,+,-,+,+,-,0,-,0,0
ɗ̤ʲ,-,-,+,-,-,-,-,-,+,+,+,+,+,-,-,+,-,-,-,-,0,-,0,0
ɗ̤ˠ,-,-,+,-,-,-,-,-,+,+,+,+,+,-,-,+,-,+,-,-,0,-,0,0
ɗ̤ʷ,-,-,+,-,-,-,-,-,+,+,+,+,+,-,-,+,-,+,+,-,0,-,0,0
ɓ̤ʲ,-,-,+,-,-,-,-,-,+,+,+,+,-,0,+,+,-,-,-,-,0,-,0,0
ɓ̤ˠ,-,-,+,-,-,-,-,-,+,+,+,+,-,0,+,+,-,+,-,-,0,-,0,0
ɓ̤ʷ,-,-,+,-,-,-,-,-,+,+,+,+,-,0,+,+,-,+,+,-,0,-,0,0
ɠ̤ˤ,-,-,+,-,-,-,-,-,+,+,+,-,-,0,-,+,+,+,-,-,0,-,0,0
ʄ̤ˤ,-,-,+,-,-,-,-,-,+,+,+,-,-,0,-,+,+,+,-,-,0,-,0,0
ᵊǁ,-,-,+,-,-,+,-,-,-,-,-,+,+,-,-,+,-,0,-,+,0,-,0,0
ǁ̚,-,-,+,-,-,+,-,-,-,-,-,+,+,-,-,+,-,0,-,+,0,-,0,0
ǁ̠,-,-,+,-,-,+,-,-,-,-,-,+,+,-,-,+,-,0,-,+,0,-,0,0
ǁ̥̚,-,-,+,-,-,+,-,-,-,-,-,+,+,-,-,+,-,0,-,+,0,-,0,0
ǁ̠̊,-,-,+,-,-,+,-,-,-,-,-,+,+,-,-,+,-,0,-,+,0,-,0,0
ǁ̥,-,-,+,-,-,+,-,-,-,-,-,+,+,-,-,+,-,0,-,+,0,-,0,0
ǁ̺,-,-,+,-,-,+,-,-,-,-,-,+,+,-,-,+,-,0,-,+,0,-,0,0
ǁ̊,-,-,+,-,-,+,-,-,-,-,-,+,+,-,-,+,-,0,-,+,0,-,0,0
ǁ,-,-,+,-,-,+,-,-,-,-,-,+,+,-,-,+,-,0,-,+,0,-,0,0
ǁ̟,-,-,+,-,-,+,-,-,-,-,-,+,+,-,-,+,-,0,-,+,0,-,0,0
ǁ̬,-,-,+,-,-,+,-,-,+,-,-,+,+,-,-,+,-,0,-,+,0,-,0,0
ǁ̥ː,-,-,+,-,-,+,-,-,-,-,-,+,+,-,-,+,-,0,-,+,0,+,0,0
ǁː,-,-,+,-,-,+,-,-,-,-,-,+,+,-,-,+,-,0,-,+,0,+,0,0
ǁ̟ː,-,-,+,-,-,+,-,-,-,-,-,+,+,-,-,+,-,0,-,+,0,+,0,0
ǁˑ,-,-,+,-,-,+,-,-,-,-,-,+,+,-,-,+,-,0,-,+,0,+,0,0
ǁʲ,-,-,+,-,-,+,-,-,-,-,-,+,+,-,-,+,-,-,-,+,0,-,0,0
ǁ̥ʲ,-,-,+,-,-,+,-,-,-,-,-,+,+,-,-,+,-,-,-,+,0,-,0,0
ǁʲː,-,-,+,-,-,+,-,-,-,-,-,+,+,-,-,+,-,-,-,+,0,+,0,0
ǁːʲ,-,-,+,-,-,+,-,-,-,-,-,+,+,-,-,+,-,-,-,+,0,+,0,0
ǁᶣ,-,-,+,-,-,+,-,-,-,-,-,+,+,-,-,+,-,-,+,+,0,-,0,0
ǁˠ,-,-,+,-,-,+,-,-,-,-,-,+,+,-,-,+,-,+,-,+,0,-,0,0
ǁ̴,-,-,+,-,-,+,-,-,-,-,-,+,+,-,-,+,-,+,-,+,0,-,0,0
ǁ̥ˠ,-,-,+,-,-,+,-,-,-,-,-,+,+,-,-,+,-,+,-,+,0,-,0,0
ǁːˠ,-,-,+,-,-,+,-,-,-,-,-,+,+,-,-,+,-,+,-,+,0,+,0,0
ǁʲʷ,-,-,+,-,-,+,-,-,-,-,-,+,+,-,-,+,-,+,+,+,0,-,0,0
ǁ̠ʷ,-,-,+,-,-,+,-,-,-,-,-,+,+,-,-,+,-,+,+,+,0,-,0,0
ǁʷ,-,-,+,-,-,+,-,-,-,-,-,+,+,-,-,+,-,+,+,+,0,-,0,0
ǁʷˠ,-,-,+,-,-,+,-,-,-,-,-,+,+,-,-,+,-,+,+,+,0,-,0,0
ǁ̥ʷ,-,-,+,-,-,+,-,-,-,-,-,+,+,-,-,+,-,+,+,+,0,-,0,0
ǁʷː,-,-,+,-,-,+,-,-,-,-,-,+,+,-,-,+,-,+,+,+,0,+,0,0
ǁːʷ,-,-,+,-,-,+,-,-,-,-,-,+,+,-,-,+,-,+,+,+,0,+,0,0
ǁ̪̊,-,-,+,-,-,+,-,-,-,-,-,+,+,+,-,+,-,0,-,+,0,-,0,0
ǁ̪,-,-,+,-,-,+,-,-,-,-,-,+,+,+,-,+,-,0,-,+,0,-,0,0
ǁ̻,-,-,+,-,-,+,-,-,-,-,-,+,+,+,-,+,-,0,-,+,0,-,0,0
ǁ̼,-,-,+,-,-,+,-,-,-,-,-,+,+,-,+,+,-,0,-,+,0,-,0,0
ǁ̥ˤ,-,-,+,-,-,+,-,-,-,-,-,+,+,-,-,+,+,+,-,+,0,-,0,0
ǁˤ,-,-,+,-,-,+,-,-,-,-,-,+,+,-,-,+,+,+,-,+,0,-,0,0
ǁˤː,-,-,+,-,-,+,-,-,-,-,-,+,+,-,-,+,+,+,-,+,0,+,0,0
ǁːˤ,-,-,+,-,-,+,-,-,-,-,-,+,+,-,-,+,+,+,-,+,0,+,0,0
ǁʷˤ,-,-,+,-,-,+,-,-,-,-,-,+,+,-,-,+,+,+,+,+,0,-,0,0
ǁʼ,-,-,+,-,-,+,-,-,-,-,+,+,+,-,-,+,-,0,-,+,0,-,0,0
ǁʼː,-,-,+,-,-,+,-,-,-,-,+,+,+,-,-,+,-,0,-,+,0,+,0,0
ǁʲʼ,-,-,+,-,-,+,-,-,-,-,+,+,+,-,-,+,-,-,-,+,0,-,0,0
ǁʼʲ,-,-,+,-,-,+,-,-,-,-,+,+,+,-,-,+,-,-,-,+,0,-,0,0
ǁʼʷ,-,-,+,-,-,+,-,-,-,-,+,+,+,-,-,+,-,+,+,+,0,-,0,0
ǁʷʼ,-,-,+,-,-,+,-,-,-,-,+,+,+,-,-,+,-,+,+,+,0,-,0,0
ǁˤʼ,-,-,+,-,-,+,-,-,-,-,+,+,+,-,-,+,+,+,-,+,0,-,0,0
ǁʷˤʼ,-,-,+,-,-,+,-,-,-,-,+,+,+,-,-,+,+,+,+,+,0,-,0,0
ǁ̠ʰ,-,-,+,-,-,+,-,-,-,+,-,+,+,-,-,+,-,0,-,+,0,-,0,0
ǁʰ,-,-,+,-,-,+,-,-,-,+,-,+,+,-,-,+,-,0,-,+,0,-,0,0
ǁʰː,-,-,+,-,-,+,-,-,-,+,-,+,+,-,-,+,-,0,-,+,0,+,0,0
ǁʰʲ,-,-,+,-,-,+,-,-,-,+,-,+,+,-,-,+,-,-,-,+,0,-,0,0
ǁʲʰ,-,-,+,-,-,+,-,-,-,+,-,+,+,-,-,+,-,-,-,+,0,-,0,0
ǁʰᶣ,-,-,+,-,-,+,-,-,-,+,-,+,+,-,-,+,-,-,+,+,0,-,0,0
ǁʰˠ,-,-,+,-,-,+,-,-,-,+,-,+,+,-,-,+,-,+,-,+,0,-,0,0
ǁʰʷ,-,-,+,-,-,+,-,-,-,+,-,+,+,-,-,+,-,+,+,+,0,-,0,0
ǁʲʷʰ,-,-,+,-,-,+,-,-,-,+,-,+,+,-,-,+,-,+,+,+,0,-,0,0
ǁʷʰ,-,-,+,-,-,+,-,-,-,+,-,+,+,-,-,+,-,+,+,+,0,-,0,0
ǁʷˠʰ,-,-,+,-,-,+,-,-,-,+,-,+,+,-,-,+,-,+,+,+,0,-,0,0
ǁʷʰː,-,-,+,-,-,+,-,-,-,+,-,+,+,-,-,+,-,+,+,+,0,+,0,0
ǁʰˤ,-,-,+,-,-,+,-,-,-,+,-,+,+,-,-,+,+,+,-,+,0,-,0,0
ǁˤʰ,-,-,+,-,-,+,-,-,-,+,-,+,+,-,-,+,+,+,-,+,0,-,0,0
ǁʷˤʰ,-,-,+,-,-,+,-,-,-,+,-,+,+,-,-,+,+,+,+,+,0,-,0,0
qⁿ,-,-,+,-,-,-,+,-,-,-,-,-,-,0,-,-,-,+,-,-,0,-,0,0
ɢ̃ⁿ,-,-,+,-,-,-,+,-,+,-,-,-,-,0,-,-,-,+,-,-,0,-,0,0
ɢ̃,-,-,+,-,-,-,+,-,+,-,-,-,-,0,-,-,-,+,-,-,0,-,0,0
ɢⁿ,-,-,+,-,-,-,+,-,+,-,-,-,-,0,-,-,-,+,-,-,0,-,0,0
ɢ̃ː,-,-,+,-,-,-,+,-,+,-,-,-,-,0,-,-,-,+,-,-,0,+,0,0
ɢ̃ˑ,-,-,+,-,-,-,+,-,+,-,-,-,-,0,-,-,-,+,-,-,0,+,0,0
ʈⁿ,-,-,+,-,-,-,+,-,-,-,-,-,+,-,-,-,-,-,-,-,0,-,0,0
ɖ̃ⁿ,-,-,+,-,-,-,+,-,+,-,-,-,+,-,-,-,-,-,-,-,0,-,0,0
ɖ̃,-,-,+,-,-,-,+,-,+,-,-,-,+,-,-,-,-,-,-,-,0,-,0,0
ɖⁿ,-,-,+,-,-,-,+,-,+,-,-,-,+,-,-,-,-,-,-,-,0,-,0,0
ɖ̃ː,-,-,+,-,-,-,+,-,+,-,-,-,+,-,-,-,-,-,-,-,0,+,0,0
ɖ̃ˑ,-,-,+,-,-,-,+,-,+,-,-,-,+,-,-,-,-,-,-,-,0,+,0,0
tⁿ,-,-,+,-,-,-,+,-,-,-,-,+,+,-,-,-,-,-,-,-,0,-,0,0
d̃ⁿ,-,-,+,-,-,-,+,-,+,-,-,+,+,-,-,-,-,-,-,-,0,-,0,0
d̃,-,-,+,-,-,-,+,-,+,-,-,+,+,-,-,-,-,-,-,-,0,-,0,0
dⁿ,-,-,+,-,-,-,+,-,+,-,-,+,+,-,-,-,-,-,-,-,0,-,0,0
d̃ː,-,-,+,-,-,-,+,-,+,-,-,+,+,-,-,-,-,-,-,-,0,+,0,0
d̃ˑ,-,-,+,-,-,-,+,-,+,-,-,+,+,-,-,-,-,-,-,-,0,+,0,0
pⁿ,-,-,+,-,-,-,+,-,-,-,-,+,-,0,+,-,-,-,-,-,0,-,0,0
b̃ⁿ,-,-,+,-,-,-,+,-,+,-,-,+,-,0,+,-,-,-,-,-,0,-,0,0
b̃,-,-,+,-,-,-,+,-,+,-,-,+,-,0,+,-,-,-,-,-,0,-,0,0
bⁿ,-,-,+,-,-,-,+,-,+,-,-,+,-,0,+,-,-,-,-,-,0,-,0,0
b̃ː,-,-,+,-,-,-,+,-,+,-,-,+,-,0,+,-,-,-,-,-,0,+,0,0
b̃ˑ,-,-,+,-,-,-,+,-,+,-,-,+,-,0,+,-,-,-,-,-,0,+,0,0
p͡tⁿ,-,-,+,-,-,-,+,-,-,-,-,+,+,-,+,-,-,-,-,-,0,-,0,0
b͡d̃ⁿ,-,-,+,-,-,-,+,-,+,-,-,+,+,-,+,-,-,-,-,-,0,-,0,0
b͡d̃,-,-,+,-,-,-,+,-,+,-,-,+,+,-,+,-,-,-,-,-,0,-,0,0
b͡dⁿ,-,-,+,-,-,-,+,-,+,-,-,+,+,-,+,-,-,-,-,-,0,-,0,0
b͡d̃ː,-,-,+,-,-,-,+,-,+,-,-,+,+,-,+,-,-,-,-,-,0,+,0,0
b͡d̃ˑ,-,-,+,-,-,-,+,-,+,-,-,+,+,-,+,-,-,-,-,-,0,+,0,0
ɢ̃ˤ,-,-,+,-,-,-,+,-,+,-,-,-,-,0,-,-,+,+,-,-,0,-,0,0
ɖ̃ˤ,-,-,+,-,-,-,+,-,+,-,-,-,+,-,-,-,+,+,-,-,0,-,0,0
d̃ˤ,-,-,+,-,-,-,+,-,+,-,-,+,+,-,-,-,+,+,-,-,0,-,0,0
b̃ˤ,-,-,+,-,-,-,+,-,+,-,-,+,-,0,+,-,+,+,-,-,0,-,0,0
b͡d̃ˤ,-,-,+,-,-,-,+,-,+,-,-,+,+,-,+,-,+,+,-,-,0,-,0,0
cⁿ,-,-,+,-,-,-,+,-,-,-,-,-,-,0,-,+,-,-,-,-,0,-,0,0
ɟ̃ⁿ,-,-,+,-,-,-,+,-,+,-,-,-,-,0,-,+,-,-,-,-,0,-,0,0
ɟ̃,-,-,+,-,-,-,+,-,+,-,-,-,-,0,-,+,-,-,-,-,0,-,0,0
ɟⁿ,-,-,+,-,-,-,+,-,+,-,-,-,-,0,-,+,-,-,-,-,0,-,0,0
ɟ̃ː,-,-,+,-,-,-,+,-,+,-,-,-,-,0,-,+,-,-,-,-,0,+,0,0
ɟ̃ˑ,-,-,+,-,-,-,+,-,+,-,-,-,-,0,-,+,-,-,-,-,0,+,0,0
kⁿ,-,-,+,-,-,-,+,-,-,-,-,-,-,0,-,+,-,+,-,-,0,-,0,0
ɡ̃ⁿ,-,-,+,-,-,-,+,-,+,-,-,-,-,0,-,+,-,+,-,-,0,-,0,0
ɡ̃,-,-,+,-,-,-,+,-,+,-,-,-,-,0,-,+,-,+,-,-,0,-,0,0
ɡⁿ,-,-,+,-,-,-,+,-,+,-,-,-,-,0,-,+,-,+,-,-,0,-,0,0
ɡ̃ː,-,-,+,-,-,-,+,-,+,-,-,-,-,0,-,+,-,+,-,-,0,+,0,0
ɡ̃ˑ,-,-,+,-,-,-,+,-,+,-,-,-,-,0,-,+,-,+,-,-,0,+,0,0
ǂⁿ,-,-,+,-,-,-,+,-,-,-,-,-,+,+,-,+,-,0,-,+,0,-,0,0
ǃⁿ,-,-,+,-,-,-,+,-,-,-,-,+,+,-,-,+,-,0,-,+,0,-,0,0
ǀⁿ,-,-,+,-,-,-,+,-,-,-,-,+,+,+,-,+,-,0,-,+,0,-,0,0
ʘⁿ,-,-,+,-,-,-,+,-,-,-,-,0,-,0,+,+,-,0,-,+,0,-,0,0
k͡pⁿ,-,-,+,-,-,-,+,-,-,-,-,0,-,0,+,+,-,0,-,-,0,-,0,0
ɡ͡b̃ⁿ,-,-,+,-,-,-,+,-,+,-,-,0,-,0,+,+,-,0,-,-,0,-,0,0
ɡ͡b̃,-,-,+,-,-,-,+,-,+,-,-,0,-,0,+,+,-,0,-,-,0,-,0,0
ɡ͡bⁿ,-,-,+,-,-,-,+,-,+,-,-,0,-,0,+,+,-,0,-,-,0,-,0,0
ɡ͡b̃ː,-,-,+,-,-,-,+,-,+,-,-,0,-,0,+,+,-,0,-,-,0,+,0,0
ɡ͡b̃ˑ,-,-,+,-,-,-,+,-,+,-,-,0,-,0,+,+,-,0,-,-,0,+,0,0
ɡ̃ˤ,-,-,+,-,-,-,+,-,+,-,-,-,-,0,-,+,+,+,-,-,0,-,0,0
ɟ̃ˤ,-,-,+,-,-,-,+,-,+,-,-,-,-,0,-,+,+,+,-,-,0,-,0,0
ɡ͡b̃ˤ,-,-,+,-,-,-,+,-,+,-,-,0,-,0,+,+,+,+,-,-,0,-,0,0
ʔⁿ,-,-,+,-,-,-,+,-,-,-,+,-,-,0,-,-,-,+,-,-,0,-,0,0
ɢ̰̃,-,-,+,-,-,-,+,-,+,-,+,-,-,0,-,-,-,+,-,-,0,-,0,0
ʛ̰̃,-,-,+,-,-,-,+,-,+,-,+,-,-,0,-,-,-,+,-,-,0,-,0,0
ʛ̃ⁿ,-,-,+,-,-,-,+,-,+,-,+,-,-,0,-,-,-,+,-,-,0,-,0,0
ʛ̃,-,-,+,-,-,-,+,-,+,-,+,-,-,0,-,-,-,+,-,-,0,-,0,0
ʛⁿ,-,-,+,-,-,-,+,-,+,-,+,-,-,0,-,-,-,+,-,-,0,-,0,0
ʛ̃ː,-,-,+,-,-,-,+,-,+,-,+,-,-,0,-,-,-,+,-,-,0,+,0,0
ʛ̃ˑ,-,-,+,-,-,-,+,-,+,-,+,-,-,0,-,-,-,+,-,-,0,+,0,0
ɖ̰̃,-,-,+,-,-,-,+,-,+,-,+,-,+,-,-,-,-,-,-,-,0,-,0,0
d̰̃,-,-,+,-,-,-,+,-,+,-,+,+,+,-,-,-,-,-,-,-,0,-,0,0
ɗ̰̃,-,-,+,-,-,-,+,-,+,-,+,+,+,-,-,-,-,-,-,-,0,-,0,0
ɗ̃ⁿ,-,-,+,-,-,-,+,-,+,-,+,+,+,-,-,-,-,-,-,-,0,-,0,0
ɗ̃,-,-,+,-,-,-,+,-,+,-,+,+,+,-,-,-,-,-,-,-,0,-,0,0
ɗⁿ,-,-,+,-,-,-,+,-,+,-,+,+,+,-,-,-,-,-,-,-,0,-,0,0
ɗ̃ː,-,-,+,-,-,-,+,-,+,-,+,+,+,-,-,-,-,-,-,-,0,+,0,0
ɗ̃ˑ,-,-,+,-,-,-,+,-,+,-,+,+,+,-,-,-,-,-,-,-,0,+,0,0
b̰̃,-,-,+,-,-,-,+,-,+,-,+,+,-,0,+,-,-,-,-,-,0,-,0,0
ɓ̰̃,-,-,+,-,-,-,+,-,+,-,+,+,-,0,+,-,-,-,-,-,0,-,0,0
ɓ̃ⁿ,-,-,+,-,-,-,+,-,+,-,+,+,-,0,+,-,-,-,-,-,0,-,0,0
ɓ̃,-,-,+,-,-,-,+,-,+,-,+,+,-,0,+,-,-,-,-,-,0,-,0,0
ɓⁿ,-,-,+,-,-,-,+,-,+,-,+,+,-,0,+,-,-,-,-,-,0,-,0,0
ɓ̃ː,-,-,+,-,-,-,+,-,+,-,+,+,-,0,+,-,-,-,-,-,0,+,0,0
ɓ̃ˑ,-,-,+,-,-,-,+,-,+,-,+,+,-,0,+,-,-,-,-,-,0,+,0,0
b͡d̰̃,-,-,+,-,-,-,+,-,+,-,+,+,+,-,+,-,-,-,-,-,0,-,0,0
ʛ̃ˤ,-,-,+,-,-,-,+,-,+,-,+,-,-,0,-,-,+,+,-,-,0,-,0,0
ɗ̃ˤ,-,-,+,-,-,-,+,-,+,-,+,+,+,-,-,-,+,+,-,-,0,-,0,0
ɓ̃ˤ,-,-,+,-,-,-,+,-,+,-,+,+,-,0,+,-,+,+,-,-,0,-,0,0
ɟ̰̃,-,-,+,-,-,-,+,-,+,-,+,-,-,0,-,+,-,-,-,-,0,-,0,0
ʄ̰̃,-,-,+,-,-,-,+,-,+,-,+,-,-,0,-,+,-,-,-,-,0,-,0,0
ʄ̃ⁿ,-,-,+,-,-,-,+,-,+,-,+,-,-,0,-,+,-,-,-,-,0,-,0,0
ʄ̃,-,-,+,-,-,-,+,-,+,-,+,-,-,0,-,+,-,-,-,-,0,-,0,0
ʄⁿ,-,-,+,-,-,-,+,-,+,-,+,-,-,0,-,+,-,-,-,-,0,-,0,0
ʄ̃ː,-,-,+,-,-,-,+,-,+,-,+,-,-,0,-,+,-,-,-,-,0,+,0,0
ʄ̃ˑ,-,-,+,-,-,-,+,-,+,-,+,-,-,0,-,+,-,-,-,-,0,+,0,0
ɡ̰̃,-,-,+,-,-,-,+,-,+,-,+,-,-,0,-,+,-,+,-,-,0,-,0,0
ɠ̰̃,-,-,+,-,-,-,+,-,+,-,+,-,-,0,-,+,-,+,-,-,0,-,0,0
ɠ̃ⁿ,-,-,+,-,-,-,+,-,+,-,+,-,-,0,-,+,-,+,-,-,0,-,0,0
ɠ̃,-,-,+,-,-,-,+,-,+,-,+,-,-,0,-,+,-,+,-,-,0,-,0,0
ɠⁿ,-,-,+,-,-,-,+,-,+,-,+,-,-,0,-,+,-,+,-,-,0,-,0,0
ɠ̃ː,-,-,+,-,-,-,+,-,+,-,+,-,-,0,-,+,-,+,-,-,0,+,0,0
ɠ̃ˑ,-,-,+,-,-,-,+,-,+,-,+,-,-,0,-,+,-,+,-,-,0,+,0,0
ɡ͡b̰̃,-,-,+,-,-,-,+,-,+,-,+,0,-,0,+,+,-,0,-,-,0,-,0,0
ɠ̃ˤ,-,-,+,-,-,-,+,-,+,-,+,-,-,0,-,+,+,+,-,-,0,-,0,0
ʄ̃ˤ,-,-,+,-,-,-,+,-,+,-,+,-,-,0,-,+,+,+,-,-,0,-,0,0
ǁⁿ,-,-,+,-,-,+,+,-,-,-,-,+,+,-,-,+,-,0,-,+,0,-,0,0
ʈ͡ʂ̟,-,-,+,-,+,-,-,+,-,-,-,-,+,-,-,0,0,0,-,-,0,-,0,0
ʈ͡ʂ̠,-,-,+,-,+,-,-,+,-,-,-,-,+,-,-,0,0,0,-,-,0,-,0,0
ɖ͡ʐ̠̊,-,-,+,-,+,-,-,+,-,-,-,-,+,-,-,0,0,0,-,-,0,-,0,0
ʈ͡ʂ̠̊,-,-,+,-,+,-,-,+,-,-,-,-,+,-,-,0,0,0,-,-,0,-,0,0
ɖ͡ʐ̥,-,-,+,-,+,-,-,+,-,-,-,-,+,-,-,0,0,0,-,-,0,-,0,0
ʈ͡ʂ̥,-,-,+,-,+,-,-,+,-,-,-,-,+,-,-,0,0,0,-,-,0,-,0,0
ʈ͡ʂ,-,-,+,-,+,-,-,+,-,-,-,-,+,-,-,0,0,0,-,-,0,-,0,0
ʈ͡ʂ̺,-,-,+,-,+,-,-,+,-,-,-,-,+,-,-,0,0,0,-,-,0,-,0,0
ɖ͡ʐ̊,-,-,+,-,+,-,-,+,-,-,-,-,+,-,-,0,0,0,-,-,0,-,0,0
ʈ͡ʂ̊,-,-,+,-,+,-,-,+,-,-,-,-,+,-,-,0,0,0,-,-,0,-,0,0
ɖ͡ʐ̟,-,-,+,-,+,-,-,+,+,-,-,-,+,-,-,0,0,0,-,-,0,-,0,0
ɖ͡ʐ̠,-,-,+,-,+,-,-,+,+,-,-,-,+,-,-,0,0,0,-,-,0,-,0,0
ɖ͡ʐ,-,-,+,-,+,-,-,+,+,-,-,-,+,-,-,0,0,0,-,-,0,-,0,0
ɖ͡ʐ̺,-,-,+,-,+,-,-,+,+,-,-,-,+,-,-,0,0,0,-,-,0,-,0,0
ʈ͡ʂ̬,-,-,+,-,+,-,-,+,+,-,-,-,+,-,-,0,0,0,-,-,0,-,0,0
ʈ͡ʂː,-,-,+,-,+,-,-,+,-,-,-,-,+,-,-,0,0,0,-,-,0,+,0,0
ɖ͡ʐ̥ː,-,-,+,-,+,-,-,+,-,-,-,-,+,-,-,0,0,0,-,-,0,+,0,0
ʈ͡ʂ̥ː,-,-,+,-,+,-,-,+,-,-,-,-,+,-,-,0,0,0,-,-,0,+,0,0
ʈ͡ʂ̟ː,-,-,+,-,+,-,-,+,-,-,-,-,+,-,-,0,0,0,-,-,0,+,0,0
ʈ͡ʂˑ,-,-,+,-,+,-,-,+,-,-,-,-,+,-,-,0,0,0,-,-,0,+,0,0
ɖ͡ʐː,-,-,+,-,+,-,-,+,+,-,-,-,+,-,-,0,0,0,-,-,0,+,0,0
ɖ͡ʐ̟ː,-,-,+,-,+,-,-,+,+,-,-,-,+,-,-,0,0,0,-,-,0,+,0,0
ɖ͡ʐˑ,-,-,+,-,+,-,-,+,+,-,-,-,+,-,-,0,0,0,-,-,0,+,0,0
ʈ͡ʂ̻,-,-,+,-,+,-,-,+,-,-,-,-,+,+,-,0,0,0,-,-,0,-,0,0
ɖ͡ʐ̻,-,-,+,-,+,-,-,+,+,-,-,-,+,+,-,0,0,0,-,-,0,-,0,0
t̪͡s̪̺,-,-,+,-,+,-,-,+,-,-,-,+,+,-,-,0,0,0,-,-,0,-,0,0
t̪͡θ̺,-,-,+,-,+,-,-,-,-,-,-,+,+,-,-,0,0,0,-,-,0,-,0,0
d̪͡z̪̺,-,-,+,-,+,-,-,+,+,-,-,+,+,-,-,0,0,0,-,-,0,-,0,0
d̪͡ð̺,-,-,+,-,+,-,-,-,+,-,-,+,+,-,-,0,0,0,-,-,0,-,0,0
t̪͡s̪̟,-,-,+,-,+,-,-,+,-,-,-,+,+,+,-,0,0,0,-,-,0,-,0,0
t̪͡θ̟,-,-,+,-,+,-,-,-,-,-,-,+,+,+,-,0,0,0,-,-,0,-,0,0
t̪͡s̪̠,-,-,+,-,+,-,-,+,-,-,-,+,+,+,-,0,0,0,-,-,0,-,0,0
t̪͡θ̠,-,-,+,-,+,-,-,-,-,-,-,+,+,+,-,0,0,0,-,-,0,-,0,0
d̪͡z̪̪̊,-,-,+,-,+,-,-,+,-,-,-,+,+,+,-,0,0,0,-,-,0,-,0,0
d̪͡ð̪̊,-,-,+,-,+,-,-,-,-,-,-,+,+,+,-,0,0,0,-,-,0,-,0,0
t̪͡s̪̪̊,-,-,+,-,+,-,-,+,-,-,-,+,+,+,-,0,0,0,-,-,0,-,0,0
t̪͡θ̪̊,-,-,+,-,+,-,-,-,-,-,-,+,+,+,-,0,0,0,-,-,0,-,0,0
d̪͡z̪̠̊,-,-,+,-,+,-,-,+,-,-,-,+,+,+,-,0,0,0,-,-,0,-,0,0
d̪͡ð̠̊,-,-,+,-,+,-,-,-,-,-,-,+,+,+,-,0,0,0,-,-,0,-,0,0
t̪͡s̪̠̊,-,-,+,-,+,-,-,+,-,-,-,+,+,+,-,0,0,0,-,-,0,-,0,0
t̪͡θ̠̊,-,-,+,-,+,-,-,-,-,-,-,+,+,+,-,0,0,0,-,-,0,-,0,0
t̪͡s̪̪,-,-,+,-,+,-,-,+,-,-,-,+,+,+,-,0,0,0,-,-,0,-,0,0
t̪͡θ̪,-,-,+,-,+,-,-,-,-,-,-,+,+,+,-,0,0,0,-,-,0,-,0,0
d̪͡z̪̥,-,-,+,-,+,-,-,+,-,-,-,+,+,+,-,0,0,0,-,-,0,-,0,0
d̪͡ð̥,-,-,+,-,+,-,-,-,-,-,-,+,+,+,-,0,0,0,-,-,0,-,0,0
t̪͡s̪̥,-,-,+,-,+,-,-,+,-,-,-,+,+,+,-,0,0,0,-,-,0,-,0,0
t̪͡θ̥,-,-,+,-,+,-,-,-,-,-,-,+,+,+,-,0,0,0,-,-,0,-,0,0
t̪͡s̪,-,-,+,-,+,-,-,+,-,-,-,+,+,+,-,0,0,0,-,-,0,-,0,0
t̪͡θ,-,-,+,-,+,-,-,-,-,-,-,+,+,+,-,0,0,0,-,-,0,-,0,0
t̪͡s̪̻,-,-,+,-,+,-,-,+,-,-,-,+,+,+,-,0,0,0,-,-,0,-,0,0
d̪͡z̪̊,-,-,+,-,+,-,-,+,-,-,-,+,+,+,-,0,0,0,-,-,0,-,0,0
d̪͡ð̊,-,-,+,-,+,-,-,-,-,-,-,+,+,+,-,0,0,0,-,-,0,-,0,0
t̪͡s̪̊,-,-,+,-,+,-,-,+,-,-,-,+,+,+,-,0,0,0,-,-,0,-,0,0
t̪͡θ̊,-,-,+,-,+,-,-,-,-,-,-,+,+,+,-,0,0,0,-,-,0,-,0,0
t̪͡θ̻,-,-,+,-,+,-,-,-,-,-,-,+,+,+,-,0,0,0,-,-,0,-,0,0
d̪͡z̪̟,-,-,+,-,+,-,-,+,+,-,-,+,+,+,-,0,0,0,-,-,0,-,0,0
d̪͡ð̟,-,-,+,-,+,-,-,-,+,-,-,+,+,+,-,0,0,0,-,-,0,-,0,0
d̪͡z̪̠,-,-,+,-,+,-,-,+,+,-,-,+,+,+,-,0,0,0,-,-,0,-,0,0
d̪͡ð̠,-,-,+,-,+,-,-,-,+,-,-,+,+,+,-,0,0,0,-,-,0,-,0,0
d̪͡z̪̪,-,-,+,-,+,-,-,+,+,-,-,+,+,+,-,0,0,0,-,-,0,-,0,0
d̪͡ð̪,-,-,+,-,+,-,-,-,+,-,-,+,+,+,-,0,0,0,-,-,0,-,0,0
d̪͡z̪,-,-,+,-,+,-,-,+,+,-,-,+,+,+,-,0,0,0,-,-,0,-,0,0
d̪͡ð,-,-,+,-,+,-,-,-,+,-,-,+,+,+,-,0,0,0,-,-,0,-,0,0
d̪͡z̪̻,-,-,+,-,+,-,-,+,+,-,-,+,+,+,-,0,0,0,-,-,0,-,0,0
d̪͡ð̻,-,-,+,-,+,-,-,-,+,-,-,+,+,+,-,0,0,0,-,-,0,-,0,0
t̪͡s̪̬,-,-,+,-,+,-,-,+,+,-,-,+,+,+,-,0,0,0,-,-,0,-,0,0
t̪͡θ̬,-,-,+,-,+,-,-,-,+,-,-,+,+,+,-,0,0,0,-,-,0,-,0,0
t̪͡s̪ː,-,-,+,-,+,-,-,+,-,-,-,+,+,+,-,0,0,0,-,-,0,+,0,0
t̪͡θː,-,-,+,-,+,-,-,-,-,-,-,+,+,+,-,0,0,0,-,-,0,+,0,0
d̪͡z̪̥ː,-,-,+,-,+,-,-,+,-,-,-,+,+,+,-,0,0,0,-,-,0,+,0,0
d̪͡ð̥ː,-,-,+,-,+,-,-,-,-,-,-,+,+,+,-,0,0,0,-,-,0,+,0,0
t̪͡s̪̥ː,-,-,+,-,+,-,-,+,-,-,-,+,+,+,-,0,0,0,-,-,0,+,0,0
t̪͡θ̥ː,-,-,+,-,+,-,-,-,-,-,-,+,+,+,-,0,0,0,-,-,0,+,0,0
t̪͡s̪̟ː,-,-,+,-,+,-,-,+,-,-,-,+,+,+,-,0,0,0,-,-,0,+,0,0
t̪͡θ̟ː,-,-,+,-,+,-,-,-,-,-,-,+,+,+,-,0,0,0,-,-,0,+,0,0
t̪͡s̪ˑ,-,-,+,-,+,-,-,+,-,-,-,+,+,+,-,0,0,0,-,-,0,+,0,0
t̪͡θˑ,-,-,+,-,+,-,-,-,-,-,-,+,+,+,-,0,0,0,-,-,0,+,0,0
d̪͡z̪ː,-,-,+,-,+,-,-,+,+,-,-,+,+,+,-,0,0,0,-,-,0,+,0,0
d̪͡ðː,-,-,+,-,+,-,-,-,+,-,-,+,+,+,-,0,0,0,-,-,0,+,0,0
d̪͡z̪̟ː,-,-,+,-,+,-,-,+,+,-,-,+,+,+,-,0,0,0,-,-,0,+,0,0
d̪͡ð̟ː,-,-,+,-,+,-,-,-,+,-,-,+,+,+,-,0,0,0,-,-,0,+,0,0
d̪͡z̪ˑ,-,-,+,-,+,-,-,+,+,-,-,+,+,+,-,0,0,0,-,-,0,+,0,0
d̪͡ðˑ,-,-,+,-,+,-,-,-,+,-,-,+,+,+,-,0,0,0,-,-,0,+,0,0
p͡ɸ̟,-,-,+,-,+,-,-,-,-,-,-,+,-,0,+,0,0,0,-,-,0,-,0,0
p͡ɸ̠,-,-,+,-,+,-,-,-,-,-,-,+,-,0,+,0,0,0,-,-,0,-,0,0
b͡β̠̊,-,-,+,-,+,-,-,-,-,-,-,+,-,0,+,0,0,0,-,-,0,-,0,0
p͡ɸ̠̊,-,-,+,-,+,-,-,-,-,-,-,+,-,0,+,0,0,0,-,-,0,-,0,0
b͡β̥,-,-,+,-,+,-,-,-,-,-,-,+,-,0,+,0,0,0,-,-,0,-,0,0
p͡ɸ̥,-,-,+,-,+,-,-,-,-,-,-,+,-,0,+,0,0,0,-,-,0,-,0,0
p͡ɸ,-,-,+,-,+,-,-,-,-,-,-,+,-,0,+,0,0,0,-,-,0,-,0,0
b͡β̊,-,-,+,-,+,-,-,-,-,-,-,+,-,0,+,0,0,0,-,-,0,-,0,0
p͡ɸ̊,-,-,+,-,+,-,-,-,-,-,-,+,-,0,+,0,0,0,-,-,0,-,0,0
b͡β̟,-,-,+,-,+,-,-,-,+,-,-,+,-,0,+,0,0,0,-,-,0,-,0,0
b͡β̠,-,-,+,-,+,-,-,-,+,-,-,+,-,0,+,0,0,0,-,-,0,-,0,0
p͡ɸ̬,-,-,+,-,+,-,-,-,+,-,-,+,-,0,+,0,0,0,-,-,0,-,0,0
b͡β,-,-,+,-,+,-,-,-,+,-,-,+,-,0,+,0,0,0,-,-,0,-,0,0
b͡β̥ː,-,-,+,-,+,-,-,-,-,-,-,+,-,0,+,0,0,0,-,-,0,+,0,0
p͡ɸ̥ː,-,-,+,-,+,-,-,-,-,-,-,+,-,0,+,0,0,0,-,-,0,+,0,0
p͡ɸː,-,-,+,-,+,-,-,-,-,-,-,+,-,0,+,0,0,0,-,-,0,+,0,0
p͡ɸ̟ː,-,-,+,-,+,-,-,-,-,-,-,+,-,0,+,0,0,0,-,-,0,+,0,0
p͡ɸˑ,-,-,+,-,+,-,-,-,-,-,-,+,-,0,+,0,0,0,-,-,0,+,0,0
b͡βː,-,-,+,-,+,-,-,-,+,-,-,+,-,0,+,0,0,0,-,-,0,+,0,0
b͡β̟ː,-,-,+,-,+,-,-,-,+,-,-,+,-,0,+,0,0,0,-,-,0,+,0,0
b͡βˑ,-,-,+,-,+,-,-,-,+,-,-,+,-,0,+,0,0,0,-,-,0,+,0,0
ɖ͡ʐ̥ˤ,-,-,+,-,+,-,-,+,-,-,-,-,+,-,-,0,+,+,-,-,0,-,0,0
ʈ͡ʂ̥ˤ,-,-,+,-,+,-,-,+,-,-,-,-,+,-,-,0,+,+,-,-,0,-,0,0
ʈ͡ʂˤ,-,-,+,-,+,-,-,+,-,-,-,-,+,-,-,0,+,+,-,-,0,-,0,0
ɖ͡ʐˤ,-,-,+,-,+,-,-,+,+,-,-,-,+,-,-,0,+,+,-,-,0,-,0,0
ʈ͡ʂˤː,-,-,+,-,+,-,-,+,-,-,-,-,+,-,-,0,+,+,-,-,0,+,0,0
ʈ͡ʂːˤ,-,-,+,-,+,-,-,+,-,-,-,-,+,-,-,0,+,+,-,-,0,+,0,0
ɖ͡ʐˤː,-,-,+,-,+,-,-,+,+,-,-,-,+,-,-,0,+,+,-,-,0,+,0,0
ɖ͡ʐːˤ,-,-,+,-,+,-,-,+,+,-,-,-,+,-,-,0,+,+,-,-,0,+,0,0
d̪͡z̪̥ˤ,-,-,+,-,+,-,-,+,-,-,-,+,+,+,-,0,+,+,-,-,0,-,0,0
d̪͡ð̥ˤ,-,-,+,-,+,-,-,-,-,-,-,+,+,+,-,0,+,+,-,-,0,-,0,0
t̪͡s̪̥ˤ,-,-,+,-,+,-,-,+,-,-,-,+,+,+,-,0,+,+,-,-,0,-,0,0
t̪͡θ̥ˤ,-,-,+,-,+,-,-,-,-,-,-,+,+,+,-,0,+,+,-,-,0,-,0,0
t̪͡s̪ˤ,-,-,+,-,+,-,-,+,-,-,-,+,+,+,-,0,+,+,-,-,0,-,0,0
t̪͡θˤ,-,-,+,-,+,-,-,-,-,-,-,+,+,+,-,0,+,+,-,-,0,-,0,0
d̪͡z̪ˤ,-,-,+,-,+,-,-,+,+,-,-,+,+,+,-,0,+,+,-,-,0,-,0,0
d̪͡ðˤ,-,-,+,-,+,-,-,-,+,-,-,+,+,+,-,0,+,+,-,-,0,-,0,0
t̪͡s̪ˤː,-,-,+,-,+,-,-,+,-,-,-,+,+,+,-,0,+,+,-,-,0,+,0,0
t̪͡θˤː,-,-,+,-,+,-,-,-,-,-,-,+,+,+,-,0,+,+,-,-,0,+,0,0
t̪͡s̪ːˤ,-,-,+,-,+,-,-,+,-,-,-,+,+,+,-,0,+,+,-,-,0,+,0,0
t̪͡θːˤ,-,-,+,-,+,-,-,-,-,-,-,+,+,+,-,0,+,+,-,-,0,+,0,0
d̪͡z̪ˤː,-,-,+,-,+,-,-,+,+,-,-,+,+,+,-,0,+,+,-,-,0,+,0,0
d̪͡ðˤː,-,-,+,-,+,-,-,-,+,-,-,+,+,+,-,0,+,+,-,-,0,+,0,0
d̪͡z̪ːˤ,-,-,+,-,+,-,-,+,+,-,-,+,+,+,-,0,+,+,-,-,0,+,0,0
d̪͡ðːˤ,-,-,+,-,+,-,-,-,+,-,-,+,+,+,-,0,+,+,-,-,0,+,0,0
b͡β̥ˤ,-,-,+,-,+,-,-,-,-,-,-,+,-,0,+,0,+,+,-,-,0,-,0,0
p͡ɸ̥ˤ,-,-,+,-,+,-,-,-,-,-,-,+,-,0,+,0,+,+,-,-,0,-,0,0
p͡ɸˤ,-,-,+,-,+,-,-,-,-,-,-,+,-,0,+,0,+,+,-,-,0,-,0,0
b͡βˤ,-,-,+,-,+,-,-,-,+,-,-,+,-,0,+,0,+,+,-,-,0,-,0,0
p͡ɸˤː,-,-,+,-,+,-,-,-,-,-,-,+,-,0,+,0,+,+,-,-,0,+,0,0
p͡ɸːˤ,-,-,+,-,+,-,-,-,-,-,-,+,-,0,+,0,+,+,-,-,0,+,0,0
b͡βˤː,-,-,+,-,+,-,-,-,+,-,-,+,-,0,+,0,+,+,-,-,0,+,0,0
b͡βːˤ,-,-,+,-,+,-,-,-,+,-,-,+,-,0,+,0,+,+,-,-,0,+,0,0
q͡χ̟,-,-,+,-,+,-,-,-,-,-,-,-,-,0,-,-,-,+,-,-,0,-,0,0
q͡χ̠,-,-,+,-,+,-,-,-,-,-,-,-,-,0,-,-,-,+,-,-,0,-,0,0
q͡χ̠̊,-,-,+,-,+,-,-,-,-,-,-,-,-,0,-,-,-,+,-,-,0,-,0,0
ɢ͡ʁ̠̊,-,-,+,-,+,-,-,-,-,-,-,-,-,0,-,-,-,+,-,-,0,-,0,0
q͡χ̥,-,-,+,-,+,-,-,-,-,-,-,-,-,0,-,-,-,+,-,-,0,-,0,0
ɢ͡ʁ̥,-,-,+,-,+,-,-,-,-,-,-,-,-,0,-,-,-,+,-,-,0,-,0,0
q͡χ,-,-,+,-,+,-,-,-,-,-,-,-,-,0,-,-,-,+,-,-,0,-,0,0
q͡χ̊,-,-,+,-,+,-,-,-,-,-,-,-,-,0,-,-,-,+,-,-,0,-,0,0
ɢ͡ʁ̊,-,-,+,-,+,-,-,-,-,-,-,-,-,0,-,-,-,+,-,-,0,-,0,0
ɢ͡ʁ̟,-,-,+,-,+,-,-,-,+,-,-,-,-,0,-,-,-,+,-,-,0,-,0,0
ɢ͡ʁ̠,-,-,+,-,+,-,-,-,+,-,-,-,-,0,-,-,-,+,-,-,0,-,0,0
ɢ͡ʁ,-,-,+,-,+,-,-,-,+,-,-,-,-,0,-,-,-,+,-,-,0,-,0,0
q͡χ̬,-,-,+,-,+,-,-,-,+,-,-,-,-,0,-,-,-,+,-,-,0,-,0,0
q͡χ̥ː,-,-,+,-,+,-,-,-,-,-,-,-,-,0,-,-,-,+,-,-,0,+,0,0
ɢ͡ʁ̥ː,-,-,+,-,+,-,-,-,-,-,-,-,-,0,-,-,-,+,-,-,0,+,0,0
q͡χː,-,-,+,-,+,-,-,-,-,-,-,-,-,0,-,-,-,+,-,-,0,+,0,0
q͡χ̟ː,-,-,+,-,+,-,-,-,-,-,-,-,-,0,-,-,-,+,-,-,0,+,0,0
q͡χˑ,-,-,+,-,+,-,-,-,-,-,-,-,-,0,-,-,-,+,-,-,0,+,0,0
ɢ͡ʁː,-,-,+,-,+,-,-,-,+,-,-,-,-,0,-,-,-,+,-,-,0,+,0,0
ɢ͡ʁ̟ː,-,-,+,-,+,-,-,-,+,-,-,-,-,0,-,-,-,+,-,-,0,+,0,0
ɢ͡ʁˑ,-,-,+,-,+,-,-,-,+,-,-,-,-,0,-,-,-,+,-,-,0,+,0,0
t͡ʃ̺,-,-,+,-,+,-,-,+,-,-,-,-,+,-,-,-,-,-,-,-,0,-,0,0
t̠͡ʃ̺,-,-,+,-,+,-,-,+,-,-,-,-,+,-,-,-,-,-,-,-,0,-,0,0
d͡ʒ̺,-,-,+,-,+,-,-,+,+,-,-,-,+,-,-,-,-,-,-,-,0,-,0,0
t͡ʃ̟,-,-,+,-,+,-,-,+,-,-,-,-,+,+,-,-,-,-,-,-,0,-,0,0
t̠͡ʃ̟,-,-,+,-,+,-,-,+,-,-,-,-,+,+,-,-,-,-,-,-,0,-,0,0
t͡ʃ̠,-,-,+,-,+,-,-,+,-,-,-,-,+,+,-,-,-,-,-,-,0,-,0,0
t̠͡ʃ̠,-,-,+,-,+,-,-,+,-,-,-,-,+,+,-,-,-,-,-,-,0,-,0,0
d͡ʒ̠̊,-,-,+,-,+,-,-,+,-,-,-,-,+,+,-,-,-,-,-,-,0,-,0,0
t͡ʃ̠̊,-,-,+,-,+,-,-,+,-,-,-,-,+,+,-,-,-,-,-,-,0,-,0,0
t̠͡ʃ̠̊,-,-,+,-,+,-,-,+,-,-,-,-,+,+,-,-,-,-,-,-,0,-,0,0
d͡ʒ̥,-,-,+,-,+,-,-,+,-,-,-,-,+,+,-,-,-,-,-,-,0,-,0,0
t͡ʃ̥,-,-,+,-,+,-,-,+,-,-,-,-,+,+,-,-,-,-,-,-,0,-,0,0
t̠͡ʃ̥,-,-,+,-,+,-,-,+,-,-,-,-,+,+,-,-,-,-,-,-,0,-,0,0
t͡ʃ,-,-,+,-,+,-,-,+,-,-,-,-,+,+,-,-,-,-,-,-,0,-,0,0
t̠͡ʃ,-,-,+,-,+,-,-,+,-,-,-,-,+,+,-,-,-,-,-,-,0,-,0,0
t͡ʃ̻,-,-,+,-,+,-,-,+,-,-,-,-,+,+,-,-,-,-,-,-,0,-,0,0
t̠͡ʃ̻,-,-,+,-,+,-,-,+,-,-,-,-,+,+,-,-,-,-,-,-,0,-,0,0
d͡ʒ̊,-,-,+,-,+,-,-,+,-,-,-,-,+,+,-,-,-,-,-,-,0,-,0,0
t͡ʃ̊,-,-,+,-,+,-,-,+,-,-,-,-,+,+,-,-,-,-,-,-,0,-,0,0
t̠͡ʃ̊,-,-,+,-,+,-,-,+,-,-,-,-,+,+,-,-,-,-,-,-,0,-,0,0
d͡ʒ̟,-,-,+,-,+,-,-,+,+,-,-,-,+,+,-,-,-,-,-,-,0,-,0,0
d͡ʒ̠,-,-,+,-,+,-,-,+,+,-,-,-,+,+,-,-,-,-,-,-,0,-,0,0
d͡ʒ,-,-,+,-,+,-,-,+,+,-,-,-,+,+,-,-,-,-,-,-,0,-,0,0
d͡ʒ̻,-,-,+,-,+,-,-,+,+,-,-,-,+,+,-,-,-,-,-,-,0,-,0,0
t͡ʃ̬,-,-,+,-,+,-,-,+,+,-,-,-,+,+,-,-,-,-,-,-,0,-,0,0
t̠͡ʃ̬,-,-,+,-,+,-,-,+,+,-,-,-,+,+,-,-,-,-,-,-,0,-,0,0
t͡ʃː,-,-,+,-,+,-,-,+,-,-,-,-,+,+,-,-,-,-,-,-,0,+,0,0
t̠͡ʃː,-,-,+,-,+,-,-,+,-,-,-,-,+,+,-,-,-,-,-,-,0,+,0,0
d͡ʒ̥ː,-,-,+,-,+,-,-,+,-,-,-,-,+,+,-,-,-,-,-,-,0,+,0,0
t͡ʃ̥ː,-,-,+,-,+,-,-,+,-,-,-,-,+,+,-,-,-,-,-,-,0,+,0,0
t̠͡ʃ̥ː,-,-,+,-,+,-,-,+,-,-,-,-,+,+,-,-,-,-,-,-,0,+,0,0
t͡ʃ̟ː,-,-,+,-,+,-,-,+,-,-,-,-,+,+,-,-,-,-,-,-,0,+,0,0
t̠͡ʃ̟ː,-,-,+,-,+,-,-,+,-,-,-,-,+,+,-,-,-,-,-,-,0,+,0,0
t͡ʃˑ,-,-,+,-,+,-,-,+,-,-,-,-,+,+,-,-,-,-,-,-,0,+,0,0
t̠͡ʃˑ,-,-,+,-,+,-,-,+,-,-,-,-,+,+,-,-,-,-,-,-,0,+,0,0
d͡ʒː,-,-,+,-,+,-,-,+,+,-,-,-,+,+,-,-,-,-,-,-,0,+,0,0
d͡ʒ̟ː,-,-,+,-,+,-,-,+,+,-,-,-,+,+,-,-,-,-,-,-,0,+,0,0
d͡ʒˑ,-,-,+,-,+,-,-,+,+,-,-,-,+,+,-,-,-,-,-,-,0,+,0,0
t̠͡ɹ̠̟,-,-,+,-,+,-,-,-,-,-,-,+,+,-,-,-,-,-,-,-,0,-,0,0
t̠͡ɹ̝̠̟̊,-,-,+,-,+,-,-,-,-,-,-,+,+,-,-,-,-,-,-,-,0,-,0,0
t͡s̟,-,-,+,-,+,-,-,+,-,-,-,+,+,-,-,-,-,-,-,-,0,-,0,0
t̠͡ɹ̠̠,-,-,+,-,+,-,-,-,-,-,-,+,+,-,-,-,-,-,-,-,0,-,0,0
t̠͡ɹ̝̠̠̊,-,-,+,-,+,-,-,-,-,-,-,+,+,-,-,-,-,-,-,-,0,-,0,0
t͡s̠,-,-,+,-,+,-,-,+,-,-,-,+,+,-,-,-,-,-,-,-,0,-,0,0
t̠͡ɹ̠̠̊,-,-,+,-,+,-,-,-,-,-,-,+,+,-,-,-,-,-,-,-,0,-,0,0
t̠͡ɹ̝̠̠̊̊,-,-,+,-,+,-,-,-,-,-,-,+,+,-,-,-,-,-,-,-,0,-,0,0
d͡ɹ̝̠̊,-,-,+,-,+,-,-,-,-,-,-,+,+,-,-,-,-,-,-,-,0,-,0,0
d̠͡ɹ̠˔̠̊,-,-,+,-,+,-,-,-,-,-,-,+,+,-,-,-,-,-,-,-,0,-,0,0
d͡z̠̊,-,-,+,-,+,-,-,+,-,-,-,+,+,-,-,-,-,-,-,-,0,-,0,0
t͡s̠̊,-,-,+,-,+,-,-,+,-,-,-,+,+,-,-,-,-,-,-,-,0,-,0,0
t̠͡ɹ̠̥,-,-,+,-,+,-,-,-,-,-,-,+,+,-,-,-,-,-,-,-,0,-,0,0
t̠͡ɹ̝̠̥̊,-,-,+,-,+,-,-,-,-,-,-,+,+,-,-,-,-,-,-,-,0,-,0,0
d͡ɹ̝̥,-,-,+,-,+,-,-,-,-,-,-,+,+,-,-,-,-,-,-,-,0,-,0,0
d̠͡ɹ̠˔̥,-,-,+,-,+,-,-,-,-,-,-,+,+,-,-,-,-,-,-,-,0,-,0,0
d͡z̥,-,-,+,-,+,-,-,+,-,-,-,+,+,-,-,-,-,-,-,-,0,-,0,0
t͡s̥,-,-,+,-,+,-,-,+,-,-,-,+,+,-,-,-,-,-,-,-,0,-,0,0
t̠͡ɹ̠,-,-,+,-,+,-,-,-,-,-,-,+,+,-,-,-,-,-,-,-,0,-,0,0
t̠͡ɹ̝̠̊,-,-,+,-,+,-,-,-,-,-,-,+,+,-,-,-,-,-,-,-,0,-,0,0
t͡s,-,-,+,-,+,-,-,+,-,-,-,+,+,-,-,-,-,-,-,-,0,-,0,0
t̠͡ɹ̠̺,-,-,+,-,+,-,-,-,-,-,-,+,+,-,-,-,-,-,-,-,0,-,0,0
t̠͡ɹ̝̠̺̊,-,-,+,-,+,-,-,-,-,-,-,+,+,-,-,-,-,-,-,-,0,-,0,0
t͡s̺,-,-,+,-,+,-,-,+,-,-,-,+,+,-,-,-,-,-,-,-,0,-,0,0
t̠͡ɹ̠̊,-,-,+,-,+,-,-,-,-,-,-,+,+,-,-,-,-,-,-,-,0,-,0,0
t̠͡ɹ̝̠̊̊,-,-,+,-,+,-,-,-,-,-,-,+,+,-,-,-,-,-,-,-,0,-,0,0
d͡ɹ̝̊,-,-,+,-,+,-,-,-,-,-,-,+,+,-,-,-,-,-,-,-,0,-,0,0
d̠͡ɹ̠˔̊,-,-,+,-,+,-,-,-,-,-,-,+,+,-,-,-,-,-,-,-,0,-,0,0
d͡z̊,-,-,+,-,+,-,-,+,-,-,-,+,+,-,-,-,-,-,-,-,0,-,0,0
t͡s̊,-,-,+,-,+,-,-,+,-,-,-,+,+,-,-,-,-,-,-,-,0,-,0,0
d͡ɹ̝̟,-,-,+,-,+,-,-,-,+,-,-,+,+,-,-,-,-,-,-,-,0,-,0,0
d̠͡ɹ̠˔̟,-,-,+,-,+,-,-,-,+,-,-,+,+,-,-,-,-,-,-,-,0,-,0,0
d͡z̟,-,-,+,-,+,-,-,+,+,-,-,+,+,-,-,-,-,-,-,-,0,-,0,0
d͡ɹ̝̠,-,-,+,-,+,-,-,-,+,-,-,+,+,-,-,-,-,-,-,-,0,-,0,0
d̠͡ɹ̠˔̠,-,-,+,-,+,-,-,-,+,-,-,+,+,-,-,-,-,-,-,-,0,-,0,0
d͡z̠,-,-,+,-,+,-,-,+,+,-,-,+,+,-,-,-,-,-,-,-,0,-,0,0
d͡ɹ̝,-,-,+,-,+,-,-,-,+,-,-,+,+,-,-,-,-,-,-,-,0,-,0,0
d̠͡ɹ̠˔,-,-,+,-,+,-,-,-,+,-,-,+,+,-,-,-,-,-,-,-,0,-,0,0
d͡z,-,-,+,-,+,-,-,+,+,-,-,+,+,-,-,-,-,-,-,-,0,-,0,0
d͡ɹ̝̺,-,-,+,-,+,-,-,-,+,-,-,+,+,-,-,-,-,-,-,-,0,-,0,0
d̠͡ɹ̠˔̺,-,-,+,-,+,-,-,-,+,-,-,+,+,-,-,-,-,-,-,-,0,-,0,0
d͡z̺,-,-,+,-,+,-,-,+,+,-,-,+,+,-,-,-,-,-,-,-,0,-,0,0
t̠͡ɹ̠̬,-,-,+,-,+,-,-,-,+,-,-,+,+,-,-,-,-,-,-,-,0,-,0,0
t̠͡ɹ̝̠̬̊,-,-,+,-,+,-,-,-,+,-,-,+,+,-,-,-,-,-,-,-,0,-,0,0
t͡s̬,-,-,+,-,+,-,-,+,+,-,-,+,+,-,-,-,-,-,-,-,0,-,0,0
t̠͡ɹ̠ː,-,-,+,-,+,-,-,-,-,-,-,+,+,-,-,-,-,-,-,-,0,+,0,0
t̠͡ɹ̝̠̊ː,-,-,+,-,+,-,-,-,-,-,-,+,+,-,-,-,-,-,-,-,0,+,0,0
t͡sː,-,-,+,-,+,-,-,+,-,-,-,+,+,-,-,-,-,-,-,-,0,+,0,0
t̠͡ɹ̠̥ː,-,-,+,-,+,-,-,-,-,-,-,+,+,-,-,-,-,-,-,-,0,+,0,0
t̠͡ɹ̝̠̥̊ː,-,-,+,-,+,-,-,-,-,-,-,+,+,-,-,-,-,-,-,-,0,+,0,0
d͡ɹ̝̥ː,-,-,+,-,+,-,-,-,-,-,-,+,+,-,-,-,-,-,-,-,0,+,0,0
d̠͡ɹ̠˔̥ː,-,-,+,-,+,-,-,-,-,-,-,+,+,-,-,-,-,-,-,-,0,+,0,0
d͡z̥ː,-,-,+,-,+,-,-,+,-,-,-,+,+,-,-,-,-,-,-,-,0,+,0,0
t͡s̥ː,-,-,+,-,+,-,-,+,-,-,-,+,+,-,-,-,-,-,-,-,0,+,0,0
t̠͡ɹ̠̟ː,-,-,+,-,+,-,-,-,-,-,-,+,+,-,-,-,-,-,-,-,0,+,0,0
t̠͡ɹ̝̠̟̊ː,-,-,+,-,+,-,-,-,-,-,-,+,+,-,-,-,-,-,-,-,0,+,0,0
t͡s̟ː,-,-,+,-,+,-,-,+,-,-,-,+,+,-,-,-,-,-,-,-,0,+,0,0
t̠͡ɹ̠ˑ,-,-,+,-,+,-,-,-,-,-,-,+,+,-,-,-,-,-,-,-,0,+,0,0
t̠͡ɹ̝̠̊ˑ,-,-,+,-,+,-,-,-,-,-,-,+,+,-,-,-,-,-,-,-,0,+,0,0
t͡sˑ,-,-,+,-,+,-,-,+,-,-,-,+,+,-,-,-,-,-,-,-,0,+,0,0
d͡ɹ̝ː,-,-,+,-,+,-,-,-,+,-,-,+,+,-,-,-,-,-,-,-,0,+,0,0
d̠͡ɹ̠˔ː,-,-,+,-,+,-,-,-,+,-,-,+,+,-,-,-,-,-,-,-,0,+,0,0
d͡zː,-,-,+,-,+,-,-,+,+,-,-,+,+,-,-,-,-,-,-,-,0,+,0,0
d͡ɹ̝̟ː,-,-,+,-,+,-,-,-,+,-,-,+,+,-,-,-,-,-,-,-,0,+,0,0
d̠͡ɹ̠˔̟ː,-,-,+,-,+,-,-,-,+,-,-,+,+,-,-,-,-,-,-,-,0,+,0,0
d͡z̟ː,-,-,+,-,+,-,-,+,+,-,-,+,+,-,-,-,-,-,-,-,0,+,0,0
d͡ɹ̝ˑ,-,-,+,-,+,-,-,-,+,-,-,+,+,-,-,-,-,-,-,-,0,+,0,0
d̠͡ɹ̠˔ˑ,-,-,+,-,+,-,-,-,+,-,-,+,+,-,-,-,-,-,-,-,0,+,0,0
d͡zˑ,-,-,+,-,+,-,-,+,+,-,-,+,+,-,-,-,-,-,-,-,0,+,0,0
t̠͡ɹ̠̪̊,-,-,+,-,+,-,-,-,-,-,-,+,+,+,-,-,-,-,-,-,0,-,0,0
t̠͡ɹ̝̠̪̊̊,-,-,+,-,+,-,-,-,-,-,-,+,+,+,-,-,-,-,-,-,0,-,0,0
d͡ɹ̝̪̊,-,-,+,-,+,-,-,-,-,-,-,+,+,+,-,-,-,-,-,-,0,-,0,0
d̠͡ɹ̠˔̪̊,-,-,+,-,+,-,-,-,-,-,-,+,+,+,-,-,-,-,-,-,0,-,0,0
d͡z̪̊,-,-,+,-,+,-,-,+,-,-,-,+,+,+,-,-,-,-,-,-,0,-,0,0
t͡s̪̊,-,-,+,-,+,-,-,+,-,-,-,+,+,+,-,-,-,-,-,-,0,-,0,0
t̠͡ɹ̠̪,-,-,+,-,+,-,-,-,-,-,-,+,+,+,-,-,-,-,-,-,0,-,0,0
t̠͡ɹ̝̠̪̊,-,-,+,-,+,-,-,-,-,-,-,+,+,+,-,-,-,-,-,-,0,-,0,0
t͡s̪,-,-,+,-,+,-,-,+,-,-,-,+,+,+,-,-,-,-,-,-,0,-,0,0
t̠͡ɹ̠̻,-,-,+,-,+,-,-,-,-,-,-,+,+,+,-,-,-,-,-,-,0,-,0,0
t̠͡ɹ̝̠̻̊,-,-,+,-,+,-,-,-,-,-,-,+,+,+,-,-,-,-,-,-,0,-,0,0
t͡s̻,-,-,+,-,+,-,-,+,-,-,-,+,+,+,-,-,-,-,-,-,0,-,0,0
d͡ɹ̝̪,-,-,+,-,+,-,-,-,+,-,-,+,+,+,-,-,-,-,-,-,0,-,0,0
d̠͡ɹ̠˔̪,-,-,+,-,+,-,-,-,+,-,-,+,+,+,-,-,-,-,-,-,0,-,0,0
d͡z̪,-,-,+,-,+,-,-,+,+,-,-,+,+,+,-,-,-,-,-,-,0,-,0,0
d͡ɹ̝̻,-,-,+,-,+,-,-,-,+,-,-,+,+,+,-,-,-,-,-,-,0,-,0,0
d̠͡ɹ̠˔̻,-,-,+,-,+,-,-,-,+,-,-,+,+,+,-,-,-,-,-,-,0,-,0,0
d͡z̻,-,-,+,-,+,-,-,+,+,-,-,+,+,+,-,-,-,-,-,-,0,-,0,0
p͡f̟,-,-,+,-,+,-,-,+,-,-,-,+,-,0,+,-,-,-,-,-,0,-,0,0
p͡f̠,-,-,+,-,+,-,-,+,-,-,-,+,-,0,+,-,-,-,-,-,0,-,0,0
b͡v̠̊,-,-,+,-,+,-,-,+,-,-,-,+,-,0,+,-,-,-,-,-,0,-,0,0
p͡f̠̊,-,-,+,-,+,-,-,+,-,-,-,+,-,0,+,-,-,-,-,-,0,-,0,0
b͡v̥,-,-,+,-,+,-,-,+,-,-,-,+,-,0,+,-,-,-,-,-,0,-,0,0
p͡f̥,-,-,+,-,+,-,-,+,-,-,-,+,-,0,+,-,-,-,-,-,0,-,0,0
p͡f,-,-,+,-,+,-,-,+,-,-,-,+,-,0,+,-,-,-,-,-,0,-,0,0
b͡v̊,-,-,+,-,+,-,-,+,-,-,-,+,-,0,+,-,-,-,-,-,0,-,0,0
p͡f̊,-,-,+,-,+,-,-,+,-,-,-,+,-,0,+,-,-,-,-,-,0,-,0,0
b͡v̟,-,-,+,-,+,-,-,+,+,-,-,+,-,0,+,-,-,-,-,-,0,-,0,0
b͡v̠,-,-,+,-,+,-,-,+,+,-,-,+,-,0,+,-,-,-,-,-,0,-,0,0
b͡v,-,-,+,-,+,-,-,+,+,-,-,+,-,0,+,-,-,-,-,-,0,-,0,0
p͡f̬,-,-,+,-,+,-,-,+,+,-,-,+,-,0,+,-,-,-,-,-,0,-,0,0
p͡fː,-,-,+,-,+,-,-,+,-,-,-,+,-,0,+,-,-,-,-,-,0,+,0,0
b͡v̥ː,-,-,+,-,+,-,-,+,-,-,-,+,-,0,+,-,-,-,-,-,0,+,0,0
p͡f̥ː,-,-,+,-,+,-,-,+,-,-,-,+,-,0,+,-,-,-,-,-,0,+,0,0
p͡f̟ː,-,-,+,-,+,-,-,+,-,-,-,+,-,0,+,-,-,-,-,-,0,+,0,0
p͡fˑ,-,-,+,-,+,-,-,+,-,-,-,+,-,0,+,-,-,-,-,-,0,+,0,0
b͡vː,-,-,+,-,+,-,-,+,+,-,-,+,-,0,+,-,-,-,-,-,0,+,0,0
b͡v̟ː,-,-,+,-,+,-,-,+,+,-,-,+,-,0,+,-,-,-,-,-,0,+,0,0
b͡vˑ,-,-,+,-,+,-,-,+,+,-,-,+,-,0,+,-,-,-,-,-,0,+,0,0
q͡χ̥ˤ,-,-,+,-,+,-,-,-,-,-,-,-,-,0,-,-,+,+,-,-,0,-,0,0
ɢ͡ʁ̥ˤ,-,-,+,-,+,-,-,-,-,-,-,-,-,0,-,-,+,+,-,-,0,-,0,0
q͡χˤ,-,-,+,-,+,-,-,-,-,-,-,-,-,0,-,-,+,+,-,-,0,-,0,0
ɢ͡ʁˤ,-,-,+,-,+,-,-,-,+,-,-,-,-,0,-,-,+,+,-,-,0,-,0,0
q͡χˤː,-,-,+,-,+,-,-,-,-,-,-,-,-,0,-,-,+,+,-,-,0,+,0,0
q͡χːˤ,-,-,+,-,+,-,-,-,-,-,-,-,-,0,-,-,+,+,-,-,0,+,0,0
ɢ͡ʁˤː,-,-,+,-,+,-,-,-,+,-,-,-,-,0,-,-,+,+,-,-,0,+,0,0
ɢ͡ʁːˤ,-,-,+,-,+,-,-,-,+,-,-,-,-,0,-,-,+,+,-,-,0,+,0,0
d͡ʒ̥ˤ,-,-,+,-,+,-,-,+,-,-,-,-,+,+,-,-,+,+,-,-,0,-,0,0
t͡ʃ̥ˤ,-,-,+,-,+,-,-,+,-,-,-,-,+,+,-,-,+,+,-,-,0,-,0,0
t̠͡ʃ̥ˤ,-,-,+,-,+,-,-,+,-,-,-,-,+,+,-,-,+,+,-,-,0,-,0,0
t͡ʃˤ,-,-,+,-,+,-,-,+,-,-,-,-,+,+,-,-,+,+,-,-,0,-,0,0
t̠͡ʃˤ,-,-,+,-,+,-,-,+,-,-,-,-,+,+,-,-,+,+,-,-,0,-,0,0
d͡ʒˤ,-,-,+,-,+,-,-,+,+,-,-,-,+,+,-,-,+,+,-,-,0,-,0,0
t͡ʃˤː,-,-,+,-,+,-,-,+,-,-,-,-,+,+,-,-,+,+,-,-,0,+,0,0
t̠͡ʃˤː,-,-,+,-,+,-,-,+,-,-,-,-,+,+,-,-,+,+,-,-,0,+,0,0
t͡ʃːˤ,-,-,+,-,+,-,-,+,-,-,-,-,+,+,-,-,+,+,-,-,0,+,0,0
t̠͡ʃːˤ,-,-,+,-,+,-,-,+,-,-,-,-,+,+,-,-,+,+,-,-,0,+,0,0
d͡ʒˤː,-,-,+,-,+,-,-,+,+,-,-,-,+,+,-,-,+,+,-,-,0,+,0,0
d͡ʒːˤ,-,-,+,-,+,-,-,+,+,-,-,-,+,+,-,-,+,+,-,-,0,+,0,0
t̠͡ɹ̠̥ˤ,-,-,+,-,+,-,-,-,-,-,-,+,+,-,-,-,+,+,-,-,0,-,0,0
t̠͡ɹ̝̠̥̊ˤ,-,-,+,-,+,-,-,-,-,-,-,+,+,-,-,-,+,+,-,-,0,-,0,0
d͡ɹ̝̥ˤ,-,-,+,-,+,-,-,-,-,-,-,+,+,-,-,-,+,+,-,-,0,-,0,0
d̠͡ɹ̠˔̥ˤ,-,-,+,-,+,-,-,-,-,-,-,+,+,-,-,-,+,+,-,-,0,-,0,0
d͡z̥ˤ,-,-,+,-,+,-,-,+,-,-,-,+,+,-,-,-,+,+,-,-,0,-,0,0
t͡s̥ˤ,-,-,+,-,+,-,-,+,-,-,-,+,+,-,-,-,+,+,-,-,0,-,0,0
t̠͡ɹ̠ˤ,-,-,+,-,+,-,-,-,-,-,-,+,+,-,-,-,+,+,-,-,0,-,0,0
t̠͡ɹ̝̠̊ˤ,-,-,+,-,+,-,-,-,-,-,-,+,+,-,-,-,+,+,-,-,0,-,0,0
t͡sˤ,-,-,+,-,+,-,-,+,-,-,-,+,+,-,-,-,+,+,-,-,0,-,0,0
d͡ɹ̝ˤ,-,-,+,-,+,-,-,-,+,-,-,+,+,-,-,-,+,+,-,-,0,-,0,0
d̠͡ɹ̠˔ˤ,-,-,+,-,+,-,-,-,+,-,-,+,+,-,-,-,+,+,-,-,0,-,0,0
d͡zˤ,-,-,+,-,+,-,-,+,+,-,-,+,+,-,-,-,+,+,-,-,0,-,0,0
t̠͡ɹ̠ˤː,-,-,+,-,+,-,-,-,-,-,-,+,+,-,-,-,+,+,-,-,0,+,0,0
t̠͡ɹ̝̠̊ˤː,-,-,+,-,+,-,-,-,-,-,-,+,+,-,-,-,+,+,-,-,0,+,0,0
t͡sˤː,-,-,+,-,+,-,-,+,-,-,-,+,+,-,-,-,+,+,-,-,0,+,0,0
t̠͡ɹ̠ːˤ,-,-,+,-,+,-,-,-,-,-,-,+,+,-,-,-,+,+,-,-,0,+,0,0
t̠͡ɹ̝̠̊ːˤ,-,-,+,-,+,-,-,-,-,-,-,+,+,-,-,-,+,+,-,-,0,+,0,0
t͡sːˤ,-,-,+,-,+,-,-,+,-,-,-,+,+,-,-,-,+,+,-,-,0,+,0,0
d͡ɹ̝ˤː,-,-,+,-,+,-,-,-,+,-,-,+,+,-,-,-,+,+,-,-,0,+,0,0
d̠͡ɹ̠˔ˤː,-,-,+,-,+,-,-,-,+,-,-,+,+,-,-,-,+,+,-,-,0,+,0,0
d͡zˤː,-,-,+,-,+,-,-,+,+,-,-,+,+,-,-,-,+,+,-,-,0,+,0,0
d͡ɹ̝ːˤ,-,-,+,-,+,-,-,-,+,-,-,+,+,-,-,-,+,+,-,-,0,+,0,0
d̠͡ɹ̠˔ːˤ,-,-,+,-,+,-,-,-,+,-,-,+,+,-,-,-,+,+,-,-,0,+,0,0
d͡zːˤ,-,-,+,-,+,-,-,+,+,-,-,+,+,-,-,-,+,+,-,-,0,+,0,0
b͡v̥ˤ,-,-,+,-,+,-,-,+,-,-,-,+,-,0,+,-,+,+,-,-,0,-,0,0
p͡f̥ˤ,-,-,+,-,+,-,-,+,-,-,-,+,-,0,+,-,+,+,-,-,0,-,0,0
p͡fˤ,-,-,+,-,+,-,-,+,-,-,-,+,-,0,+,-,+,+,-,-,0,-,0,0
b͡vˤ,-,-,+,-,+,-,-,+,+,-,-,+,-,0,+,-,+,+,-,-,0,-,0,0
p͡fˤː,-,-,+,-,+,-,-,+,-,-,-,+,-,0,+,-,+,+,-,-,0,+,0,0
p͡fːˤ,-,-,+,-,+,-,-,+,-,-,-,+,-,0,+,-,+,+,-,-,0,+,0,0
b͡vˤː,-,-,+,-,+,-,-,+,+,-,-,+,-,0,+,-,+,+,-,-,0,+,0,0
b͡vːˤ,-,-,+,-,+,-,-,+,+,-,-,+,-,0,+,-,+,+,-,-,0,+,0,0
ʈ͡ʂʲ,-,-,+,-,+,-,-,+,-,-,-,-,+,-,-,+,0,-,-,-,0,-,0,0
ɖ͡ʐ̥ʲ,-,-,+,-,+,-,-,+,-,-,-,-,+,-,-,+,0,-,-,-,0,-,0,0
ʈ͡ʂ̥ʲ,-,-,+,-,+,-,-,+,-,-,-,-,+,-,-,+,0,-,-,-,0,-,0,0
ɖ͡ʐʲ,-,-,+,-,+,-,-,+,+,-,-,-,+,-,-,+,0,-,-,-,0,-,0,0
ʈ͡ʂʲː,-,-,+,-,+,-,-,+,-,-,-,-,+,-,-,+,0,-,-,-,0,+,0,0
ʈ͡ʂːʲ,-,-,+,-,+,-,-,+,-,-,-,-,+,-,-,+,0,-,-,-,0,+,0,0
ɖ͡ʐʲː,-,-,+,-,+,-,-,+,+,-,-,-,+,-,-,+,0,-,-,-,0,+,0,0
ɖ͡ʐːʲ,-,-,+,-,+,-,-,+,+,-,-,-,+,-,-,+,0,-,-,-,0,+,0,0
ʈ͡ʂᶣ,-,-,+,-,+,-,-,+,-,-,-,-,+,-,-,+,0,-,+,-,0,-,0,0
ɖ͡ʐᶣ,-,-,+,-,+,-,-,+,+,-,-,-,+,-,-,+,0,-,+,-,0,-,0,0
ʈ͡ʂˠ,-,-,+,-,+,-,-,+,-,-,-,-,+,-,-,+,0,+,-,-,0,-,0,0
ɖ͡ʐ̥ˠ,-,-,+,-,+,-,-,+,-,-,-,-,+,-,-,+,0,+,-,-,0,-,0,0
ʈ͡ʂ̥ˠ,-,-,+,-,+,-,-,+,-,-,-,-,+,-,-,+,0,+,-,-,0,-,0,0
ɖ͡ʐˠ,-,-,+,-,+,-,-,+,+,-,-,-,+,-,-,+,0,+,-,-,0,-,0,0
ʈ͡ʂːˠ,-,-,+,-,+,-,-,+,-,-,-,-,+,-,-,+,0,+,-,-,0,+,0,0
ɖ͡ʐːˠ,-,-,+,-,+,-,-,+,+,-,-,-,+,-,-,+,0,+,-,-,0,+,0,0
ʈ͡ʂʲʷ,-,-,+,-,+,-,-,+,-,-,-,-,+,-,-,+,0,+,+,-,0,-,0,0
ʈ͡ʂ̠ʷ,-,-,+,-,+,-,-,+,-,-,-,-,+,-,-,+,0,+,+,-,0,-,0,0
ʈ͡ʂʷ,-,-,+,-,+,-,-,+,-,-,-,-,+,-,-,+,0,+,+,-,0,-,0,0
ɖ͡ʐ̥ʷ,-,-,+,-,+,-,-,+,-,-,-,-,+,-,-,+,0,+,+,-,0,-,0,0
ʈ͡ʂ̥ʷ,-,-,+,-,+,-,-,+,-,-,-,-,+,-,-,+,0,+,+,-,0,-,0,0
ʈ͡ʂʷˠ,-,-,+,-,+,-,-,+,-,-,-,-,+,-,-,+,0,+,+,-,0,-,0,0
ɖ͡ʐʲʷ,-,-,+,-,+,-,-,+,+,-,-,-,+,-,-,+,0,+,+,-,0,-,0,0
ɖ͡ʐ̠ʷ,-,-,+,-,+,-,-,+,+,-,-,-,+,-,-,+,0,+,+,-,0,-,0,0
ɖ͡ʐʷ,-,-,+,-,+,-,-,+,+,-,-,-,+,-,-,+,0,+,+,-,0,-,0,0
ɖ͡ʐʷˠ,-,-,+,-,+,-,-,+,+,-,-,-,+,-,-,+,0,+,+,-,0,-,0,0
ʈ͡ʂʷː,-,-,+,-,+,-,-,+,-,-,-,-,+,-,-,+,0,+,+,-,0,+,0,0
ʈ͡ʂːʷ,-,-,+,-,+,-,-,+,-,-,-,-,+,-,-,+,0,+,+,-,0,+,0,0
ɖ͡ʐʷː,-,-,+,-,+,-,-,+,+,-,-,-,+,-,-,+,0,+,+,-,0,+,0,0
ɖ͡ʐːʷ,-,-,+,-,+,-,-,+,+,-,-,-,+,-,-,+,0,+,+,-,0,+,0,0
t̪͡s̪ʲ,-,-,+,-,+,-,-,+,-,-,-,+,+,+,-,+,0,-,-,-,0,-,0,0
t̪͡θʲ,-,-,+,-,+,-,-,-,-,-,-,+,+,+,-,+,0,-,-,-,0,-,0,0
d̪͡z̪̥ʲ,-,-,+,-,+,-,-,+,-,-,-,+,+,+,-,+,0,-,-,-,0,-,0,0
d̪͡ð̥ʲ,-,-,+,-,+,-,-,-,-,-,-,+,+,+,-,+,0,-,-,-,0,-,0,0
t̪͡s̪̥ʲ,-,-,+,-,+,-,-,+,-,-,-,+,+,+,-,+,0,-,-,-,0,-,0,0
t̪͡θ̥ʲ,-,-,+,-,+,-,-,-,-,-,-,+,+,+,-,+,0,-,-,-,0,-,0,0
d̪͡z̪ʲ,-,-,+,-,+,-,-,+,+,-,-,+,+,+,-,+,0,-,-,-,0,-,0,0
d̪͡ðʲ,-,-,+,-,+,-,-,-,+,-,-,+,+,+,-,+,0,-,-,-,0,-,0,0
t̪͡s̪ʲː,-,-,+,-,+,-,-,+,-,-,-,+,+,+,-,+,0,-,-,-,0,+,0,0
t̪͡θʲː,-,-,+,-,+,-,-,-,-,-,-,+,+,+,-,+,0,-,-,-,0,+,0,0
t̪͡s̪ːʲ,-,-,+,-,+,-,-,+,-,-,-,+,+,+,-,+,0,-,-,-,0,+,0,0
t̪͡θːʲ,-,-,+,-,+,-,-,-,-,-,-,+,+,+,-,+,0,-,-,-,0,+,0,0
d̪͡z̪ʲː,-,-,+,-,+,-,-,+,+,-,-,+,+,+,-,+,0,-,-,-,0,+,0,0
d̪͡ðʲː,-,-,+,-,+,-,-,-,+,-,-,+,+,+,-,+,0,-,-,-,0,+,0,0
d̪͡z̪ːʲ,-,-,+,-,+,-,-,+,+,-,-,+,+,+,-,+,0,-,-,-,0,+,0,0
d̪͡ðːʲ,-,-,+,-,+,-,-,-,+,-,-,+,+,+,-,+,0,-,-,-,0,+,0,0
t̪͡s̪ᶣ,-,-,+,-,+,-,-,+,-,-,-,+,+,+,-,+,0,-,+,-,0,-,0,0
t̪͡θᶣ,-,-,+,-,+,-,-,-,-,-,-,+,+,+,-,+,0,-,+,-,0,-,0,0
d̪͡z̪ᶣ,-,-,+,-,+,-,-,+,+,-,-,+,+,+,-,+,0,-,+,-,0,-,0,0
d̪͡ðᶣ,-,-,+,-,+,-,-,-,+,-,-,+,+,+,-,+,0,-,+,-,0,-,0,0
t̪͡s̪ˠ,-,-,+,-,+,-,-,+,-,-,-,+,+,+,-,+,0,+,-,-,0,-,0,0
t̪͡θˠ,-,-,+,-,+,-,-,-,-,-,-,+,+,+,-,+,0,+,-,-,0,-,0,0
d̪͡z̪̥ˠ,-,-,+,-,+,-,-,+,-,-,-,+,+,+,-,+,0,+,-,-,0,-,0,0
d̪͡ð̥ˠ,-,-,+,-,+,-,-,-,-,-,-,+,+,+,-,+,0,+,-,-,0,-,0,0
t̪͡s̪̥ˠ,-,-,+,-,+,-,-,+,-,-,-,+,+,+,-,+,0,+,-,-,0,-,0,0
t̪͡θ̥ˠ,-,-,+,-,+,-,-,-,-,-,-,+,+,+,-,+,0,+,-,-,0,-,0,0
d̪͡z̪ˠ,-,-,+,-,+,-,-,+,+,-,-,+,+,+,-,+,0,+,-,-,0,-,0,0
d̪͡ðˠ,-,-,+,-,+,-,-,-,+,-,-,+,+,+,-,+,0,+,-,-,0,-,0,0
t̪͡s̪ːˠ,-,-,+,-,+,-,-,+,-,-,-,+,+,+,-,+,0,+,-,-,0,+,0,0
t̪͡θːˠ,-,-,+,-,+,-,-,-,-,-,-,+,+,+,-,+,0,+,-,-,0,+,0,0
d̪͡z̪ːˠ,-,-,+,-,+,-,-,+,+,-,-,+,+,+,-,+,0,+,-,-,0,+,0,0
d̪͡ðːˠ,-,-,+,-,+,-,-,-,+,-,-,+,+,+,-,+,0,+,-,-,0,+,0,0
t̪͡s̪ʲʷ,-,-,+,-,+,-,-,+,-,-,-,+,+,+,-,+,0,+,+,-,0,-,0,0
t̪͡θʲʷ,-,-,+,-,+,-,-,-,-,-,-,+,+,+,-,+,0,+,+,-,0,-,0,0
t̪͡s̪̠ʷ,-,-,+,-,+,-,-,+,-,-,-,+,+,+,-,+,0,+,+,-,0,-,0,0
t̪͡θ̠ʷ,-,-,+,-,+,-,-,-,-,-,-,+,+,+,-,+,0,+,+,-,0,-,0,0
t̪͡s̪ʷ,-,-,+,-,+,-,-,+,-,-,-,+,+,+,-,+,0,+,+,-,0,-,0,0
t̪͡θʷ,-,-,+,-,+,-,-,-,-,-,-,+,+,+,-,+,0,+,+,-,0,-,0,0
d̪͡z̪̥ʷ,-,-,+,-,+,-,-,+,-,-,-,+,+,+,-,+,0,+,+,-,0,-,0,0
d̪͡ð̥ʷ,-,-,+,-,+,-,-,-,-,-,-,+,+,+,-,+,0,+,+,-,0,-,0,0
t̪͡s̪̥ʷ,-,-,+,-,+,-,-,+,-,-,-,+,+,+,-,+,0,+,+,-,0,-,0,0
t̪͡θ̥ʷ,-,-,+,-,+,-,-,-,-,-,-,+,+,+,-,+,0,+,+,-,0,-,0,0
t̪͡s̪ʷˠ,-,-,+,-,+,-,-,+,-,-,-,+,+,+,-,+,0,+,+,-,0,-,0,0
t̪͡θʷˠ,-,-,+,-,+,-,-,-,-,-,-,+,+,+,-,+,0,+,+,-,0,-,0,0
d̪͡z̪ʲʷ,-,-,+,-,+,-,-,+,+,-,-,+,+,+,-,+,0,+,+,-,0,-,0,0
d̪͡ðʲʷ,-,-,+,-,+,-,-,-,+,-,-,+,+,+,-,+,0,+,+,-,0,-,0,0
d̪͡z̪̠ʷ,-,-,+,-,+,-,-,+,+,-,-,+,+,+,-,+,0,+,+,-,0,-,0,0
d̪͡ð̠ʷ,-,-,+,-,+,-,-,-,+,-,-,+,+,+,-,+,0,+,+,-,0,-,0,0
d̪͡z̪ʷ,-,-,+,-,+,-,-,+,+,-,-,+,+,+,-,+,0,+,+,-,0,-,0,0
d̪͡ðʷ,-,-,+,-,+,-,-,-,+,-,-,+,+,+,-,+,0,+,+,-,0,-,0,0
d̪͡z̪ʷˠ,-,-,+,-,+,-,-,+,+,-,-,+,+,+,-,+,0,+,+,-,0,-,0,0
d̪͡ðʷˠ,-,-,+,-,+,-,-,-,+,-,-,+,+,+,-,+,0,+,+,-,0,-,0,0
t̪͡s̪ʷː,-,-,+,-,+,-,-,+,-,-,-,+,+,+,-,+,0,+,+,-,0,+,0,0
t̪͡θʷː,-,-,+,-,+,-,-,-,-,-,-,+,+,+,-,+,0,+,+,-,0,+,0,0
t̪͡s̪ːʷ,-,-,+,-,+,-,-,+,-,-,-,+,+,+,-,+,0,+,+,-,0,+,0,0
t̪͡θːʷ,-,-,+,-,+,-,-,-,-,-,-,+,+,+,-,+,0,+,+,-,0,+,0,0
d̪͡z̪ʷː,-,-,+,-,+,-,-,+,+,-,-,+,+,+,-,+,0,+,+,-,0,+,0,0
d̪͡ðʷː,-,-,+,-,+,-,-,-,+,-,-,+,+,+,-,+,0,+,+,-,0,+,0,0
d̪͡z̪ːʷ,-,-,+,-,+,-,-,+,+,-,-,+,+,+,-,+,0,+,+,-,0,+,0,0
d̪͡ðːʷ,-,-,+,-,+,-,-,-,+,-,-,+,+,+,-,+,0,+,+,-,0,+,0,0
p͡ɸʲ,-,-,+,-,+,-,-,-,-,-,-,+,-,0,+,+,0,-,-,-,0,-,0,0
b͡β̥ʲ,-,-,+,-,+,-,-,-,-,-,-,+,-,0,+,+,0,-,-,-,0,-,0,0
p͡ɸ̥ʲ,-,-,+,-,+,-,-,-,-,-,-,+,-,0,+,+,0,-,-,-,0,-,0,0
b͡βʲ,-,-,+,-,+,-,-,-,+,-,-,+,-,0,+,+,0,-,-,-,0,-,0,0
p͡ɸʲː,-,-,+,-,+,-,-,-,-,-,-,+,-,0,+,+,0,-,-,-,0,+,0,0
p͡ɸːʲ,-,-,+,-,+,-,-,-,-,-,-,+,-,0,+,+,0,-,-,-,0,+,0,0
b͡βʲː,-,-,+,-,+,-,-,-,+,-,-,+,-,0,+,+,0,-,-,-,0,+,0,0
b͡βːʲ,-,-,+,-,+,-,-,-,+,-,-,+,-,0,+,+,0,-,-,-,0,+,0,0
p͡ɸˠ,-,-,+,-,+,-,-,-,-,-,-,+,-,0,+,+,0,+,-,-,0,-,0,0
b͡β̥ˠ,-,-,+,-,+,-,-,-,-,-,-,+,-,0,+,+,0,+,-,-,0,-,0,0
p͡ɸ̥ˠ,-,-,+,-,+,-,-,-,-,-,-,+,-,0,+,+,0,+,-,-,0,-,0,0
b͡βˠ,-,-,+,-,+,-,-,-,+,-,-,+,-,0,+,+,0,+,-,-,0,-,0,0
p͡ɸːˠ,-,-,+,-,+,-,-,-,-,-,-,+,-,0,+,+,0,+,-,-,0,+,0,0
b͡βːˠ,-,-,+,-,+,-,-,-,+,-,-,+,-,0,+,+,0,+,-,-,0,+,0,0
p͡ɸʲʷ,-,-,+,-,+,-,-,-,-,-,-,+,-,0,+,+,0,+,+,-,0,-,0,0
p͡ɸ̠ʷ,-,-,+,-,+,-,-,-,-,-,-,+,-,0,+,+,0,+,+,-,0,-,0,0
p͡ɸʷ,-,-,+,-,+,-,-,-,-,-,-,+,-,0,+,+,0,+,+,-,0,-,0,0
b͡β̥ʷ,-,-,+,-,+,-,-,-,-,-,-,+,-,0,+,+,0,+,+,-,0,-,0,0
p͡ɸ̥ʷ,-,-,+,-,+,-,-,-,-,-,-,+,-,0,+,+,0,+,+,-,0,-,0,0
p͡ɸʷˠ,-,-,+,-,+,-,-,-,-,-,-,+,-,0,+,+,0,+,+,-,0,-,0,0
b͡βʲʷ,-,-,+,-,+,-,-,-,+,-,-,+,-,0,+,+,0,+,+,-,0,-,0,0
b͡β̠ʷ,-,-,+,-,+,-,-,-,+,-,-,+,-,0,+,+,0,+,+,-,0,-,0,0
b͡βʷ,-,-,+,-,+,-,-,-,+,-,-,+,-,0,+,+,0,+,+,-,0,-,0,0
b͡βʷˠ,-,-,+,-,+,-,-,-,+,-,-,+,-,0,+,+,0,+,+,-,0,-,0,0
p͡ɸʷː,-,-,+,-,+,-,-,-,-,-,-,+,-,0,+,+,0,+,+,-,0,+,0,0
p͡ɸːʷ,-,-,+,-,+,-,-,-,-,-,-,+,-,0,+,+,0,+,+,-,0,+,0,0
b͡βʷː,-,-,+,-,+,-,-,-,+,-,-,+,-,0,+,+,0,+,+,-,0,+,0,0
b͡βːʷ,-,-,+,-,+,-,-,-,+,-,-,+,-,0,+,+,0,+,+,-,0,+,0,0
k͡xʲ,-,-,+,-,+,-,-,-,-,-,-,-,-,0,-,+,-,-,-,-,0,-,0,0
q͡χʲ,-,-,+,-,+,-,-,-,-,-,-,-,-,0,-,+,-,-,-,-,0,-,0,0
k͡x̥ʲ,-,-,+,-,+,-,-,-,-,-,-,-,-,0,-,+,-,-,-,-,0,-,0,0
q͡χ̥ʲ,-,-,+,-,+,-,-,-,-,-,-,-,-,0,-,+,-,-,-,-,0,-,0,0
ɡ͡ɣ̥ʲ,-,-,+,-,+,-,-,-,-,-,-,-,-,0,-,+,-,-,-,-,0,-,0,0
ɢ͡ʁ̥ʲ,-,-,+,-,+,-,-,-,-,-,-,-,-,0,-,+,-,-,-,-,0,-,0,0
ɡ͡ɣʲ,-,-,+,-,+,-,-,-,+,-,-,-,-,0,-,+,-,-,-,-,0,-,0,0
ɢ͡ʁʲ,-,-,+,-,+,-,-,-,+,-,-,-,-,0,-,+,-,-,-,-,0,-,0,0
k͡xʲː,-,-,+,-,+,-,-,-,-,-,-,-,-,0,-,+,-,-,-,-,0,+,0,0
q͡χʲː,-,-,+,-,+,-,-,-,-,-,-,-,-,0,-,+,-,-,-,-,0,+,0,0
k͡xːʲ,-,-,+,-,+,-,-,-,-,-,-,-,-,0,-,+,-,-,-,-,0,+,0,0
q͡χːʲ,-,-,+,-,+,-,-,-,-,-,-,-,-,0,-,+,-,-,-,-,0,+,0,0
ɡ͡ɣʲː,-,-,+,-,+,-,-,-,+,-,-,-,-,0,-,+,-,-,-,-,0,+,0,0
ɢ͡ʁʲː,-,-,+,-,+,-,-,-,+,-,-,-,-,0,-,+,-,-,-,-,0,+,0,0
ɡ͡ɣːʲ,-,-,+,-,+,-,-,-,+,-,-,-,-,0,-,+,-,-,-,-,0,+,0,0
ɢ͡ʁːʲ,-,-,+,-,+,-,-,-,+,-,-,-,-,0,-,+,-,-,-,-,0,+,0,0
k͡xᶣ,-,-,+,-,+,-,-,-,-,-,-,-,-,0,-,+,-,-,+,-,0,-,0,0
q͡χᶣ,-,-,+,-,+,-,-,-,-,-,-,-,-,0,-,+,-,-,+,-,0,-,0,0
ɡ͡ɣᶣ,-,-,+,-,+,-,-,-,+,-,-,-,-,0,-,+,-,-,+,-,0,-,0,0
ɢ͡ʁᶣ,-,-,+,-,+,-,-,-,+,-,-,-,-,0,-,+,-,-,+,-,0,-,0,0
k͡x̟,-,-,+,-,+,-,-,-,-,-,-,-,-,0,-,+,-,+,-,-,0,-,0,0
k͡x̠,-,-,+,-,+,-,-,-,-,-,-,-,-,0,-,+,-,+,-,-,0,-,0,0
k͡x̠̊,-,-,+,-,+,-,-,-,-,-,-,-,-,0,-,+,-,+,-,-,0,-,0,0
ɡ͡ɣ̠̊,-,-,+,-,+,-,-,-,-,-,-,-,-,0,-,+,-,+,-,-,0,-,0,0
k͡xˠ,-,-,+,-,+,-,-,-,-,-,-,-,-,0,-,+,-,+,-,-,0,-,0,0
q͡χˠ,-,-,+,-,+,-,-,-,-,-,-,-,-,0,-,+,-,+,-,-,0,-,0,0
k͡x̥,-,-,+,-,+,-,-,-,-,-,-,-,-,0,-,+,-,+,-,-,0,-,0,0
ɡ͡ɣ̥,-,-,+,-,+,-,-,-,-,-,-,-,-,0,-,+,-,+,-,-,0,-,0,0
k͡x,-,-,+,-,+,-,-,-,-,-,-,-,-,0,-,+,-,+,-,-,0,-,0,0
k͡x̊,-,-,+,-,+,-,-,-,-,-,-,-,-,0,-,+,-,+,-,-,0,-,0,0
ɡ͡ɣ̊,-,-,+,-,+,-,-,-,-,-,-,-,-,0,-,+,-,+,-,-,0,-,0,0
k͡x̥ˠ,-,-,+,-,+,-,-,-,-,-,-,-,-,0,-,+,-,+,-,-,0,-,0,0
q͡χ̥ˠ,-,-,+,-,+,-,-,-,-,-,-,-,-,0,-,+,-,+,-,-,0,-,0,0
ɡ͡ɣ̥ˠ,-,-,+,-,+,-,-,-,-,-,-,-,-,0,-,+,-,+,-,-,0,-,0,0
ɢ͡ʁ̥ˠ,-,-,+,-,+,-,-,-,-,-,-,-,-,0,-,+,-,+,-,-,0,-,0,0
ɡ͡ɣ̟,-,-,+,-,+,-,-,-,+,-,-,-,-,0,-,+,-,+,-,-,0,-,0,0
ɡ͡ɣ̠,-,-,+,-,+,-,-,-,+,-,-,-,-,0,-,+,-,+,-,-,0,-,0,0
ɡ͡ɣˠ,-,-,+,-,+,-,-,-,+,-,-,-,-,0,-,+,-,+,-,-,0,-,0,0
ɢ͡ʁˠ,-,-,+,-,+,-,-,-,+,-,-,-,-,0,-,+,-,+,-,-,0,-,0,0
ɡ͡ɣ,-,-,+,-,+,-,-,-,+,-,-,-,-,0,-,+,-,+,-,-,0,-,0,0
k͡x̬,-,-,+,-,+,-,-,-,+,-,-,-,-,0,-,+,-,+,-,-,0,-,0,0
k͡x̥ː,-,-,+,-,+,-,-,-,-,-,-,-,-,0,-,+,-,+,-,-,0,+,0,0
ɡ͡ɣ̥ː,-,-,+,-,+,-,-,-,-,-,-,-,-,0,-,+,-,+,-,-,0,+,0,0
k͡xː,-,-,+,-,+,-,-,-,-,-,-,-,-,0,-,+,-,+,-,-,0,+,0,0
k͡x̟ː,-,-,+,-,+,-,-,-,-,-,-,-,-,0,-,+,-,+,-,-,0,+,0,0
k͡xˑ,-,-,+,-,+,-,-,-,-,-,-,-,-,0,-,+,-,+,-,-,0,+,0,0
k͡xːˠ,-,-,+,-,+,-,-,-,-,-,-,-,-,0,-,+,-,+,-,-,0,+,0,0
q͡χːˠ,-,-,+,-,+,-,-,-,-,-,-,-,-,0,-,+,-,+,-,-,0,+,0,0
ɡ͡ɣː,-,-,+,-,+,-,-,-,+,-,-,-,-,0,-,+,-,+,-,-,0,+,0,0
ɡ͡ɣ̟ː,-,-,+,-,+,-,-,-,+,-,-,-,-,0,-,+,-,+,-,-,0,+,0,0
ɡ͡ɣˑ,-,-,+,-,+,-,-,-,+,-,-,-,-,0,-,+,-,+,-,-,0,+,0,0
ɡ͡ɣːˠ,-,-,+,-,+,-,-,-,+,-,-,-,-,0,-,+,-,+,-,-,0,+,0,0
ɢ͡ʁːˠ,-,-,+,-,+,-,-,-,+,-,-,-,-,0,-,+,-,+,-,-,0,+,0,0
k͡xʲʷ,-,-,+,-,+,-,-,-,-,-,-,-,-,0,-,+,-,+,+,-,0,-,0,0
q͡χʲʷ,-,-,+,-,+,-,-,-,-,-,-,-,-,0,-,+,-,+,+,-,0,-,0,0
k͡x̠ʷ,-,-,+,-,+,-,-,-,-,-,-,-,-,0,-,+,-,+,+,-,0,-,0,0
q͡χ̠ʷ,-,-,+,-,+,-,-,-,-,-,-,-,-,0,-,+,-,+,+,-,0,-,0,0
k͡xʷ,-,-,+,-,+,-,-,-,-,-,-,-,-,0,-,+,-,+,+,-,0,-,0,0
q͡χʷ,-,-,+,-,+,-,-,-,-,-,-,-,-,0,-,+,-,+,+,-,0,-,0,0
k͡x̥ʷ,-,-,+,-,+,-,-,-,-,-,-,-,-,0,-,+,-,+,+,-,0,-,0,0
q͡χ̥ʷ,-,-,+,-,+,-,-,-,-,-,-,-,-,0,-,+,-,+,+,-,0,-,0,0
ɡ͡ɣ̥ʷ,-,-,+,-,+,-,-,-,-,-,-,-,-,0,-,+,-,+,+,-,0,-,0,0
ɢ͡ʁ̥ʷ,-,-,+,-,+,-,-,-,-,-,-,-,-,0,-,+,-,+,+,-,0,-,0,0
k͡xʷˠ,-,-,+,-,+,-,-,-,-,-,-,-,-,0,-,+,-,+,+,-,0,-,0,0
q͡χʷˠ,-,-,+,-,+,-,-,-,-,-,-,-,-,0,-,+,-,+,+,-,0,-,0,0
ɡ͡ɣʲʷ,-,-,+,-,+,-,-,-,+,-,-,-,-,0,-,+,-,+,+,-,0,-,0,0
ɢ͡ʁʲʷ,-,-,+,-,+,-,-,-,+,-,-,-,-,0,-,+,-,+,+,-,0,-,0,0
ɡ͡ɣ̠ʷ,-,-,+,-,+,-,-,-,+,-,-,-,-,0,-,+,-,+,+,-,0,-,0,0
ɢ͡ʁ̠ʷ,-,-,+,-,+,-,-,-,+,-,-,-,-,0,-,+,-,+,+,-,0,-,0,0
ɡ͡ɣʷ,-,-,+,-,+,-,-,-,+,-,-,-,-,0,-,+,-,+,+,-,0,-,0,0
ɢ͡ʁʷ,-,-,+,-,+,-,-,-,+,-,-,-,-,0,-,+,-,+,+,-,0,-,0,0
ɡ͡ɣʷˠ,-,-,+,-,+,-,-,-,+,-,-,-,-,0,-,+,-,+,+,-,0,-,0,0
ɢ͡ʁʷˠ,-,-,+,-,+,-,-,-,+,-,-,-,-,0,-,+,-,+,+,-,0,-,0,0
k͡xʷː,-,-,+,-,+,-,-,-,-,-,-,-,-,0,-,+,-,+,+,-,0,+,0,0
q͡χʷː,-,-,+,-,+,-,-,-,-,-,-,-,-,0,-,+,-,+,+,-,0,+,0,0
k͡xːʷ,-,-,+,-,+,-,-,-,-,-,-,-,-,0,-,+,-,+,+,-,0,+,0,0
q͡χːʷ,-,-,+,-,+,-,-,-,-,-,-,-,-,0,-,+,-,+,+,-,0,+,0,0
ɡ͡ɣʷː,-,-,+,-,+,-,-,-,+,-,-,-,-,0,-,+,-,+,+,-,0,+,0,0
ɢ͡ʁʷː,-,-,+,-,+,-,-,-,+,-,-,-,-,0,-,+,-,+,+,-,0,+,0,0
ɡ͡ɣːʷ,-,-,+,-,+,-,-,-,+,-,-,-,-,0,-,+,-,+,+,-,0,+,0,0
ɢ͡ʁːʷ,-,-,+,-,+,-,-,-,+,-,-,-,-,0,-,+,-,+,+,-,0,+,0,0
c͡ç̺,-,-,+,-,+,-,-,-,-,-,-,-,+,-,-,+,-,-,-,-,0,-,0,0
t͡ɕ̺,-,-,+,-,+,-,-,-,-,-,-,-,+,-,-,+,-,-,-,-,0,-,0,0
ɟ͡ʝ̺,-,-,+,-,+,-,-,-,+,-,-,-,+,-,-,+,-,-,-,-,0,-,0,0
d͡ʑ̺,-,-,+,-,+,-,-,-,+,-,-,-,+,-,-,+,-,-,-,-,0,-,0,0
c͡ç̟,-,-,+,-,+,-,-,-,-,-,-,-,+,+,-,+,-,-,-,-,0,-,0,0
t͡ɕ̟,-,-,+,-,+,-,-,-,-,-,-,-,+,+,-,+,-,-,-,-,0,-,0,0
c͡ç̠,-,-,+,-,+,-,-,-,-,-,-,-,+,+,-,+,-,-,-,-,0,-,0,0
t͡ɕ̠,-,-,+,-,+,-,-,-,-,-,-,-,+,+,-,+,-,-,-,-,0,-,0,0
c͡ç̠̊,-,-,+,-,+,-,-,-,-,-,-,-,+,+,-,+,-,-,-,-,0,-,0,0
ɟ͡ʝ̠̊,-,-,+,-,+,-,-,-,-,-,-,-,+,+,-,+,-,-,-,-,0,-,0,0
d͡ʑ̠̊,-,-,+,-,+,-,-,-,-,-,-,-,+,+,-,+,-,-,-,-,0,-,0,0
t͡ɕ̠̊,-,-,+,-,+,-,-,-,-,-,-,-,+,+,-,+,-,-,-,-,0,-,0,0
c͡çʲ,-,-,+,-,+,-,-,-,-,-,-,-,+,+,-,+,-,-,-,-,0,-,0,0
t͡ʃʲ,-,-,+,-,+,-,-,+,-,-,-,-,+,+,-,+,-,-,-,-,0,-,0,0
t̠͡ʃʲ,-,-,+,-,+,-,-,+,-,-,-,-,+,+,-,+,-,-,-,-,0,-,0,0
t͡ɕʲ,-,-,+,-,+,-,-,-,-,-,-,-,+,+,-,+,-,-,-,-,0,-,0,0
c͡ç̥,-,-,+,-,+,-,-,-,-,-,-,-,+,+,-,+,-,-,-,-,0,-,0,0
ɟ͡ʝ̥,-,-,+,-,+,-,-,-,-,-,-,-,+,+,-,+,-,-,-,-,0,-,0,0
d͡ʑ̥,-,-,+,-,+,-,-,-,-,-,-,-,+,+,-,+,-,-,-,-,0,-,0,0
t͡ɕ̥,-,-,+,-,+,-,-,-,-,-,-,-,+,+,-,+,-,-,-,-,0,-,0,0
c͡ç,-,-,+,-,+,-,-,-,-,-,-,-,+,+,-,+,-,-,-,-,0,-,0,0
t͡ɕ,-,-,+,-,+,-,-,-,-,-,-,-,+,+,-,+,-,-,-,-,0,-,0,0
c͡ç̻,-,-,+,-,+,-,-,-,-,-,-,-,+,+,-,+,-,-,-,-,0,-,0,0
c͡ç̊,-,-,+,-,+,-,-,-,-,-,-,-,+,+,-,+,-,-,-,-,0,-,0,0
ɟ͡ʝ̊,-,-,+,-,+,-,-,-,-,-,-,-,+,+,-,+,-,-,-,-,0,-,0,0
d͡ʑ̊,-,-,+,-,+,-,-,-,-,-,-,-,+,+,-,+,-,-,-,-,0,-,0,0
t͡ɕ̊,-,-,+,-,+,-,-,-,-,-,-,-,+,+,-,+,-,-,-,-,0,-,0,0
c͡ç̥ʲ,-,-,+,-,+,-,-,-,-,-,-,-,+,+,-,+,-,-,-,-,0,-,0,0
d͡ʒ̥ʲ,-,-,+,-,+,-,-,+,-,-,-,-,+,+,-,+,-,-,-,-,0,-,0,0
t͡ʃ̥ʲ,-,-,+,-,+,-,-,+,-,-,-,-,+,+,-,+,-,-,-,-,0,-,0,0
t̠͡ʃ̥ʲ,-,-,+,-,+,-,-,+,-,-,-,-,+,+,-,+,-,-,-,-,0,-,0,0
ɟ͡ʝ̥ʲ,-,-,+,-,+,-,-,-,-,-,-,-,+,+,-,+,-,-,-,-,0,-,0,0
d͡ʑ̥ʲ,-,-,+,-,+,-,-,-,-,-,-,-,+,+,-,+,-,-,-,-,0,-,0,0
t͡ɕ̥ʲ,-,-,+,-,+,-,-,-,-,-,-,-,+,+,-,+,-,-,-,-,0,-,0,0
t͡ɕ̻,-,-,+,-,+,-,-,-,-,-,-,-,+,+,-,+,-,-,-,-,0,-,0,0
ɟ͡ʝ̟,-,-,+,-,+,-,-,-,+,-,-,-,+,+,-,+,-,-,-,-,0,-,0,0
d͡ʑ̟,-,-,+,-,+,-,-,-,+,-,-,-,+,+,-,+,-,-,-,-,0,-,0,0
ɟ͡ʝ̠,-,-,+,-,+,-,-,-,+,-,-,-,+,+,-,+,-,-,-,-,0,-,0,0
d͡ʑ̠,-,-,+,-,+,-,-,-,+,-,-,-,+,+,-,+,-,-,-,-,0,-,0,0
d͡ʒʲ,-,-,+,-,+,-,-,+,+,-,-,-,+,+,-,+,-,-,-,-,0,-,0,0
ɟ͡ʝʲ,-,-,+,-,+,-,-,-,+,-,-,-,+,+,-,+,-,-,-,-,0,-,0,0
d͡ʑʲ,-,-,+,-,+,-,-,-,+,-,-,-,+,+,-,+,-,-,-,-,0,-,0,0
ɟ͡ʝ,-,-,+,-,+,-,-,-,+,-,-,-,+,+,-,+,-,-,-,-,0,-,0,0
d͡ʑ,-,-,+,-,+,-,-,-,+,-,-,-,+,+,-,+,-,-,-,-,0,-,0,0
ɟ͡ʝ̻,-,-,+,-,+,-,-,-,+,-,-,-,+,+,-,+,-,-,-,-,0,-,0,0
d͡ʑ̻,-,-,+,-,+,-,-,-,+,-,-,-,+,+,-,+,-,-,-,-,0,-,0,0
c͡ç̬,-,-,+,-,+,-,-,-,+,-,-,-,+,+,-,+,-,-,-,-,0,-,0,0
t͡ɕ̬,-,-,+,-,+,-,-,-,+,-,-,-,+,+,-,+,-,-,-,-,0,-,0,0
c͡çː,-,-,+,-,+,-,-,-,-,-,-,-,+,+,-,+,-,-,-,-,0,+,0,0
t͡ɕː,-,-,+,-,+,-,-,-,-,-,-,-,+,+,-,+,-,-,-,-,0,+,0,0
c͡ç̥ː,-,-,+,-,+,-,-,-,-,-,-,-,+,+,-,+,-,-,-,-,0,+,0,0
ɟ͡ʝ̥ː,-,-,+,-,+,-,-,-,-,-,-,-,+,+,-,+,-,-,-,-,0,+,0,0
d͡ʑ̥ː,-,-,+,-,+,-,-,-,-,-,-,-,+,+,-,+,-,-,-,-,0,+,0,0
t͡ɕ̥ː,-,-,+,-,+,-,-,-,-,-,-,-,+,+,-,+,-,-,-,-,0,+,0,0
c͡çʲː,-,-,+,-,+,-,-,-,-,-,-,-,+,+,-,+,-,-,-,-,0,+,0,0
t͡ʃʲː,-,-,+,-,+,-,-,+,-,-,-,-,+,+,-,+,-,-,-,-,0,+,0,0
t̠͡ʃʲː,-,-,+,-,+,-,-,+,-,-,-,-,+,+,-,+,-,-,-,-,0,+,0,0
t͡ɕʲː,-,-,+,-,+,-,-,-,-,-,-,-,+,+,-,+,-,-,-,-,0,+,0,0
c͡ç̟ː,-,-,+,-,+,-,-,-,-,-,-,-,+,+,-,+,-,-,-,-,0,+,0,0
t͡ɕ̟ː,-,-,+,-,+,-,-,-,-,-,-,-,+,+,-,+,-,-,-,-,0,+,0,0
c͡çˑ,-,-,+,-,+,-,-,-,-,-,-,-,+,+,-,+,-,-,-,-,0,+,0,0
t͡ɕˑ,-,-,+,-,+,-,-,-,-,-,-,-,+,+,-,+,-,-,-,-,0,+,0,0
c͡çːʲ,-,-,+,-,+,-,-,-,-,-,-,-,+,+,-,+,-,-,-,-,0,+,0,0
t͡ʃːʲ,-,-,+,-,+,-,-,+,-,-,-,-,+,+,-,+,-,-,-,-,0,+,0,0
t̠͡ʃːʲ,-,-,+,-,+,-,-,+,-,-,-,-,+,+,-,+,-,-,-,-,0,+,0,0
t͡ɕːʲ,-,-,+,-,+,-,-,-,-,-,-,-,+,+,-,+,-,-,-,-,0,+,0,0
ɟ͡ʝː,-,-,+,-,+,-,-,-,+,-,-,-,+,+,-,+,-,-,-,-,0,+,0,0
d͡ʑː,-,-,+,-,+,-,-,-,+,-,-,-,+,+,-,+,-,-,-,-,0,+,0,0
d͡ʒʲː,-,-,+,-,+,-,-,+,+,-,-,-,+,+,-,+,-,-,-,-,0,+,0,0
ɟ͡ʝʲː,-,-,+,-,+,-,-,-,+,-,-,-,+,+,-,+,-,-,-,-,0,+,0,0
d͡ʑʲː,-,-,+,-,+,-,-,-,+,-,-,-,+,+,-,+,-,-,-,-,0,+,0,0
ɟ͡ʝ̟ː,-,-,+,-,+,-,-,-,+,-,-,-,+,+,-,+,-,-,-,-,0,+,0,0
d͡ʑ̟ː,-,-,+,-,+,-,-,-,+,-,-,-,+,+,-,+,-,-,-,-,0,+,0,0
ɟ͡ʝˑ,-,-,+,-,+,-,-,-,+,-,-,-,+,+,-,+,-,-,-,-,0,+,0,0
d͡ʑˑ,-,-,+,-,+,-,-,-,+,-,-,-,+,+,-,+,-,-,-,-,0,+,0,0
d͡ʒːʲ,-,-,+,-,+,-,-,+,+,-,-,-,+,+,-,+,-,-,-,-,0,+,0,0
ɟ͡ʝːʲ,-,-,+,-,+,-,-,-,+,-,-,-,+,+,-,+,-,-,-,-,0,+,0,0
d͡ʑːʲ,-,-,+,-,+,-,-,-,+,-,-,-,+,+,-,+,-,-,-,-,0,+,0,0
c͡çᶣ,-,-,+,-,+,-,-,-,-,-,-,-,+,+,-,+,-,-,+,-,0,-,0,0
t͡ʃᶣ,-,-,+,-,+,-,-,+,-,-,-,-,+,+,-,+,-,-,+,-,0,-,0,0
t̠͡ʃᶣ,-,-,+,-,+,-,-,+,-,-,-,-,+,+,-,+,-,-,+,-,0,-,0,0
t͡ɕᶣ,-,-,+,-,+,-,-,-,-,-,-,-,+,+,-,+,-,-,+,-,0,-,0,0
d͡ʒᶣ,-,-,+,-,+,-,-,+,+,-,-,-,+,+,-,+,-,-,+,-,0,-,0,0
ɟ͡ʝᶣ,-,-,+,-,+,-,-,-,+,-,-,-,+,+,-,+,-,-,+,-,0,-,0,0
d͡ʑᶣ,-,-,+,-,+,-,-,-,+,-,-,-,+,+,-,+,-,-,+,-,0,-,0,0
c͡çˠ,-,-,+,-,+,-,-,-,-,-,-,-,+,+,-,+,-,+,-,-,0,-,0,0
t͡ʃˠ,-,-,+,-,+,-,-,+,-,-,-,-,+,+,-,+,-,+,-,-,0,-,0,0
t̠͡ʃˠ,-,-,+,-,+,-,-,+,-,-,-,-,+,+,-,+,-,+,-,-,0,-,0,0
t͡ɕˠ,-,-,+,-,+,-,-,-,-,-,-,-,+,+,-,+,-,+,-,-,0,-,0,0
c͡ç̥ˠ,-,-,+,-,+,-,-,-,-,-,-,-,+,+,-,+,-,+,-,-,0,-,0,0
d͡ʒ̥ˠ,-,-,+,-,+,-,-,+,-,-,-,-,+,+,-,+,-,+,-,-,0,-,0,0
t͡ʃ̥ˠ,-,-,+,-,+,-,-,+,-,-,-,-,+,+,-,+,-,+,-,-,0,-,0,0
t̠͡ʃ̥ˠ,-,-,+,-,+,-,-,+,-,-,-,-,+,+,-,+,-,+,-,-,0,-,0,0
ɟ͡ʝ̥ˠ,-,-,+,-,+,-,-,-,-,-,-,-,+,+,-,+,-,+,-,-,0,-,0,0
d͡ʑ̥ˠ,-,-,+,-,+,-,-,-,-,-,-,-,+,+,-,+,-,+,-,-,0,-,0,0
t͡ɕ̥ˠ,-,-,+,-,+,-,-,-,-,-,-,-,+,+,-,+,-,+,-,-,0,-,0,0
d͡ʒˠ,-,-,+,-,+,-,-,+,+,-,-,-,+,+,-,+,-,+,-,-,0,-,0,0
ɟ͡ʝˠ,-,-,+,-,+,-,-,-,+,-,-,-,+,+,-,+,-,+,-,-,0,-,0,0
d͡ʑˠ,-,-,+,-,+,-,-,-,+,-,-,-,+,+,-,+,-,+,-,-,0,-,0,0
c͡çːˠ,-,-,+,-,+,-,-,-,-,-,-,-,+,+,-,+,-,+,-,-,0,+,0,0
t͡ʃːˠ,-,-,+,-,+,-,-,+,-,-,-,-,+,+,-,+,-,+,-,-,0,+,0,0
t̠͡ʃːˠ,-,-,+,-,+,-,-,+,-,-,-,-,+,+,-,+,-,+,-,-,0,+,0,0
t͡ɕːˠ,-,-,+,-,+,-,-,-,-,-,-,-,+,+,-,+,-,+,-,-,0,+,0,0
d͡ʒːˠ,-,-,+,-,+,-,-,+,+,-,-,-,+,+,-,+,-,+,-,-,0,+,0,0
ɟ͡ʝːˠ,-,-,+,-,+,-,-,-,+,-,-,-,+,+,-,+,-,+,-,-,0,+,0,0
d͡ʑːˠ,-,-,+,-,+,-,-,-,+,-,-,-,+,+,-,+,-,+,-,-,0,+,0,0
c͡çʲʷ,-,-,+,-,+,-,-,-,-,-,-,-,+,+,-,+,-,+,+,-,0,-,0,0
t͡ʃʲʷ,-,-,+,-,+,-,-,+,-,-,-,-,+,+,-,+,-,+,+,-,0,-,0,0
t̠͡ʃʲʷ,-,-,+,-,+,-,-,+,-,-,-,-,+,+,-,+,-,+,+,-,0,-,0,0
t͡ɕʲʷ,-,-,+,-,+,-,-,-,-,-,-,-,+,+,-,+,-,+,+,-,0,-,0,0
c͡ç̠ʷ,-,-,+,-,+,-,-,-,-,-,-,-,+,+,-,+,-,+,+,-,0,-,0,0
t͡ʃ̠ʷ,-,-,+,-,+,-,-,+,-,-,-,-,+,+,-,+,-,+,+,-,0,-,0,0
t̠͡ʃ̠ʷ,-,-,+,-,+,-,-,+,-,-,-,-,+,+,-,+,-,+,+,-,0,-,0,0
t͡ɕ̠ʷ,-,-,+,-,+,-,-,-,-,-,-,-,+,+,-,+,-,+,+,-,0,-,0,0
c͡çʷ,-,-,+,-,+,-,-,-,-,-,-,-,+,+,-,+,-,+,+,-,0,-,0,0
t͡ʃʷ,-,-,+,-,+,-,-,+,-,-,-,-,+,+,-,+,-,+,+,-,0,-,0,0
t̠͡ʃʷ,-,-,+,-,+,-,-,+,-,-,-,-,+,+,-,+,-,+,+,-,0,-,0,0
t͡ɕʷ,-,-,+,-,+,-,-,-,-,-,-,-,+,+,-,+,-,+,+,-,0,-,0,0
c͡ç̥ʷ,-,-,+,-,+,-,-,-,-,-,-,-,+,+,-,+,-,+,+,-,0,-,0,0
d͡ʒ̥ʷ,-,-,+,-,+,-,-,+,-,-,-,-,+,+,-,+,-,+,+,-,0,-,0,0
t͡ʃ̥ʷ,-,-,+,-,+,-,-,+,-,-,-,-,+,+,-,+,-,+,+,-,0,-,0,0
t̠͡ʃ̥ʷ,-,-,+,-,+,-,-,+,-,-,-,-,+,+,-,+,-,+,+,-,0,-,0,0
ɟ͡ʝ̥ʷ,-,-,+,-,+,-,-,-,-,-,-,-,+,+,-,+,-,+,+,-,0,-,0,0
d͡ʑ̥ʷ,-,-,+,-,+,-,-,-,-,-,-,-,+,+,-,+,-,+,+,-,0,-,0,0
t͡ɕ̥ʷ,-,-,+,-,+,-,-,-,-,-,-,-,+,+,-,+,-,+,+,-,0,-,0,0
c͡çʷˠ,-,-,+,-,+,-,-,-,-,-,-,-,+,+,-,+,-,+,+,-,0,-,0,0
t͡ʃʷˠ,-,-,+,-,+,-,-,+,-,-,-,-,+,+,-,+,-,+,+,-,0,-,0,0
t̠͡ʃʷˠ,-,-,+,-,+,-,-,+,-,-,-,-,+,+,-,+,-,+,+,-,0,-,0,0
t͡ɕʷˠ,-,-,+,-,+,-,-,-,-,-,-,-,+,+,-,+,-,+,+,-,0,-,0,0
d͡ʒʲʷ,-,-,+,-,+,-,-,+,+,-,-,-,+,+,-,+,-,+,+,-,0,-,0,0
ɟ͡ʝʲʷ,-,-,+,-,+,-,-,-,+,-,-,-,+,+,-,+,-,+,+,-,0,-,0,0
d͡ʑʲʷ,-,-,+,-,+,-,-,-,+,-,-,-,+,+,-,+,-,+,+,-,0,-,0,0
d͡ʒ̠ʷ,-,-,+,-,+,-,-,+,+,-,-,-,+,+,-,+,-,+,+,-,0,-,0,0
ɟ͡ʝ̠ʷ,-,-,+,-,+,-,-,-,+,-,-,-,+,+,-,+,-,+,+,-,0,-,0,0
d͡ʑ̠ʷ,-,-,+,-,+,-,-,-,+,-,-,-,+,+,-,+,-,+,+,-,0,-,0,0
d͡ʒʷ,-,-,+,-,+,-,-,+,+,-,-,-,+,+,-,+,-,+,+,-,0,-,0,0
ɟ͡ʝʷ,-,-,+,-,+,-,-,-,+,-,-,-,+,+,-,+,-,+,+,-,0,-,0,0
d͡ʑʷ,-,-,+,-,+,-,-,-,+,-,-,-,+,+,-,+,-,+,+,-,0,-,0,0
d͡ʒʷˠ,-,-,+,-,+,-,-,+,+,-,-,-,+,+,-,+,-,+,+,-,0,-,0,0
ɟ͡ʝʷˠ,-,-,+,-,+,-,-,-,+,-,-,-,+,+,-,+,-,+,+,-,0,-,0,0
d͡ʑʷˠ,-,-,+,-,+,-,-,-,+,-,-,-,+,+,-,+,-,+,+,-,0,-,0,0
c͡çʷː,-,-,+,-,+,-,-,-,-,-,-,-,+,+,-,+,-,+,+,-,0,+,0,0
t͡ʃʷː,-,-,+,-,+,-,-,+,-,-,-,-,+,+,-,+,-,+,+,-,0,+,0,0
t̠͡ʃʷː,-,-,+,-,+,-,-,+,-,-,-,-,+,+,-,+,-,+,+,-,0,+,0,0
t͡ɕʷː,-,-,+,-,+,-,-,-,-,-,-,-,+,+,-,+,-,+,+,-,0,+,0,0
c͡çːʷ,-,-,+,-,+,-,-,-,-,-,-,-,+,+,-,+,-,+,+,-,0,+,0,0
t͡ʃːʷ,-,-,+,-,+,-,-,+,-,-,-,-,+,+,-,+,-,+,+,-,0,+,0,0
t̠͡ʃːʷ,-,-,+,-,+,-,-,+,-,-,-,-,+,+,-,+,-,+,+,-,0,+,0,0
t͡ɕːʷ,-,-,+,-,+,-,-,-,-,-,-,-,+,+,-,+,-,+,+,-,0,+,0,0
d͡ʒʷː,-,-,+,-,+,-,-,+,+,-,-,-,+,+,-,+,-,+,+,-,0,+,0,0
ɟ͡ʝʷː,-,-,+,-,+,-,-,-,+,-,-,-,+,+,-,+,-,+,+,-,0,+,0,0
d͡ʑʷː,-,-,+,-,+,-,-,-,+,-,-,-,+,+,-,+,-,+,+,-,0,+,0,0
d͡ʒːʷ,-,-,+,-,+,-,-,+,+,-,-,-,+,+,-,+,-,+,+,-,0,+,0,0
ɟ͡ʝːʷ,-,-,+,-,+,-,-,-,+,-,-,-,+,+,-,+,-,+,+,-,0,+,0,0
d͡ʑːʷ,-,-,+,-,+,-,-,-,+,-,-,-,+,+,-,+,-,+,+,-,0,+,0,0
t̠͡ɹ̠ʲ,-,-,+,-,+,-,-,-,-,-,-,+,+,-,-,+,-,-,-,-,0,-,0,0
t̠͡ɹ̝̠̊ʲ,-,-,+,-,+,-,-,-,-,-,-,+,+,-,-,+,-,-,-,-,0,-,0,0
t͡sʲ,-,-,+,-,+,-,-,+,-,-,-,+,+,-,-,+,-,-,-,-,0,-,0,0
t̠͡ɹ̠̥ʲ,-,-,+,-,+,-,-,-,-,-,-,+,+,-,-,+,-,-,-,-,0,-,0,0
t̠͡ɹ̝̠̥̊ʲ,-,-,+,-,+,-,-,-,-,-,-,+,+,-,-,+,-,-,-,-,0,-,0,0
d͡ɹ̝̥ʲ,-,-,+,-,+,-,-,-,-,-,-,+,+,-,-,+,-,-,-,-,0,-,0,0
d̠͡ɹ̠˔̥ʲ,-,-,+,-,+,-,-,-,-,-,-,+,+,-,-,+,-,-,-,-,0,-,0,0
d͡z̥ʲ,-,-,+,-,+,-,-,+,-,-,-,+,+,-,-,+,-,-,-,-,0,-,0,0
t͡s̥ʲ,-,-,+,-,+,-,-,+,-,-,-,+,+,-,-,+,-,-,-,-,0,-,0,0
d͡ɹ̝ʲ,-,-,+,-,+,-,-,-,+,-,-,+,+,-,-,+,-,-,-,-,0,-,0,0
d̠͡ɹ̠˔ʲ,-,-,+,-,+,-,-,-,+,-,-,+,+,-,-,+,-,-,-,-,0,-,0,0
d͡zʲ,-,-,+,-,+,-,-,+,+,-,-,+,+,-,-,+,-,-,-,-,0,-,0,0
t̠͡ɹ̠ʲː,-,-,+,-,+,-,-,-,-,-,-,+,+,-,-,+,-,-,-,-,0,+,0,0
t̠͡ɹ̝̠̊ʲː,-,-,+,-,+,-,-,-,-,-,-,+,+,-,-,+,-,-,-,-,0,+,0,0
t͡sʲː,-,-,+,-,+,-,-,+,-,-,-,+,+,-,-,+,-,-,-,-,0,+,0,0
t̠͡ɹ̠ːʲ,-,-,+,-,+,-,-,-,-,-,-,+,+,-,-,+,-,-,-,-,0,+,0,0
t̠͡ɹ̝̠̊ːʲ,-,-,+,-,+,-,-,-,-,-,-,+,+,-,-,+,-,-,-,-,0,+,0,0
t͡sːʲ,-,-,+,-,+,-,-,+,-,-,-,+,+,-,-,+,-,-,-,-,0,+,0,0
d͡ɹ̝ʲː,-,-,+,-,+,-,-,-,+,-,-,+,+,-,-,+,-,-,-,-,0,+,0,0
d̠͡ɹ̠˔ʲː,-,-,+,-,+,-,-,-,+,-,-,+,+,-,-,+,-,-,-,-,0,+,0,0
d͡zʲː,-,-,+,-,+,-,-,+,+,-,-,+,+,-,-,+,-,-,-,-,0,+,0,0
d͡ɹ̝ːʲ,-,-,+,-,+,-,-,-,+,-,-,+,+,-,-,+,-,-,-,-,0,+,0,0
d̠͡ɹ̠˔ːʲ,-,-,+,-,+,-,-,-,+,-,-,+,+,-,-,+,-,-,-,-,0,+,0,0
d͡zːʲ,-,-,+,-,+,-,-,+,+,-,-,+,+,-,-,+,-,-,-,-,0,+,0,0
t̠͡ɹ̠ᶣ,-,-,+,-,+,-,-,-,-,-,-,+,+,-,-,+,-,-,+,-,0,-,0,0
t̠͡ɹ̝̠̊ᶣ,-,-,+,-,+,-,-,-,-,-,-,+,+,-,-,+,-,-,+,-,0,-,0,0
t͡sᶣ,-,-,+,-,+,-,-,+,-,-,-,+,+,-,-,+,-,-,+,-,0,-,0,0
d͡ɹ̝ᶣ,-,-,+,-,+,-,-,-,+,-,-,+,+,-,-,+,-,-,+,-,0,-,0,0
d̠͡ɹ̠˔ᶣ,-,-,+,-,+,-,-,-,+,-,-,+,+,-,-,+,-,-,+,-,0,-,0,0
d͡zᶣ,-,-,+,-,+,-,-,+,+,-,-,+,+,-,-,+,-,-,+,-,0,-,0,0
t̠͡ɹ̠ˠ,-,-,+,-,+,-,-,-,-,-,-,+,+,-,-,+,-,+,-,-,0,-,0,0
t̠͡ɹ̝̠̊ˠ,-,-,+,-,+,-,-,-,-,-,-,+,+,-,-,+,-,+,-,-,0,-,0,0
t͡sˠ,-,-,+,-,+,-,-,+,-,-,-,+,+,-,-,+,-,+,-,-,0,-,0,0
t̠͡ɹ̠̥ˠ,-,-,+,-,+,-,-,-,-,-,-,+,+,-,-,+,-,+,-,-,0,-,0,0
t̠͡ɹ̝̠̥̊ˠ,-,-,+,-,+,-,-,-,-,-,-,+,+,-,-,+,-,+,-,-,0,-,0,0
d͡ɹ̝̥ˠ,-,-,+,-,+,-,-,-,-,-,-,+,+,-,-,+,-,+,-,-,0,-,0,0
d̠͡ɹ̠˔̥ˠ,-,-,+,-,+,-,-,-,-,-,-,+,+,-,-,+,-,+,-,-,0,-,0,0
d͡z̥ˠ,-,-,+,-,+,-,-,+,-,-,-,+,+,-,-,+,-,+,-,-,0,-,0,0
t͡s̥ˠ,-,-,+,-,+,-,-,+,-,-,-,+,+,-,-,+,-,+,-,-,0,-,0,0
d͡ɹ̝ˠ,-,-,+,-,+,-,-,-,+,-,-,+,+,-,-,+,-,+,-,-,0,-,0,0
d̠͡ɹ̠˔ˠ,-,-,+,-,+,-,-,-,+,-,-,+,+,-,-,+,-,+,-,-,0,-,0,0
d͡zˠ,-,-,+,-,+,-,-,+,+,-,-,+,+,-,-,+,-,+,-,-,0,-,0,0
t̠͡ɹ̠ːˠ,-,-,+,-,+,-,-,-,-,-,-,+,+,-,-,+,-,+,-,-,0,+,0,0
t̠͡ɹ̝̠̊ːˠ,-,-,+,-,+,-,-,-,-,-,-,+,+,-,-,+,-,+,-,-,0,+,0,0
t͡sːˠ,-,-,+,-,+,-,-,+,-,-,-,+,+,-,-,+,-,+,-,-,0,+,0,0
d͡ɹ̝ːˠ,-,-,+,-,+,-,-,-,+,-,-,+,+,-,-,+,-,+,-,-,0,+,0,0
d̠͡ɹ̠˔ːˠ,-,-,+,-,+,-,-,-,+,-,-,+,+,-,-,+,-,+,-,-,0,+,0,0
d͡zːˠ,-,-,+,-,+,-,-,+,+,-,-,+,+,-,-,+,-,+,-,-,0,+,0,0
t̠͡ɹ̠ʲʷ,-,-,+,-,+,-,-,-,-,-,-,+,+,-,-,+,-,+,+,-,0,-,0,0
t̠͡ɹ̝̠̊ʲʷ,-,-,+,-,+,-,-,-,-,-,-,+,+,-,-,+,-,+,+,-,0,-,0,0
t͡sʲʷ,-,-,+,-,+,-,-,+,-,-,-,+,+,-,-,+,-,+,+,-,0,-,0,0
t̠͡ɹ̠̠ʷ,-,-,+,-,+,-,-,-,-,-,-,+,+,-,-,+,-,+,+,-,0,-,0,0
t̠͡ɹ̝̠̠̊ʷ,-,-,+,-,+,-,-,-,-,-,-,+,+,-,-,+,-,+,+,-,0,-,0,0
t͡s̠ʷ,-,-,+,-,+,-,-,+,-,-,-,+,+,-,-,+,-,+,+,-,0,-,0,0
t̠͡ɹ̠ʷ,-,-,+,-,+,-,-,-,-,-,-,+,+,-,-,+,-,+,+,-,0,-,0,0
t̠͡ɹ̝̠̊ʷ,-,-,+,-,+,-,-,-,-,-,-,+,+,-,-,+,-,+,+,-,0,-,0,0
t͡sʷ,-,-,+,-,+,-,-,+,-,-,-,+,+,-,-,+,-,+,+,-,0,-,0,0
t̠͡ɹ̠̥ʷ,-,-,+,-,+,-,-,-,-,-,-,+,+,-,-,+,-,+,+,-,0,-,0,0
t̠͡ɹ̝̠̥̊ʷ,-,-,+,-,+,-,-,-,-,-,-,+,+,-,-,+,-,+,+,-,0,-,0,0
d͡ɹ̝̥ʷ,-,-,+,-,+,-,-,-,-,-,-,+,+,-,-,+,-,+,+,-,0,-,0,0
d̠͡ɹ̠˔̥ʷ,-,-,+,-,+,-,-,-,-,-,-,+,+,-,-,+,-,+,+,-,0,-,0,0
d͡z̥ʷ,-,-,+,-,+,-,-,+,-,-,-,+,+,-,-,+,-,+,+,-,0,-,0,0
t͡s̥ʷ,-,-,+,-,+,-,-,+,-,-,-,+,+,-,-,+,-,+,+,-,0,-,0,0
t̠͡ɹ̠ʷˠ,-,-,+,-,+,-,-,-,-,-,-,+,+,-,-,+,-,+,+,-,0,-,0,0
t̠͡ɹ̝̠̊ʷˠ,-,-,+,-,+,-,-,-,-,-,-,+,+,-,-,+,-,+,+,-,0,-,0,0
t͡sʷˠ,-,-,+,-,+,-,-,+,-,-,-,+,+,-,-,+,-,+,+,-,0,-,0,0
d͡ɹ̝ʲʷ,-,-,+,-,+,-,-,-,+,-,-,+,+,-,-,+,-,+,+,-,0,-,0,0
d̠͡ɹ̠˔ʲʷ,-,-,+,-,+,-,-,-,+,-,-,+,+,-,-,+,-,+,+,-,0,-,0,0
d͡zʲʷ,-,-,+,-,+,-,-,+,+,-,-,+,+,-,-,+,-,+,+,-,0,-,0,0
d͡ɹ̝̠ʷ,-,-,+,-,+,-,-,-,+,-,-,+,+,-,-,+,-,+,+,-,0,-,0,0
d̠͡ɹ̠˔̠ʷ,-,-,+,-,+,-,-,-,+,-,-,+,+,-,-,+,-,+,+,-,0,-,0,0
d͡z̠ʷ,-,-,+,-,+,-,-,+,+,-,-,+,+,-,-,+,-,+,+,-,0,-,0,0
d͡ɹ̝ʷ,-,-,+,-,+,-,-,-,+,-,-,+,+,-,-,+,-,+,+,-,0,-,0,0
d̠͡ɹ̠˔ʷ,-,-,+,-,+,-,-,-,+,-,-,+,+,-,-,+,-,+,+,-,0,-,0,0
d͡zʷ,-,-,+,-,+,-,-,+,+,-,-,+,+,-,-,+,-,+,+,-,0,-,0,0
d͡ɹ̝ʷˠ,-,-,+,-,+,-,-,-,+,-,-,+,+,-,-,+,-,+,+,-,0,-,0,0
d̠͡ɹ̠˔ʷˠ,-,-,+,-,+,-,-,-,+,-,-,+,+,-,-,+,-,+,+,-,0,-,0,0
d͡zʷˠ,-,-,+,-,+,-,-,+,+,-,-,+,+,-,-,+,-,+,+,-,0,-,0,0
t̠͡ɹ̠ʷː,-,-,+,-,+,-,-,-,-,-,-,+,+,-,-,+,-,+,+,-,0,+,0,0
t̠͡ɹ̝̠̊ʷː,-,-,+,-,+,-,-,-,-,-,-,+,+,-,-,+,-,+,+,-,0,+,0,0
t͡sʷː,-,-,+,-,+,-,-,+,-,-,-,+,+,-,-,+,-,+,+,-,0,+,0,0
t̠͡ɹ̠ːʷ,-,-,+,-,+,-,-,-,-,-,-,+,+,-,-,+,-,+,+,-,0,+,0,0
t̠͡ɹ̝̠̊ːʷ,-,-,+,-,+,-,-,-,-,-,-,+,+,-,-,+,-,+,+,-,0,+,0,0
t͡sːʷ,-,-,+,-,+,-,-,+,-,-,-,+,+,-,-,+,-,+,+,-,0,+,0,0
d͡ɹ̝ʷː,-,-,+,-,+,-,-,-,+,-,-,+,+,-,-,+,-,+,+,-,0,+,0,0
d̠͡ɹ̠˔ʷː,-,-,+,-,+,-,-,-,+,-,-,+,+,-,-,+,-,+,+,-,0,+,0,0
d͡zʷː,-,-,+,-,+,-,-,+,+,-,-,+,+,-,-,+,-,+,+,-,0,+,0,0
d͡ɹ̝ːʷ,-,-,+,-,+,-,-,-,+,-,-,+,+,-,-,+,-,+,+,-,0,+,0,0
d̠͡ɹ̠˔ːʷ,-,-,+,-,+,-,-,-,+,-,-,+,+,-,-,+,-,+,+,-,0,+,0,0
d͡zːʷ,-,-,+,-,+,-,-,+,+,-,-,+,+,-,-,+,-,+,+,-,0,+,0,0
p͡fʲ,-,-,+,-,+,-,-,+,-,-,-,+,-,0,+,+,-,-,-,-,0,-,0,0
b͡v̥ʲ,-,-,+,-,+,-,-,+,-,-,-,+,-,0,+,+,-,-,-,-,0,-,0,0
p͡f̥ʲ,-,-,+,-,+,-,-,+,-,-,-,+,-,0,+,+,-,-,-,-,0,-,0,0
b͡vʲ,-,-,+,-,+,-,-,+,+,-,-,+,-,0,+,+,-,-,-,-,0,-,0,0
p͡fʲː,-,-,+,-,+,-,-,+,-,-,-,+,-,0,+,+,-,-,-,-,0,+,0,0
p͡fːʲ,-,-,+,-,+,-,-,+,-,-,-,+,-,0,+,+,-,-,-,-,0,+,0,0
b͡vʲː,-,-,+,-,+,-,-,+,+,-,-,+,-,0,+,+,-,-,-,-,0,+,0,0
b͡vːʲ,-,-,+,-,+,-,-,+,+,-,-,+,-,0,+,+,-,-,-,-,0,+,0,0
p͡fˠ,-,-,+,-,+,-,-,+,-,-,-,+,-,0,+,+,-,+,-,-,0,-,0,0
b͡v̥ˠ,-,-,+,-,+,-,-,+,-,-,-,+,-,0,+,+,-,+,-,-,0,-,0,0
p͡f̥ˠ,-,-,+,-,+,-,-,+,-,-,-,+,-,0,+,+,-,+,-,-,0,-,0,0
b͡vˠ,-,-,+,-,+,-,-,+,+,-,-,+,-,0,+,+,-,+,-,-,0,-,0,0
p͡fːˠ,-,-,+,-,+,-,-,+,-,-,-,+,-,0,+,+,-,+,-,-,0,+,0,0
b͡vːˠ,-,-,+,-,+,-,-,+,+,-,-,+,-,0,+,+,-,+,-,-,0,+,0,0
p͡fʲʷ,-,-,+,-,+,-,-,+,-,-,-,+,-,0,+,+,-,+,+,-,0,-,0,0
p͡f̠ʷ,-,-,+,-,+,-,-,+,-,-,-,+,-,0,+,+,-,+,+,-,0,-,0,0
p͡fʷ,-,-,+,-,+,-,-,+,-,-,-,+,-,0,+,+,-,+,+,-,0,-,0,0
b͡v̥ʷ,-,-,+,-,+,-,-,+,-,-,-,+,-,0,+,+,-,+,+,-,0,-,0,0
p͡f̥ʷ,-,-,+,-,+,-,-,+,-,-,-,+,-,0,+,+,-,+,+,-,0,-,0,0
p͡fʷˠ,-,-,+,-,+,-,-,+,-,-,-,+,-,0,+,+,-,+,+,-,0,-,0,0
b͡vʲʷ,-,-,+,-,+,-,-,+,+,-,-,+,-,0,+,+,-,+,+,-,0,-,0,0
b͡v̠ʷ,-,-,+,-,+,-,-,+,+,-,-,+,-,0,+,+,-,+,+,-,0,-,0,0
b͡vʷ,-,-,+,-,+,-,-,+,+,-,-,+,-,0,+,+,-,+,+,-,0,-,0,0
b͡vʷˠ,-,-,+,-,+,-,-,+,+,-,-,+,-,0,+,+,-,+,+,-,0,-,0,0
p͡fʷː,-,-,+,-,+,-,-,+,-,-,-,+,-,0,+,+,-,+,+,-,0,+,0,0
p͡fːʷ,-,-,+,-,+,-,-,+,-,-,-,+,-,0,+,+,-,+,+,-,0,+,0,0
b͡vʷː,-,-,+,-,+,-,-,+,+,-,-,+,-,0,+,+,-,+,+,-,0,+,0,0
b͡vːʷ,-,-,+,-,+,-,-,+,+,-,-,+,-,0,+,+,-,+,+,-,0,+,0,0
k͡x̥ˤ,-,-,+,-,+,-,-,-,-,-,-,-,-,0,-,+,+,+,-,-,0,-,0,0
ɡ͡ɣ̥ˤ,-,-,+,-,+,-,-,-,-,-,-,-,-,0,-,+,+,+,-,-,0,-,0,0
k͡xˤ,-,-,+,-,+,-,-,-,-,-,-,-,-,0,-,+,+,+,-,-,0,-,0,0
ɡ͡ɣˤ,-,-,+,-,+,-,-,-,+,-,-,-,-,0,-,+,+,+,-,-,0,-,0,0
k͡xˤː,-,-,+,-,+,-,-,-,-,-,-,-,-,0,-,+,+,+,-,-,0,+,0,0
k͡xːˤ,-,-,+,-,+,-,-,-,-,-,-,-,-,0,-,+,+,+,-,-,0,+,0,0
ɡ͡ɣˤː,-,-,+,-,+,-,-,-,+,-,-,-,-,0,-,+,+,+,-,-,0,+,0,0
ɡ͡ɣːˤ,-,-,+,-,+,-,-,-,+,-,-,-,-,0,-,+,+,+,-,-,0,+,0,0
k͡xʷˤ,-,-,+,-,+,-,-,-,-,-,-,-,-,0,-,+,+,+,+,-,0,-,0,0
q͡χʷˤ,-,-,+,-,+,-,-,-,-,-,-,-,-,0,-,+,+,+,+,-,0,-,0,0
ɡ͡ɣʷˤ,-,-,+,-,+,-,-,-,+,-,-,-,-,0,-,+,+,+,+,-,0,-,0,0
ɢ͡ʁʷˤ,-,-,+,-,+,-,-,-,+,-,-,-,-,0,-,+,+,+,+,-,0,-,0,0
ʈ͡ʂʷˤ,-,-,+,-,+,-,-,+,-,-,-,-,+,-,-,+,+,+,+,-,0,-,0,0
ɖ͡ʐʷˤ,-,-,+,-,+,-,-,+,+,-,-,-,+,-,-,+,+,+,+,-,0,-,0,0
c͡ç̥ˤ,-,-,+,-,+,-,-,-,-,-,-,-,+,+,-,+,+,+,-,-,0,-,0,0
ɟ͡ʝ̥ˤ,-,-,+,-,+,-,-,-,-,-,-,-,+,+,-,+,+,+,-,-,0,-,0,0
d͡ʑ̥ˤ,-,-,+,-,+,-,-,-,-,-,-,-,+,+,-,+,+,+,-,-,0,-,0,0
t͡ɕ̥ˤ,-,-,+,-,+,-,-,-,-,-,-,-,+,+,-,+,+,+,-,-,0,-,0,0
c͡çˤ,-,-,+,-,+,-,-,-,-,-,-,-,+,+,-,+,+,+,-,-,0,-,0,0
t͡ɕˤ,-,-,+,-,+,-,-,-,-,-,-,-,+,+,-,+,+,+,-,-,0,-,0,0
ɟ͡ʝˤ,-,-,+,-,+,-,-,-,+,-,-,-,+,+,-,+,+,+,-,-,0,-,0,0
d͡ʑˤ,-,-,+,-,+,-,-,-,+,-,-,-,+,+,-,+,+,+,-,-,0,-,0,0
c͡çˤː,-,-,+,-,+,-,-,-,-,-,-,-,+,+,-,+,+,+,-,-,0,+,0,0
t͡ɕˤː,-,-,+,-,+,-,-,-,-,-,-,-,+,+,-,+,+,+,-,-,0,+,0,0
c͡çːˤ,-,-,+,-,+,-,-,-,-,-,-,-,+,+,-,+,+,+,-,-,0,+,0,0
t͡ɕːˤ,-,-,+,-,+,-,-,-,-,-,-,-,+,+,-,+,+,+,-,-,0,+,0,0
ɟ͡ʝˤː,-,-,+,-,+,-,-,-,+,-,-,-,+,+,-,+,+,+,-,-,0,+,0,0
d͡ʑˤː,-,-,+,-,+,-,-,-,+,-,-,-,+,+,-,+,+,+,-,-,0,+,0,0
ɟ͡ʝːˤ,-,-,+,-,+,-,-,-,+,-,-,-,+,+,-,+,+,+,-,-,0,+,0,0
d͡ʑːˤ,-,-,+,-,+,-,-,-,+,-,-,-,+,+,-,+,+,+,-,-,0,+,0,0
c͡çʷˤ,-,-,+,-,+,-,-,-,-,-,-,-,+,+,-,+,+,+,+,-,0,-,0,0
t͡ʃʷˤ,-,-,+,-,+,-,-,+,-,-,-,-,+,+,-,+,+,+,+,-,0,-,0,0
t̠͡ʃʷˤ,-,-,+,-,+,-,-,+,-,-,-,-,+,+,-,+,+,+,+,-,0,-,0,0
t͡ɕʷˤ,-,-,+,-,+,-,-,-,-,-,-,-,+,+,-,+,+,+,+,-,0,-,0,0
d͡ʒʷˤ,-,-,+,-,+,-,-,+,+,-,-,-,+,+,-,+,+,+,+,-,0,-,0,0
ɟ͡ʝʷˤ,-,-,+,-,+,-,-,-,+,-,-,-,+,+,-,+,+,+,+,-,0,-,0,0
d͡ʑʷˤ,-,-,+,-,+,-,-,-,+,-,-,-,+,+,-,+,+,+,+,-,0,-,0,0
t̠͡ɹ̠ʷˤ,-,-,+,-,+,-,-,-,-,-,-,+,+,-,-,+,+,+,+,-,0,-,0,0
t̠͡ɹ̝̠̊ʷˤ,-,-,+,-,+,-,-,-,-,-,-,+,+,-,-,+,+,+,+,-,0,-,0,0
t͡sʷˤ,-,-,+,-,+,-,-,+,-,-,-,+,+,-,-,+,+,+,+,-,0,-,0,0
d͡ɹ̝ʷˤ,-,-,+,-,+,-,-,-,+,-,-,+,+,-,-,+,+,+,+,-,0,-,0,0
d̠͡ɹ̠˔ʷˤ,-,-,+,-,+,-,-,-,+,-,-,+,+,-,-,+,+,+,+,-,0,-,0,0
d͡zʷˤ,-,-,+,-,+,-,-,+,+,-,-,+,+,-,-,+,+,+,+,-,0,-,0,0
t̪͡s̪ʷˤ,-,-,+,-,+,-,-,+,-,-,-,+,+,+,-,+,+,+,+,-,0,-,0,0
t̪͡θʷˤ,-,-,+,-,+,-,-,-,-,-,-,+,+,+,-,+,+,+,+,-,0,-,0,0
d̪͡z̪ʷˤ,-,-,+,-,+,-,-,+,+,-,-,+,+,+,-,+,+,+,+,-,0,-,0,0
d̪͡ðʷˤ,-,-,+,-,+,-,-,-,+,-,-,+,+,+,-,+,+,+,+,-,0,-,0,0
p͡ɸʷˤ,-,-,+,-,+,-,-,-,-,-,-,+,-,0,+,+,+,+,+,-,0,-,0,0
p͡fʷˤ,-,-,+,-,+,-,-,+,-,-,-,+,-,0,+,+,+,+,+,-,0,-,0,0
b͡βʷˤ,-,-,+,-,+,-,-,-,+,-,-,+,-,0,+,+,+,+,+,-,0,-,0,0
b͡vʷˤ,-,-,+,-,+,-,-,+,+,-,-,+,-,0,+,+,+,+,+,-,0,-,0,0
ʈ͡ʂʼ,-,-,+,-,+,-,-,+,-,-,+,-,+,-,-,0,0,0,-,-,0,-,0,0
ɖ͡ʐ̰,-,-,+,-,+,-,-,+,+,-,+,-,+,-,-,0,0,0,-,-,0,-,0,0
ʈ͡ʂʼː,-,-,+,-,+,-,-,+,-,-,+,-,+,-,-,0,0,0,-,-,0,+,0,0
ɖ͡ʐ̰ː,-,-,+,-,+,-,-,+,+,-,+,-,+,-,-,0,0,0,-,-,0,+,0,0
t̪͡s̪ʼ,-,-,+,-,+,-,-,+,-,-,+,+,+,+,-,0,0,0,-,-,0,-,0,0
t̪͡θʼ,-,-,+,-,+,-,-,-,-,-,+,+,+,+,-,0,0,0,-,-,0,-,0,0
d̪͡z̪̰,-,-,+,-,+,-,-,+,+,-,+,+,+,+,-,0,0,0,-,-,0,-,0,0
d̪͡ð̰,-,-,+,-,+,-,-,-,+,-,+,+,+,+,-,0,0,0,-,-,0,-,0,0
t̪͡s̪ʼː,-,-,+,-,+,-,-,+,-,-,+,+,+,+,-,0,0,0,-,-,0,+,0,0
t̪͡θʼː,-,-,+,-,+,-,-,-,-,-,+,+,+,+,-,0,0,0,-,-,0,+,0,0
d̪͡z̪̰ː,-,-,+,-,+,-,-,+,+,-,+,+,+,+,-,0,0,0,-,-,0,+,0,0
d̪͡ð̰ː,-,-,+,-,+,-,-,-,+,-,+,+,+,+,-,0,0,0,-,-,0,+,0,0
p͡ɸʼ,-,-,+,-,+,-,-,-,-,-,+,+,-,0,+,0,0,0,-,-,0,-,0,0
b͡β̰,-,-,+,-,+,-,-,-,+,-,+,+,-,0,+,0,0,0,-,-,0,-,0,0
p͡ɸʼː,-,-,+,-,+,-,-,-,-,-,+,+,-,0,+,0,0,0,-,-,0,+,0,0
b͡β̰ː,-,-,+,-,+,-,-,-,+,-,+,+,-,0,+,0,0,0,-,-,0,+,0,0
ʈ͡ʂˤʼ,-,-,+,-,+,-,-,+,-,-,+,-,+,-,-,0,+,+,-,-,0,-,0,0
ɖ͡ʐ̰ˤ,-,-,+,-,+,-,-,+,+,-,+,-,+,-,-,0,+,+,-,-,0,-,0,0
t̪͡s̪ˤʼ,-,-,+,-,+,-,-,+,-,-,+,+,+,+,-,0,+,+,-,-,0,-,0,0
t̪͡θˤʼ,-,-,+,-,+,-,-,-,-,-,+,+,+,+,-,0,+,+,-,-,0,-,0,0
d̪͡z̪̰ˤ,-,-,+,-,+,-,-,+,+,-,+,+,+,+,-,0,+,+,-,-,0,-,0,0
d̪͡ð̰ˤ,-,-,+,-,+,-,-,-,+,-,+,+,+,+,-,0,+,+,-,-,0,-,0,0
p͡ɸˤʼ,-,-,+,-,+,-,-,-,-,-,+,+,-,0,+,0,+,+,-,-,0,-,0,0
b͡β̰ˤ,-,-,+,-,+,-,-,-,+,-,+,+,-,0,+,0,+,+,-,-,0,-,0,0
q͡χʼ,-,-,+,-,+,-,-,-,-,-,+,-,-,0,-,-,-,+,-,-,0,-,0,0
ɢ͡ʁ̰,-,-,+,-,+,-,-,-,+,-,+,-,-,0,-,-,-,+,-,-,0,-,0,0
q͡χʼː,-,-,+,-,+,-,-,-,-,-,+,-,-,0,-,-,-,+,-,-,0,+,0,0
ɢ͡ʁ̰ː,-,-,+,-,+,-,-,-,+,-,+,-,-,0,-,-,-,+,-,-,0,+,0,0
t͡ʃʼ,-,-,+,-,+,-,-,+,-,-,+,-,+,+,-,-,-,-,-,-,0,-,0,0
t̠͡ʃʼ,-,-,+,-,+,-,-,+,-,-,+,-,+,+,-,-,-,-,-,-,0,-,0,0
d͡ʒ̰,-,-,+,-,+,-,-,+,+,-,+,-,+,+,-,-,-,-,-,-,0,-,0,0
t͡ʃʼː,-,-,+,-,+,-,-,+,-,-,+,-,+,+,-,-,-,-,-,-,0,+,0,0
t̠͡ʃʼː,-,-,+,-,+,-,-,+,-,-,+,-,+,+,-,-,-,-,-,-,0,+,0,0
d͡ʒ̰ː,-,-,+,-,+,-,-,+,+,-,+,-,+,+,-,-,-,-,-,-,0,+,0,0
t̠͡ɹ̠ʼ,-,-,+,-,+,-,-,-,-,-,+,+,+,-,-,-,-,-,-,-,0,-,0,0
t̠͡ɹ̝̠̊ʼ,-,-,+,-,+,-,-,-,-,-,+,+,+,-,-,-,-,-,-,-,0,-,0,0
t͡sʼ,-,-,+,-,+,-,-,+,-,-,+,+,+,-,-,-,-,-,-,-,0,-,0,0
d͡ɹ̝̰,-,-,+,-,+,-,-,-,+,-,+,+,+,-,-,-,-,-,-,-,0,-,0,0
d̠͡ɹ̠˔̰,-,-,+,-,+,-,-,-,+,-,+,+,+,-,-,-,-,-,-,-,0,-,0,0
d͡z̰,-,-,+,-,+,-,-,+,+,-,+,+,+,-,-,-,-,-,-,-,0,-,0,0
t̠͡ɹ̠ʼː,-,-,+,-,+,-,-,-,-,-,+,+,+,-,-,-,-,-,-,-,0,+,0,0
t̠͡ɹ̝̠̊ʼː,-,-,+,-,+,-,-,-,-,-,+,+,+,-,-,-,-,-,-,-,0,+,0,0
t͡sʼː,-,-,+,-,+,-,-,+,-,-,+,+,+,-,-,-,-,-,-,-,0,+,0,0
d͡ɹ̝̰ː,-,-,+,-,+,-,-,-,+,-,+,+,+,-,-,-,-,-,-,-,0,+,0,0
d̠͡ɹ̠˔̰ː,-,-,+,-,+,-,-,-,+,-,+,+,+,-,-,-,-,-,-,-,0,+,0,0
d͡z̰ː,-,-,+,-,+,-,-,+,+,-,+,+,+,-,-,-,-,-,-,-,0,+,0,0
p͡fʼ,-,-,+,-,+,-,-,+,-,-,+,+,-,0,+,-,-,-,-,-,0,-,0,0
b͡v̰,-,-,+,-,+,-,-,+,+,-,+,+,-,0,+,-,-,-,-,-,0,-,0,0
p͡fʼː,-,-,+,-,+,-,-,+,-,-,+,+,-,0,+,-,-,-,-,-,0,+,0,0
b͡v̰ː,-,-,+,-,+,-,-,+,+,-,+,+,-,0,+,-,-,-,-,-,0,+,0,0
q͡χˤʼ,-,-,+,-,+,-,-,-,-,-,+,-,-,0,-,-,+,+,-,-,0,-,0,0
ɢ͡ʁ̰ˤ,-,-,+,-,+,-,-,-,+,-,+,-,-,0,-,-,+,+,-,-,0,-,0,0
t͡ʃˤʼ,-,-,+,-,+,-,-,+,-,-,+,-,+,+,-,-,+,+,-,-,0,-,0,0
t̠͡ʃˤʼ,-,-,+,-,+,-,-,+,-,-,+,-,+,+,-,-,+,+,-,-,0,-,0,0
d͡ʒ̰ˤ,-,-,+,-,+,-,-,+,+,-,+,-,+,+,-,-,+,+,-,-,0,-,0,0
t̠͡ɹ̠ˤʼ,-,-,+,-,+,-,-,-,-,-,+,+,+,-,-,-,+,+,-,-,0,-,0,0
t̠͡ɹ̝̠̊ˤʼ,-,-,+,-,+,-,-,-,-,-,+,+,+,-,-,-,+,+,-,-,0,-,0,0
t͡sˤʼ,-,-,+,-,+,-,-,+,-,-,+,+,+,-,-,-,+,+,-,-,0,-,0,0
d͡ɹ̝̰ˤ,-,-,+,-,+,-,-,-,+,-,+,+,+,-,-,-,+,+,-,-,0,-,0,0
d̠͡ɹ̠˔̰ˤ,-,-,+,-,+,-,-,-,+,-,+,+,+,-,-,-,+,+,-,-,0,-,0,0
d͡z̰ˤ,-,-,+,-,+,-,-,+,+,-,+,+,+,-,-,-,+,+,-,-,0,-,0,0
p͡fˤʼ,-,-,+,-,+,-,-,+,-,-,+,+,-,0,+,-,+,+,-,-,0,-,0,0
b͡v̰ˤ,-,-,+,-,+,-,-,+,+,-,+,+,-,0,+,-,+,+,-,-,0,-,0,0
ʈ͡ʂʲʼ,-,-,+,-,+,-,-,+,-,-,+,-,+,-,-,+,0,-,-,-,0,-,0,0
ʈ͡ʂʼʲ,-,-,+,-,+,-,-,+,-,-,+,-,+,-,-,+,0,-,-,-,0,-,0,0
ɖ͡ʐ̰ʲ,-,-,+,-,+,-,-,+,+,-,+,-,+,-,-,+,0,-,-,-,0,-,0,0
ɖ͡ʐ̰ˠ,-,-,+,-,+,-,-,+,+,-,+,-,+,-,-,+,0,+,-,-,0,-,0,0
ʈ͡ʂʼʷ,-,-,+,-,+,-,-,+,-,-,+,-,+,-,-,+,0,+,+,-,0,-,0,0
ʈ͡ʂʷʼ,-,-,+,-,+,-,-,+,-,-,+,-,+,-,-,+,0,+,+,-,0,-,0,0
ɖ͡ʐ̰ʷ,-,-,+,-,+,-,-,+,+,-,+,-,+,-,-,+,0,+,+,-,0,-,0,0
t̪͡s̪ʲʼ,-,-,+,-,+,-,-,+,-,-,+,+,+,+,-,+,0,-,-,-,0,-,0,0
t̪͡θʲʼ,-,-,+,-,+,-,-,-,-,-,+,+,+,+,-,+,0,-,-,-,0,-,0,0
t̪͡s̪ʼʲ,-,-,+,-,+,-,-,+,-,-,+,+,+,+,-,+,0,-,-,-,0,-,0,0
t̪͡θʼʲ,-,-,+,-,+,-,-,-,-,-,+,+,+,+,-,+,0,-,-,-,0,-,0,0
d̪͡z̪̰ʲ,-,-,+,-,+,-,-,+,+,-,+,+,+,+,-,+,0,-,-,-,0,-,0,0
d̪͡ð̰ʲ,-,-,+,-,+,-,-,-,+,-,+,+,+,+,-,+,0,-,-,-,0,-,0,0
d̪͡z̪̰ˠ,-,-,+,-,+,-,-,+,+,-,+,+,+,+,-,+,0,+,-,-,0,-,0,0
d̪͡ð̰ˠ,-,-,+,-,+,-,-,-,+,-,+,+,+,+,-,+,0,+,-,-,0,-,0,0
t̪͡s̪ʼʷ,-,-,+,-,+,-,-,+,-,-,+,+,+,+,-,+,0,+,+,-,0,-,0,0
t̪͡θʼʷ,-,-,+,-,+,-,-,-,-,-,+,+,+,+,-,+,0,+,+,-,0,-,0,0
t̪͡s̪ʷʼ,-,-,+,-,+,-,-,+,-,-,+,+,+,+,-,+,0,+,+,-,0,-,0,0
t̪͡θʷʼ,-,-,+,-,+,-,-,-,-,-,+,+,+,+,-,+,0,+,+,-,0,-,0,0
d̪͡z̪̰ʷ,-,-,+,-,+,-,-,+,+,-,+,+,+,+,-,+,0,+,+,-,0,-,0,0
d̪͡ð̰ʷ,-,-,+,-,+,-,-,-,+,-,+,+,+,+,-,+,0,+,+,-,0,-,0,0
p͡ɸʲʼ,-,-,+,-,+,-,-,-,-,-,+,+,-,0,+,+,0,-,-,-,0,-,0,0
p͡ɸʼʲ,-,-,+,-,+,-,-,-,-,-,+,+,-,0,+,+,0,-,-,-,0,-,0,0
b͡β̰ʲ,-,-,+,-,+,-,-,-,+,-,+,+,-,0,+,+,0,-,-,-,0,-,0,0
b͡β̰ˠ,-,-,+,-,+,-,-,-,+,-,+,+,-,0,+,+,0,+,-,-,0,-,0,0
p͡ɸʼʷ,-,-,+,-,+,-,-,-,-,-,+,+,-,0,+,+,0,+,+,-,0,-,0,0
p͡ɸʷʼ,-,-,+,-,+,-,-,-,-,-,+,+,-,0,+,+,0,+,+,-,0,-,0,0
b͡β̰ʷ,-,-,+,-,+,-,-,-,+,-,+,+,-,0,+,+,0,+,+,-,0,-,0,0
k͡xʲʼ,-,-,+,-,+,-,-,-,-,-,+,-,-,0,-,+,-,-,-,-,0,-,0,0
q͡χʲʼ,-,-,+,-,+,-,-,-,-,-,+,-,-,0,-,+,-,-,-,-,0,-,0,0
k͡xʼʲ,-,-,+,-,+,-,-,-,-,-,+,-,-,0,-,+,-,-,-,-,0,-,0,0
q͡χʼʲ,-,-,+,-,+,-,-,-,-,-,+,-,-,0,-,+,-,-,-,-,0,-,0,0
ɡ͡ɣ̰ʲ,-,-,+,-,+,-,-,-,+,-,+,-,-,0,-,+,-,-,-,-,0,-,0,0
ɢ͡ʁ̰ʲ,-,-,+,-,+,-,-,-,+,-,+,-,-,0,-,+,-,-,-,-,0,-,0,0
k͡xʼ,-,-,+,-,+,-,-,-,-,-,+,-,-,0,-,+,-,+,-,-,0,-,0,0
ɡ͡ɣ̰ˠ,-,-,+,-,+,-,-,-,+,-,+,-,-,0,-,+,-,+,-,-,0,-,0,0
ɢ͡ʁ̰ˠ,-,-,+,-,+,-,-,-,+,-,+,-,-,0,-,+,-,+,-,-,0,-,0,0
ɡ͡ɣ̰,-,-,+,-,+,-,-,-,+,-,+,-,-,0,-,+,-,+,-,-,0,-,0,0
k͡xʼː,-,-,+,-,+,-,-,-,-,-,+,-,-,0,-,+,-,+,-,-,0,+,0,0
ɡ͡ɣ̰ː,-,-,+,-,+,-,-,-,+,-,+,-,-,0,-,+,-,+,-,-,0,+,0,0
k͡xʼʷ,-,-,+,-,+,-,-,-,-,-,+,-,-,0,-,+,-,+,+,-,0,-,0,0
q͡χʼʷ,-,-,+,-,+,-,-,-,-,-,+,-,-,0,-,+,-,+,+,-,0,-,0,0
k͡xʷʼ,-,-,+,-,+,-,-,-,-,-,+,-,-,0,-,+,-,+,+,-,0,-,0,0
q͡χʷʼ,-,-,+,-,+,-,-,-,-,-,+,-,-,0,-,+,-,+,+,-,0,-,0,0
ɡ͡ɣ̰ʷ,-,-,+,-,+,-,-,-,+,-,+,-,-,0,-,+,-,+,+,-,0,-,0,0
ɢ͡ʁ̰ʷ,-,-,+,-,+,-,-,-,+,-,+,-,-,0,-,+,-,+,+,-,0,-,0,0
c͡çʲʼ,-,-,+,-,+,-,-,-,-,-,+,-,+,+,-,+,-,-,-,-,0,-,0,0
t͡ʃʲʼ,-,-,+,-,+,-,-,+,-,-,+,-,+,+,-,+,-,-,-,-,0,-,0,0
t̠͡ʃʲʼ,-,-,+,-,+,-,-,+,-,-,+,-,+,+,-,+,-,-,-,-,0,-,0,0
t͡ɕʲʼ,-,-,+,-,+,-,-,-,-,-,+,-,+,+,-,+,-,-,-,-,0,-,0,0
c͡çʼ,-,-,+,-,+,-,-,-,-,-,+,-,+,+,-,+,-,-,-,-,0,-,0,0
t͡ɕʼ,-,-,+,-,+,-,-,-,-,-,+,-,+,+,-,+,-,-,-,-,0,-,0,0
c͡çʼʲ,-,-,+,-,+,-,-,-,-,-,+,-,+,+,-,+,-,-,-,-,0,-,0,0
t͡ʃʼʲ,-,-,+,-,+,-,-,+,-,-,+,-,+,+,-,+,-,-,-,-,0,-,0,0
t̠͡ʃʼʲ,-,-,+,-,+,-,-,+,-,-,+,-,+,+,-,+,-,-,-,-,0,-,0,0
t͡ɕʼʲ,-,-,+,-,+,-,-,-,-,-,+,-,+,+,-,+,-,-,-,-,0,-,0,0
ɟ͡ʝ̰,-,-,+,-,+,-,-,-,+,-,+,-,+,+,-,+,-,-,-,-,0,-,0,0
d͡ʑ̰,-,-,+,-,+,-,-,-,+,-,+,-,+,+,-,+,-,-,-,-,0,-,0,0
d͡ʒ̰ʲ,-,-,+,-,+,-,-,+,+,-,+,-,+,+,-,+,-,-,-,-,0,-,0,0
ɟ͡ʝ̰ʲ,-,-,+,-,+,-,-,-,+,-,+,-,+,+,-,+,-,-,-,-,0,-,0,0
d͡ʑ̰ʲ,-,-,+,-,+,-,-,-,+,-,+,-,+,+,-,+,-,-,-,-,0,-,0,0
c͡çʼː,-,-,+,-,+,-,-,-,-,-,+,-,+,+,-,+,-,-,-,-,0,+,0,0
t͡ɕʼː,-,-,+,-,+,-,-,-,-,-,+,-,+,+,-,+,-,-,-,-,0,+,0,0
ɟ͡ʝ̰ː,-,-,+,-,+,-,-,-,+,-,+,-,+,+,-,+,-,-,-,-,0,+,0,0
d͡ʑ̰ː,-,-,+,-,+,-,-,-,+,-,+,-,+,+,-,+,-,-,-,-,0,+,0,0
d͡ʒ̰ˠ,-,-,+,-,+,-,-,+,+,-,+,-,+,+,-,+,-,+,-,-,0,-,0,0
ɟ͡ʝ̰ˠ,-,-,+,-,+,-,-,-,+,-,+,-,+,+,-,+,-,+,-,-,0,-,0,0
d͡ʑ̰ˠ,-,-,+,-,+,-,-,-,+,-,+,-,+,+,-,+,-,+,-,-,0,-,0,0
c͡çʼʷ,-,-,+,-,+,-,-,-,-,-,+,-,+,+,-,+,-,+,+,-,0,-,0,0
t͡ʃʼʷ,-,-,+,-,+,-,-,+,-,-,+,-,+,+,-,+,-,+,+,-,0,-,0,0
t̠͡ʃʼʷ,-,-,+,-,+,-,-,+,-,-,+,-,+,+,-,+,-,+,+,-,0,-,0,0
t͡ɕʼʷ,-,-,+,-,+,-,-,-,-,-,+,-,+,+,-,+,-,+,+,-,0,-,0,0
c͡çʷʼ,-,-,+,-,+,-,-,-,-,-,+,-,+,+,-,+,-,+,+,-,0,-,0,0
t͡ʃʷʼ,-,-,+,-,+,-,-,+,-,-,+,-,+,+,-,+,-,+,+,-,0,-,0,0
t̠͡ʃʷʼ,-,-,+,-,+,-,-,+,-,-,+,-,+,+,-,+,-,+,+,-,0,-,0,0
t͡ɕʷʼ,-,-,+,-,+,-,-,-,-,-,+,-,+,+,-,+,-,+,+,-,0,-,0,0
d͡ʒ̰ʷ,-,-,+,-,+,-,-,+,+,-,+,-,+,+,-,+,-,+,+,-,0,-,0,0
ɟ͡ʝ̰ʷ,-,-,+,-,+,-,-,-,+,-,+,-,+,+,-,+,-,+,+,-,0,-,0,0
d͡ʑ̰ʷ,-,-,+,-,+,-,-,-,+,-,+,-,+,+,-,+,-,+,+,-,0,-,0,0
t̠͡ɹ̠ʲʼ,-,-,+,-,+,-,-,-,-,-,+,+,+,-,-,+,-,-,-,-,0,-,0,0
t̠͡ɹ̝̠̊ʲʼ,-,-,+,-,+,-,-,-,-,-,+,+,+,-,-,+,-,-,-,-,0,-,0,0
t͡sʲʼ,-,-,+,-,+,-,-,+,-,-,+,+,+,-,-,+,-,-,-,-,0,-,0,0
t̠͡ɹ̠ʼʲ,-,-,+,-,+,-,-,-,-,-,+,+,+,-,-,+,-,-,-,-,0,-,0,0
t̠͡ɹ̝̠̊ʼʲ,-,-,+,-,+,-,-,-,-,-,+,+,+,-,-,+,-,-,-,-,0,-,0,0
t͡sʼʲ,-,-,+,-,+,-,-,+,-,-,+,+,+,-,-,+,-,-,-,-,0,-,0,0
d͡ɹ̝̰ʲ,-,-,+,-,+,-,-,-,+,-,+,+,+,-,-,+,-,-,-,-,0,-,0,0
d̠͡ɹ̠˔̰ʲ,-,-,+,-,+,-,-,-,+,-,+,+,+,-,-,+,-,-,-,-,0,-,0,0
d͡z̰ʲ,-,-,+,-,+,-,-,+,+,-,+,+,+,-,-,+,-,-,-,-,0,-,0,0
d͡ɹ̝̰ˠ,-,-,+,-,+,-,-,-,+,-,+,+,+,-,-,+,-,+,-,-,0,-,0,0
d̠͡ɹ̠˔̰ˠ,-,-,+,-,+,-,-,-,+,-,+,+,+,-,-,+,-,+,-,-,0,-,0,0
d͡z̰ˠ,-,-,+,-,+,-,-,+,+,-,+,+,+,-,-,+,-,+,-,-,0,-,0,0
t̠͡ɹ̠ʼʷ,-,-,+,-,+,-,-,-,-,-,+,+,+,-,-,+,-,+,+,-,0,-,0,0
t̠͡ɹ̝̠̊ʼʷ,-,-,+,-,+,-,-,-,-,-,+,+,+,-,-,+,-,+,+,-,0,-,0,0
t͡sʼʷ,-,-,+,-,+,-,-,+,-,-,+,+,+,-,-,+,-,+,+,-,0,-,0,0
t̠͡ɹ̠ʷʼ,-,-,+,-,+,-,-,-,-,-,+,+,+,-,-,+,-,+,+,-,0,-,0,0
t̠͡ɹ̝̠̊ʷʼ,-,-,+,-,+,-,-,-,-,-,+,+,+,-,-,+,-,+,+,-,0,-,0,0
t͡sʷʼ,-,-,+,-,+,-,-,+,-,-,+,+,+,-,-,+,-,+,+,-,0,-,0,0
d͡ɹ̝̰ʷ,-,-,+,-,+,-,-,-,+,-,+,+,+,-,-,+,-,+,+,-,0,-,0,0
d̠͡ɹ̠˔̰ʷ,-,-,+,-,+,-,-,-,+,-,+,+,+,-,-,+,-,+,+,-,0,-,0,0
d͡z̰ʷ,-,-,+,-,+,-,-,+,+,-,+,+,+,-,-,+,-,+,+,-,0,-,0,0
p͡fʲʼ,-,-,+,-,+,-,-,+,-,-,+,+,-,0,+,+,-,-,-,-,0,-,0,0
p͡fʼʲ,-,-,+,-,+,-,-,+,-,-,+,+,-,0,+,+,-,-,-,-,0,-,0,0
b͡v̰ʲ,-,-,+,-,+,-,-,+,+,-,+,+,-,0,+,+,-,-,-,-,0,-,0,0
b͡v̰ˠ,-,-,+,-,+,-,-,+,+,-,+,+,-,0,+,+,-,+,-,-,0,-,0,0
p͡fʼʷ,-,-,+,-,+,-,-,+,-,-,+,+,-,0,+,+,-,+,+,-,0,-,0,0
p͡fʷʼ,-,-,+,-,+,-,-,+,-,-,+,+,-,0,+,+,-,+,+,-,0,-,0,0
b͡v̰ʷ,-,-,+,-,+,-,-,+,+,-,+,+,-,0,+,+,-,+,+,-,0,-,0,0
k͡xˤʼ,-,-,+,-,+,-,-,-,-,-,+,-,-,0,-,+,+,+,-,-,0,-,0,0
ɡ͡ɣ̰ˤ,-,-,+,-,+,-,-,-,+,-,+,-,-,0,-,+,+,+,-,-,0,-,0,0
k͡xʷˤʼ,-,-,+,-,+,-,-,-,-,-,+,-,-,0,-,+,+,+,+,-,0,-,0,0
q͡χʷˤʼ,-,-,+,-,+,-,-,-,-,-,+,-,-,0,-,+,+,+,+,-,0,-,0,0
ʈ͡ʂʷˤʼ,-,-,+,-,+,-,-,+,-,-,+,-,+,-,-,+,+,+,+,-,0,-,0,0
c͡çˤʼ,-,-,+,-,+,-,-,-,-,-,+,-,+,+,-,+,+,+,-,-,0,-,0,0
t͡ɕˤʼ,-,-,+,-,+,-,-,-,-,-,+,-,+,+,-,+,+,+,-,-,0,-,0,0
ɟ͡ʝ̰ˤ,-,-,+,-,+,-,-,-,+,-,+,-,+,+,-,+,+,+,-,-,0,-,0,0
d͡ʑ̰ˤ,-,-,+,-,+,-,-,-,+,-,+,-,+,+,-,+,+,+,-,-,0,-,0,0
t͡ɕʷˤʼ,-,-,+,-,+,-,-,-,-,-,+,-,+,+,-,+,+,+,+,-,0,-,0,0
c͡çʷˤʼ,-,-,+,-,+,-,-,-,-,-,+,-,+,+,-,+,+,+,+,-,0,-,0,0
t͡ʃʷˤʼ,-,-,+,-,+,-,-,+,-,-,+,-,+,+,-,+,+,+,+,-,0,-,0,0
t̠͡ʃʷˤʼ,-,-,+,-,+,-,-,+,-,-,+,-,+,+,-,+,+,+,+,-,0,-,0,0
t͡sʷˤʼ,-,-,+,-,+,-,-,+,-,-,+,+,+,-,-,+,+,+,+,-,0,-,0,0
t̠͡ɹ̠ʷˤʼ,-,-,+,-,+,-,-,-,-,-,+,+,+,-,-,+,+,+,+,-,0,-,0,0
t̠͡ɹ̝̠̊ʷˤʼ,-,-,+,-,+,-,-,-,-,-,+,+,+,-,-,+,+,+,+,-,0,-,0,0
t̪͡θʷˤʼ,-,-,+,-,+,-,-,-,-,-,+,+,+,+,-,+,+,+,+,-,0,-,0,0
t̪͡s̪ʷˤʼ,-,-,+,-,+,-,-,+,-,-,+,+,+,+,-,+,+,+,+,-,0,-,0,0
p͡ɸʷˤʼ,-,-,+,-,+,-,-,-,-,-,+,+,-,0,+,+,+,+,+,-,0,-,0,0
p͡fʷˤʼ,-,-,+,-,+,-,-,+,-,-,+,+,-,0,+,+,+,+,+,-,0,-,0,0
ʈ͡ʂ̠ʰ,-,-,+,-,+,-,-,+,-,+,-,-,+,-,-,0,0,0,-,-,0,-,0,0
ɖ͡ʐ̤̥,-,-,+,-,+,-,-,+,-,+,-,-,+,-,-,0,0,0,-,-,0,-,0,0
ʈ͡ʂʰ,-,-,+,-,+,-,-,+,-,+,-,-,+,-,-,0,0,0,-,-,0,-,0,0
ɖ͡ʐ̤,-,-,+,-,+,-,-,+,+,+,-,-,+,-,-,0,0,0,-,-,0,-,0,0
ɖ͡ʐ̠ʰ,-,-,+,-,+,-,-,+,+,+,-,-,+,-,-,0,0,0,-,-,0,-,0,0
ɖ͡ʐʰ,-,-,+,-,+,-,-,+,+,+,-,-,+,-,-,0,0,0,-,-,0,-,0,0
ʈ͡ʂʰː,-,-,+,-,+,-,-,+,-,+,-,-,+,-,-,0,0,0,-,-,0,+,0,0
ɖ͡ʐʰː,-,-,+,-,+,-,-,+,+,+,-,-,+,-,-,0,0,0,-,-,0,+,0,0
ɖ͡ʐ̤ː,-,-,+,-,+,-,-,+,+,+,-,-,+,-,-,0,0,0,-,-,0,+,0,0
t̪͡s̪̠ʰ,-,-,+,-,+,-,-,+,-,+,-,+,+,+,-,0,0,0,-,-,0,-,0,0
t̪͡θ̠ʰ,-,-,+,-,+,-,-,-,-,+,-,+,+,+,-,0,0,0,-,-,0,-,0,0
d̪͡z̪̤̥,-,-,+,-,+,-,-,+,-,+,-,+,+,+,-,0,0,0,-,-,0,-,0,0
d̪͡ð̤̥,-,-,+,-,+,-,-,-,-,+,-,+,+,+,-,0,0,0,-,-,0,-,0,0
t̪͡s̪ʰ,-,-,+,-,+,-,-,+,-,+,-,+,+,+,-,0,0,0,-,-,0,-,0,0
t̪͡θʰ,-,-,+,-,+,-,-,-,-,+,-,+,+,+,-,0,0,0,-,-,0,-,0,0
d̪͡z̪̤,-,-,+,-,+,-,-,+,+,+,-,+,+,+,-,0,0,0,-,-,0,-,0,0
d̪͡ð̤,-,-,+,-,+,-,-,-,+,+,-,+,+,+,-,0,0,0,-,-,0,-,0,0
d̪͡z̪̠ʰ,-,-,+,-,+,-,-,+,+,+,-,+,+,+,-,0,0,0,-,-,0,-,0,0
d̪͡ð̠ʰ,-,-,+,-,+,-,-,-,+,+,-,+,+,+,-,0,0,0,-,-,0,-,0,0
d̪͡z̪ʰ,-,-,+,-,+,-,-,+,+,+,-,+,+,+,-,0,0,0,-,-,0,-,0,0
d̪͡ðʰ,-,-,+,-,+,-,-,-,+,+,-,+,+,+,-,0,0,0,-,-,0,-,0,0
t̪͡s̪ʰː,-,-,+,-,+,-,-,+,-,+,-,+,+,+,-,0,0,0,-,-,0,+,0,0
t̪͡θʰː,-,-,+,-,+,-,-,-,-,+,-,+,+,+,-,0,0,0,-,-,0,+,0,0
d̪͡z̪ʰː,-,-,+,-,+,-,-,+,+,+,-,+,+,+,-,0,0,0,-,-,0,+,0,0
d̪͡ðʰː,-,-,+,-,+,-,-,-,+,+,-,+,+,+,-,0,0,0,-,-,0,+,0,0
d̪͡z̪̤ː,-,-,+,-,+,-,-,+,+,+,-,+,+,+,-,0,0,0,-,-,0,+,0,0
d̪͡ð̤ː,-,-,+,-,+,-,-,-,+,+,-,+,+,+,-,0,0,0,-,-,0,+,0,0
p͡ɸ̠ʰ,-,-,+,-,+,-,-,-,-,+,-,+,-,0,+,0,0,0,-,-,0,-,0,0
b͡β̤̥,-,-,+,-,+,-,-,-,-,+,-,+,-,0,+,0,0,0,-,-,0,-,0,0
p͡ɸʰ,-,-,+,-,+,-,-,-,-,+,-,+,-,0,+,0,0,0,-,-,0,-,0,0
b͡β̤,-,-,+,-,+,-,-,-,+,+,-,+,-,0,+,0,0,0,-,-,0,-,0,0
b͡β̠ʰ,-,-,+,-,+,-,-,-,+,+,-,+,-,0,+,0,0,0,-,-,0,-,0,0
b͡βʰ,-,-,+,-,+,-,-,-,+,+,-,+,-,0,+,0,0,0,-,-,0,-,0,0
p͡ɸʰː,-,-,+,-,+,-,-,-,-,+,-,+,-,0,+,0,0,0,-,-,0,+,0,0
b͡βʰː,-,-,+,-,+,-,-,-,+,+,-,+,-,0,+,0,0,0,-,-,0,+,0,0
b͡β̤ː,-,-,+,-,+,-,-,-,+,+,-,+,-,0,+,0,0,0,-,-,0,+,0,0
ʈ͡ʂʰˤ,-,-,+,-,+,-,-,+,-,+,-,-,+,-,-,0,+,+,-,-,0,-,0,0
ʈ͡ʂˤʰ,-,-,+,-,+,-,-,+,-,+,-,-,+,-,-,0,+,+,-,-,0,-,0,0
ɖ͡ʐʰˤ,-,-,+,-,+,-,-,+,+,+,-,-,+,-,-,0,+,+,-,-,0,-,0,0
ɖ͡ʐˤʰ,-,-,+,-,+,-,-,+,+,+,-,-,+,-,-,0,+,+,-,-,0,-,0,0
ɖ͡ʐ̤ˤ,-,-,+,-,+,-,-,+,+,+,-,-,+,-,-,0,+,+,-,-,0,-,0,0
t̪͡s̪ʰˤ,-,-,+,-,+,-,-,+,-,+,-,+,+,+,-,0,+,+,-,-,0,-,0,0
t̪͡θʰˤ,-,-,+,-,+,-,-,-,-,+,-,+,+,+,-,0,+,+,-,-,0,-,0,0
t̪͡s̪ˤʰ,-,-,+,-,+,-,-,+,-,+,-,+,+,+,-,0,+,+,-,-,0,-,0,0
t̪͡θˤʰ,-,-,+,-,+,-,-,-,-,+,-,+,+,+,-,0,+,+,-,-,0,-,0,0
d̪͡z̪ʰˤ,-,-,+,-,+,-,-,+,+,+,-,+,+,+,-,0,+,+,-,-,0,-,0,0
d̪͡ðʰˤ,-,-,+,-,+,-,-,-,+,+,-,+,+,+,-,0,+,+,-,-,0,-,0,0
d̪͡z̪ˤʰ,-,-,+,-,+,-,-,+,+,+,-,+,+,+,-,0,+,+,-,-,0,-,0,0
d̪͡ðˤʰ,-,-,+,-,+,-,-,-,+,+,-,+,+,+,-,0,+,+,-,-,0,-,0,0
d̪͡z̪̤ˤ,-,-,+,-,+,-,-,+,+,+,-,+,+,+,-,0,+,+,-,-,0,-,0,0
d̪͡ð̤ˤ,-,-,+,-,+,-,-,-,+,+,-,+,+,+,-,0,+,+,-,-,0,-,0,0
p͡ɸʰˤ,-,-,+,-,+,-,-,-,-,+,-,+,-,0,+,0,+,+,-,-,0,-,0,0
p͡ɸˤʰ,-,-,+,-,+,-,-,-,-,+,-,+,-,0,+,0,+,+,-,-,0,-,0,0
b͡βʰˤ,-,-,+,-,+,-,-,-,+,+,-,+,-,0,+,0,+,+,-,-,0,-,0,0
b͡βˤʰ,-,-,+,-,+,-,-,-,+,+,-,+,-,0,+,0,+,+,-,-,0,-,0,0
b͡β̤ˤ,-,-,+,-,+,-,-,-,+,+,-,+,-,0,+,0,+,+,-,-,0,-,0,0
q͡χ̠ʰ,-,-,+,-,+,-,-,-,-,+,-,-,-,0,-,-,-,+,-,-,0,-,0,0
ɢ͡ʁ̤̥,-,-,+,-,+,-,-,-,-,+,-,-,-,0,-,-,-,+,-,-,0,-,0,0
q͡χʰ,-,-,+,-,+,-,-,-,-,+,-,-,-,0,-,-,-,+,-,-,0,-,0,0
ɢ͡ʁ̤,-,-,+,-,+,-,-,-,+,+,-,-,-,0,-,-,-,+,-,-,0,-,0,0
ɢ͡ʁ̠ʰ,-,-,+,-,+,-,-,-,+,+,-,-,-,0,-,-,-,+,-,-,0,-,0,0
ɢ͡ʁʰ,-,-,+,-,+,-,-,-,+,+,-,-,-,0,-,-,-,+,-,-,0,-,0,0
q͡χʰː,-,-,+,-,+,-,-,-,-,+,-,-,-,0,-,-,-,+,-,-,0,+,0,0
ɢ͡ʁʰː,-,-,+,-,+,-,-,-,+,+,-,-,-,0,-,-,-,+,-,-,0,+,0,0
ɢ͡ʁ̤ː,-,-,+,-,+,-,-,-,+,+,-,-,-,0,-,-,-,+,-,-,0,+,0,0
t͡ʃ̠ʰ,-,-,+,-,+,-,-,+,-,+,-,-,+,+,-,-,-,-,-,-,0,-,0,0
t̠͡ʃ̠ʰ,-,-,+,-,+,-,-,+,-,+,-,-,+,+,-,-,-,-,-,-,0,-,0,0
d͡ʒ̤̥,-,-,+,-,+,-,-,+,-,+,-,-,+,+,-,-,-,-,-,-,0,-,0,0
t͡ʃʰ,-,-,+,-,+,-,-,+,-,+,-,-,+,+,-,-,-,-,-,-,0,-,0,0
t̠͡ʃʰ,-,-,+,-,+,-,-,+,-,+,-,-,+,+,-,-,-,-,-,-,0,-,0,0
d͡ʒ̤,-,-,+,-,+,-,-,+,+,+,-,-,+,+,-,-,-,-,-,-,0,-,0,0
d͡ʒ̠ʰ,-,-,+,-,+,-,-,+,+,+,-,-,+,+,-,-,-,-,-,-,0,-,0,0
d͡ʒʰ,-,-,+,-,+,-,-,+,+,+,-,-,+,+,-,-,-,-,-,-,0,-,0,0
t͡ʃʰː,-,-,+,-,+,-,-,+,-,+,-,-,+,+,-,-,-,-,-,-,0,+,0,0
t̠͡ʃʰː,-,-,+,-,+,-,-,+,-,+,-,-,+,+,-,-,-,-,-,-,0,+,0,0
d͡ʒʰː,-,-,+,-,+,-,-,+,+,+,-,-,+,+,-,-,-,-,-,-,0,+,0,0
d͡ʒ̤ː,-,-,+,-,+,-,-,+,+,+,-,-,+,+,-,-,-,-,-,-,0,+,0,0
t̠͡ɹ̠̠ʰ,-,-,+,-,+,-,-,-,-,+,-,+,+,-,-,-,-,-,-,-,0,-,0,0
t̠͡ɹ̝̠̠̊ʰ,-,-,+,-,+,-,-,-,-,+,-,+,+,-,-,-,-,-,-,-,0,-,0,0
t͡s̠ʰ,-,-,+,-,+,-,-,+,-,+,-,+,+,-,-,-,-,-,-,-,0,-,0,0
d͡ɹ̝̤̥,-,-,+,-,+,-,-,-,-,+,-,+,+,-,-,-,-,-,-,-,0,-,0,0
d̠͡ɹ̠˔̤̥,-,-,+,-,+,-,-,-,-,+,-,+,+,-,-,-,-,-,-,-,0,-,0,0
d͡z̤̥,-,-,+,-,+,-,-,+,-,+,-,+,+,-,-,-,-,-,-,-,0,-,0,0
t̠͡ɹ̠ʰ,-,-,+,-,+,-,-,-,-,+,-,+,+,-,-,-,-,-,-,-,0,-,0,0
t̠͡ɹ̝̠̊ʰ,-,-,+,-,+,-,-,-,-,+,-,+,+,-,-,-,-,-,-,-,0,-,0,0
t͡sʰ,-,-,+,-,+,-,-,+,-,+,-,+,+,-,-,-,-,-,-,-,0,-,0,0
d͡ɹ̝̤,-,-,+,-,+,-,-,-,+,+,-,+,+,-,-,-,-,-,-,-,0,-,0,0
d̠͡ɹ̠˔̤,-,-,+,-,+,-,-,-,+,+,-,+,+,-,-,-,-,-,-,-,0,-,0,0
d͡z̤,-,-,+,-,+,-,-,+,+,+,-,+,+,-,-,-,-,-,-,-,0,-,0,0
d͡ɹ̝̠ʰ,-,-,+,-,+,-,-,-,+,+,-,+,+,-,-,-,-,-,-,-,0,-,0,0
d̠͡ɹ̠˔̠ʰ,-,-,+,-,+,-,-,-,+,+,-,+,+,-,-,-,-,-,-,-,0,-,0,0
d͡z̠ʰ,-,-,+,-,+,-,-,+,+,+,-,+,+,-,-,-,-,-,-,-,0,-,0,0
d͡ɹ̝ʰ,-,-,+,-,+,-,-,-,+,+,-,+,+,-,-,-,-,-,-,-,0,-,0,0
d̠͡ɹ̠˔ʰ,-,-,+,-,+,-,-,-,+,+,-,+,+,-,-,-,-,-,-,-,0,-,0,0
d͡zʰ,-,-,+,-,+,-,-,+,+,+,-,+,+,-,-,-,-,-,-,-,0,-,0,0
t̠͡ɹ̠ʰː,-,-,+,-,+,-,-,-,-,+,-,+,+,-,-,-,-,-,-,-,0,+,0,0
t̠͡ɹ̝̠̊ʰː,-,-,+,-,+,-,-,-,-,+,-,+,+,-,-,-,-,-,-,-,0,+,0,0
t͡sʰː,-,-,+,-,+,-,-,+,-,+,-,+,+,-,-,-,-,-,-,-,0,+,0,0
d͡ɹ̝ʰː,-,-,+,-,+,-,-,-,+,+,-,+,+,-,-,-,-,-,-,-,0,+,0,0
d̠͡ɹ̠˔ʰː,-,-,+,-,+,-,-,-,+,+,-,+,+,-,-,-,-,-,-,-,0,+,0,0
d͡zʰː,-,-,+,-,+,-,-,+,+,+,-,+,+,-,-,-,-,-,-,-,0,+,0,0
d͡ɹ̝̤ː,-,-,+,-,+,-,-,-,+,+,-,+,+,-,-,-,-,-,-,-,0,+,0,0
d̠͡ɹ̠˔̤ː,-,-,+,-,+,-,-,-,+,+,-,+,+,-,-,-,-,-,-,-,0,+,0,0
d͡z̤ː,-,-,+,-,+,-,-,+,+,+,-,+,+,-,-,-,-,-,-,-,0,+,0,0
p͡f̠ʰ,-,-,+,-,+,-,-,+,-,+,-,+,-,0,+,-,-,-,-,-,0,-,0,0
b͡v̤̥,-,-,+,-,+,-,-,+,-,+,-,+,-,0,+,-,-,-,-,-,0,-,0,0
p͡fʰ,-,-,+,-,+,-,-,+,-,+,-,+,-,0,+,-,-,-,-,-,0,-,0,0
b͡v̤,-,-,+,-,+,-,-,+,+,+,-,+,-,0,+,-,-,-,-,-,0,-,0,0
b͡v̠ʰ,-,-,+,-,+,-,-,+,+,+,-,+,-,0,+,-,-,-,-,-,0,-,0,0
b͡vʰ,-,-,+,-,+,-,-,+,+,+,-,+,-,0,+,-,-,-,-,-,0,-,0,0
p͡fʰː,-,-,+,-,+,-,-,+,-,+,-,+,-,0,+,-,-,-,-,-,0,+,0,0
b͡vʰː,-,-,+,-,+,-,-,+,+,+,-,+,-,0,+,-,-,-,-,-,0,+,0,0
b͡v̤ː,-,-,+,-,+,-,-,+,+,+,-,+,-,0,+,-,-,-,-,-,0,+,0,0
q͡χʰˤ,-,-,+,-,+,-,-,-,-,+,-,-,-,0,-,-,+,+,-,-,0,-,0,0
q͡χˤʰ,-,-,+,-,+,-,-,-,-,+,-,-,-,0,-,-,+,+,-,-,0,-,0,0
ɢ͡ʁʰˤ,-,-,+,-,+,-,-,-,+,+,-,-,-,0,-,-,+,+,-,-,0,-,0,0
ɢ͡ʁˤʰ,-,-,+,-,+,-,-,-,+,+,-,-,-,0,-,-,+,+,-,-,0,-,0,0
ɢ͡ʁ̤ˤ,-,-,+,-,+,-,-,-,+,+,-,-,-,0,-,-,+,+,-,-,0,-,0,0
t͡ʃʰˤ,-,-,+,-,+,-,-,+,-,+,-,-,+,+,-,-,+,+,-,-,0,-,0,0
t̠͡ʃʰˤ,-,-,+,-,+,-,-,+,-,+,-,-,+,+,-,-,+,+,-,-,0,-,0,0
t͡ʃˤʰ,-,-,+,-,+,-,-,+,-,+,-,-,+,+,-,-,+,+,-,-,0,-,0,0
t̠͡ʃˤʰ,-,-,+,-,+,-,-,+,-,+,-,-,+,+,-,-,+,+,-,-,0,-,0,0
d͡ʒʰˤ,-,-,+,-,+,-,-,+,+,+,-,-,+,+,-,-,+,+,-,-,0,-,0,0
d͡ʒˤʰ,-,-,+,-,+,-,-,+,+,+,-,-,+,+,-,-,+,+,-,-,0,-,0,0
d͡ʒ̤ˤ,-,-,+,-,+,-,-,+,+,+,-,-,+,+,-,-,+,+,-,-,0,-,0,0
t̠͡ɹ̠ʰˤ,-,-,+,-,+,-,-,-,-,+,-,+,+,-,-,-,+,+,-,-,0,-,0,0
t̠͡ɹ̝̠̊ʰˤ,-,-,+,-,+,-,-,-,-,+,-,+,+,-,-,-,+,+,-,-,0,-,0,0
t͡sʰˤ,-,-,+,-,+,-,-,+,-,+,-,+,+,-,-,-,+,+,-,-,0,-,0,0
t̠͡ɹ̠ˤʰ,-,-,+,-,+,-,-,-,-,+,-,+,+,-,-,-,+,+,-,-,0,-,0,0
t̠͡ɹ̝̠̊ˤʰ,-,-,+,-,+,-,-,-,-,+,-,+,+,-,-,-,+,+,-,-,0,-,0,0
t͡sˤʰ,-,-,+,-,+,-,-,+,-,+,-,+,+,-,-,-,+,+,-,-,0,-,0,0
d͡ɹ̝ʰˤ,-,-,+,-,+,-,-,-,+,+,-,+,+,-,-,-,+,+,-,-,0,-,0,0
d̠͡ɹ̠˔ʰˤ,-,-,+,-,+,-,-,-,+,+,-,+,+,-,-,-,+,+,-,-,0,-,0,0
d͡zʰˤ,-,-,+,-,+,-,-,+,+,+,-,+,+,-,-,-,+,+,-,-,0,-,0,0
d͡ɹ̝ˤʰ,-,-,+,-,+,-,-,-,+,+,-,+,+,-,-,-,+,+,-,-,0,-,0,0
d̠͡ɹ̠˔ˤʰ,-,-,+,-,+,-,-,-,+,+,-,+,+,-,-,-,+,+,-,-,0,-,0,0
d͡zˤʰ,-,-,+,-,+,-,-,+,+,+,-,+,+,-,-,-,+,+,-,-,0,-,0,0
d͡ɹ̝̤ˤ,-,-,+,-,+,-,-,-,+,+,-,+,+,-,-,-,+,+,-,-,0,-,0,0
d̠͡ɹ̠˔̤ˤ,-,-,+,-,+,-,-,-,+,+,-,+,+,-,-,-,+,+,-,-,0,-,0,0
d͡z̤ˤ,-,-,+,-,+,-,-,+,+,+,-,+,+,-,-,-,+,+,-,-,0,-,0,0
p͡fʰˤ,-,-,+,-,+,-,-,+,-,+,-,+,-,0,+,-,+,+,-,-,0,-,0,0
p͡fˤʰ,-,-,+,-,+,-,-,+,-,+,-,+,-,0,+,-,+,+,-,-,0,-,0,0
b͡vʰˤ,-,-,+,-,+,-,-,+,+,+,-,+,-,0,+,-,+,+,-,-,0,-,0,0
b͡vˤʰ,-,-,+,-,+,-,-,+,+,+,-,+,-,0,+,-,+,+,-,-,0,-,0,0
b͡v̤ˤ,-,-,+,-,+,-,-,+,+,+,-,+,-,0,+,-,+,+,-,-,0,-,0,0
ʈ͡ʂʰʲ,-,-,+,-,+,-,-,+,-,+,-,-,+,-,-,+,0,-,-,-,0,-,0,0
ʈ͡ʂʲʰ,-,-,+,-,+,-,-,+,-,+,-,-,+,-,-,+,0,-,-,-,0,-,0,0
ɖ͡ʐʰʲ,-,-,+,-,+,-,-,+,+,+,-,-,+,-,-,+,0,-,-,-,0,-,0,0
ɖ͡ʐʲʰ,-,-,+,-,+,-,-,+,+,+,-,-,+,-,-,+,0,-,-,-,0,-,0,0
ɖ͡ʐ̤ʲ,-,-,+,-,+,-,-,+,+,+,-,-,+,-,-,+,0,-,-,-,0,-,0,0
ʈ͡ʂʰᶣ,-,-,+,-,+,-,-,+,-,+,-,-,+,-,-,+,0,-,+,-,0,-,0,0
ɖ͡ʐʰᶣ,-,-,+,-,+,-,-,+,+,+,-,-,+,-,-,+,0,-,+,-,0,-,0,0
ʈ͡ʂʰˠ,-,-,+,-,+,-,-,+,-,+,-,-,+,-,-,+,0,+,-,-,0,-,0,0
ɖ͡ʐʰˠ,-,-,+,-,+,-,-,+,+,+,-,-,+,-,-,+,0,+,-,-,0,-,0,0
ɖ͡ʐ̤ˠ,-,-,+,-,+,-,-,+,+,+,-,-,+,-,-,+,0,+,-,-,0,-,0,0
ʈ͡ʂʰʷ,-,-,+,-,+,-,-,+,-,+,-,-,+,-,-,+,0,+,+,-,0,-,0,0
ʈ͡ʂʲʷʰ,-,-,+,-,+,-,-,+,-,+,-,-,+,-,-,+,0,+,+,-,0,-,0,0
ʈ͡ʂʷʰ,-,-,+,-,+,-,-,+,-,+,-,-,+,-,-,+,0,+,+,-,0,-,0,0
ʈ͡ʂʷˠʰ,-,-,+,-,+,-,-,+,-,+,-,-,+,-,-,+,0,+,+,-,0,-,0,0
ɖ͡ʐʰʷ,-,-,+,-,+,-,-,+,+,+,-,-,+,-,-,+,0,+,+,-,0,-,0,0
ɖ͡ʐʲʷʰ,-,-,+,-,+,-,-,+,+,+,-,-,+,-,-,+,0,+,+,-,0,-,0,0
ɖ͡ʐʷʰ,-,-,+,-,+,-,-,+,+,+,-,-,+,-,-,+,0,+,+,-,0,-,0,0
ɖ͡ʐ̤ʷ,-,-,+,-,+,-,-,+,+,+,-,-,+,-,-,+,0,+,+,-,0,-,0,0
ɖ͡ʐʷˠʰ,-,-,+,-,+,-,-,+,+,+,-,-,+,-,-,+,0,+,+,-,0,-,0,0
ʈ͡ʂʷʰː,-,-,+,-,+,-,-,+,-,+,-,-,+,-,-,+,0,+,+,-,0,+,0,0
ɖ͡ʐʷʰː,-,-,+,-,+,-,-,+,+,+,-,-,+,-,-,+,0,+,+,-,0,+,0,0
t̪͡s̪ʰʲ,-,-,+,-,+,-,-,+,-,+,-,+,+,+,-,+,0,-,-,-,0,-,0,0
t̪͡θʰʲ,-,-,+,-,+,-,-,-,-,+,-,+,+,+,-,+,0,-,-,-,0,-,0,0
t̪͡s̪ʲʰ,-,-,+,-,+,-,-,+,-,+,-,+,+,+,-,+,0,-,-,-,0,-,0,0
t̪͡θʲʰ,-,-,+,-,+,-,-,-,-,+,-,+,+,+,-,+,0,-,-,-,0,-,0,0
d̪͡z̪ʰʲ,-,-,+,-,+,-,-,+,+,+,-,+,+,+,-,+,0,-,-,-,0,-,0,0
d̪͡ðʰʲ,-,-,+,-,+,-,-,-,+,+,-,+,+,+,-,+,0,-,-,-,0,-,0,0
d̪͡z̪ʲʰ,-,-,+,-,+,-,-,+,+,+,-,+,+,+,-,+,0,-,-,-,0,-,0,0
d̪͡ðʲʰ,-,-,+,-,+,-,-,-,+,+,-,+,+,+,-,+,0,-,-,-,0,-,0,0
d̪͡z̪̤ʲ,-,-,+,-,+,-,-,+,+,+,-,+,+,+,-,+,0,-,-,-,0,-,0,0
d̪͡ð̤ʲ,-,-,+,-,+,-,-,-,+,+,-,+,+,+,-,+,0,-,-,-,0,-,0,0
t̪͡s̪ʰᶣ,-,-,+,-,+,-,-,+,-,+,-,+,+,+,-,+,0,-,+,-,0,-,0,0
t̪͡θʰᶣ,-,-,+,-,+,-,-,-,-,+,-,+,+,+,-,+,0,-,+,-,0,-,0,0
d̪͡ðʰᶣ,-,-,+,-,+,-,-,-,+,+,-,+,+,+,-,+,0,-,+,-,0,-,0,0
d̪͡z̪ʰᶣ,-,-,+,-,+,-,-,+,+,+,-,+,+,+,-,+,0,-,+,-,0,-,0,0
t̪͡s̪ʰˠ,-,-,+,-,+,-,-,+,-,+,-,+,+,+,-,+,0,+,-,-,0,-,0,0
t̪͡θʰˠ,-,-,+,-,+,-,-,-,-,+,-,+,+,+,-,+,0,+,-,-,0,-,0,0
d̪͡z̪ʰˠ,-,-,+,-,+,-,-,+,+,+,-,+,+,+,-,+,0,+,-,-,0,-,0,0
d̪͡ðʰˠ,-,-,+,-,+,-,-,-,+,+,-,+,+,+,-,+,0,+,-,-,0,-,0,0
d̪͡z̪̤ˠ,-,-,+,-,+,-,-,+,+,+,-,+,+,+,-,+,0,+,-,-,0,-,0,0
d̪͡ð̤ˠ,-,-,+,-,+,-,-,-,+,+,-,+,+,+,-,+,0,+,-,-,0,-,0,0
t̪͡s̪ʰʷ,-,-,+,-,+,-,-,+,-,+,-,+,+,+,-,+,0,+,+,-,0,-,0,0
t̪͡θʰʷ,-,-,+,-,+,-,-,-,-,+,-,+,+,+,-,+,0,+,+,-,0,-,0,0
t̪͡s̪ʲʷʰ,-,-,+,-,+,-,-,+,-,+,-,+,+,+,-,+,0,+,+,-,0,-,0,0
t̪͡θʲʷʰ,-,-,+,-,+,-,-,-,-,+,-,+,+,+,-,+,0,+,+,-,0,-,0,0
t̪͡s̪ʷʰ,-,-,+,-,+,-,-,+,-,+,-,+,+,+,-,+,0,+,+,-,0,-,0,0
t̪͡θʷʰ,-,-,+,-,+,-,-,-,-,+,-,+,+,+,-,+,0,+,+,-,0,-,0,0
t̪͡s̪ʷˠʰ,-,-,+,-,+,-,-,+,-,+,-,+,+,+,-,+,0,+,+,-,0,-,0,0
t̪͡θʷˠʰ,-,-,+,-,+,-,-,-,-,+,-,+,+,+,-,+,0,+,+,-,0,-,0,0
d̪͡z̪ʰʷ,-,-,+,-,+,-,-,+,+,+,-,+,+,+,-,+,0,+,+,-,0,-,0,0
d̪͡ðʰʷ,-,-,+,-,+,-,-,-,+,+,-,+,+,+,-,+,0,+,+,-,0,-,0,0
d̪͡z̪ʲʷʰ,-,-,+,-,+,-,-,+,+,+,-,+,+,+,-,+,0,+,+,-,0,-,0,0
d̪͡ðʲʷʰ,-,-,+,-,+,-,-,-,+,+,-,+,+,+,-,+,0,+,+,-,0,-,0,0
d̪͡z̪ʷʰ,-,-,+,-,+,-,-,+,+,+,-,+,+,+,-,+,0,+,+,-,0,-,0,0
d̪͡ðʷʰ,-,-,+,-,+,-,-,-,+,+,-,+,+,+,-,+,0,+,+,-,0,-,0,0
d̪͡z̪̤ʷ,-,-,+,-,+,-,-,+,+,+,-,+,+,+,-,+,0,+,+,-,0,-,0,0
d̪͡ð̤ʷ,-,-,+,-,+,-,-,-,+,+,-,+,+,+,-,+,0,+,+,-,0,-,0,0
d̪͡z̪ʷˠʰ,-,-,+,-,+,-,-,+,+,+,-,+,+,+,-,+,0,+,+,-,0,-,0,0
d̪͡ðʷˠʰ,-,-,+,-,+,-,-,-,+,+,-,+,+,+,-,+,0,+,+,-,0,-,0,0
t̪͡s̪ʷʰː,-,-,+,-,+,-,-,+,-,+,-,+,+,+,-,+,0,+,+,-,0,+,0,0
t̪͡θʷʰː,-,-,+,-,+,-,-,-,-,+,-,+,+,+,-,+,0,+,+,-,0,+,0,0
d̪͡z̪ʷʰː,-,-,+,-,+,-,-,+,+,+,-,+,+,+,-,+,0,+,+,-,0,+,0,0
d̪͡ðʷʰː,-,-,+,-,+,-,-,-,+,+,-,+,+,+,-,+,0,+,+,-,0,+,0,0
p͡ɸʰʲ,-,-,+,-,+,-,-,-,-,+,-,+,-,0,+,+,0,-,-,-,0,-,0,0
p͡ɸʲʰ,-,-,+,-,+,-,-,-,-,+,-,+,-,0,+,+,0,-,-,-,0,-,0,0
b͡βʰʲ,-,-,+,-,+,-,-,-,+,+,-,+,-,0,+,+,0,-,-,-,0,-,0,0
b͡βʲʰ,-,-,+,-,+,-,-,-,+,+,-,+,-,0,+,+,0,-,-,-,0,-,0,0
b͡β̤ʲ,-,-,+,-,+,-,-,-,+,+,-,+,-,0,+,+,0,-,-,-,0,-,0,0
p͡ɸʰˠ,-,-,+,-,+,-,-,-,-,+,-,+,-,0,+,+,0,+,-,-,0,-,0,0
b͡βʰˠ,-,-,+,-,+,-,-,-,+,+,-,+,-,0,+,+,0,+,-,-,0,-,0,0
b͡β̤ˠ,-,-,+,-,+,-,-,-,+,+,-,+,-,0,+,+,0,+,-,-,0,-,0,0
p͡ɸʰʷ,-,-,+,-,+,-,-,-,-,+,-,+,-,0,+,+,0,+,+,-,0,-,0,0
p͡ɸʲʷʰ,-,-,+,-,+,-,-,-,-,+,-,+,-,0,+,+,0,+,+,-,0,-,0,0
p͡ɸʷʰ,-,-,+,-,+,-,-,-,-,+,-,+,-,0,+,+,0,+,+,-,0,-,0,0
p͡ɸʷˠʰ,-,-,+,-,+,-,-,-,-,+,-,+,-,0,+,+,0,+,+,-,0,-,0,0
b͡βʰʷ,-,-,+,-,+,-,-,-,+,+,-,+,-,0,+,+,0,+,+,-,0,-,0,0
b͡βʲʷʰ,-,-,+,-,+,-,-,-,+,+,-,+,-,0,+,+,0,+,+,-,0,-,0,0
b͡βʷʰ,-,-,+,-,+,-,-,-,+,+,-,+,-,0,+,+,0,+,+,-,0,-,0,0
b͡β̤ʷ,-,-,+,-,+,-,-,-,+,+,-,+,-,0,+,+,0,+,+,-,0,-,0,0
b͡βʷˠʰ,-,-,+,-,+,-,-,-,+,+,-,+,-,0,+,+,0,+,+,-,0,-,0,0
p͡ɸʷʰː,-,-,+,-,+,-,-,-,-,+,-,+,-,0,+,+,0,+,+,-,0,+,0,0
b͡βʷʰː,-,-,+,-,+,-,-,-,+,+,-,+,-,0,+,+,0,+,+,-,0,+,0,0
k͡xʰʲ,-,-,+,-,+,-,-,-,-,+,-,-,-,0,-,+,-,-,-,-,0,-,0,0
q͡χʰʲ,-,-,+,-,+,-,-,-,-,+,-,-,-,0,-,+,-,-,-,-,0,-,0,0
k͡xʲʰ,-,-,+,-,+,-,-,-,-,+,-,-,-,0,-,+,-,-,-,-,0,-,0,0
q͡χʲʰ,-,-,+,-,+,-,-,-,-,+,-,-,-,0,-,+,-,-,-,-,0,-,0,0
ɡ͡ɣʰʲ,-,-,+,-,+,-,-,-,+,+,-,-,-,0,-,+,-,-,-,-,0,-,0,0
ɢ͡ʁʰʲ,-,-,+,-,+,-,-,-,+,+,-,-,-,0,-,+,-,-,-,-,0,-,0,0
ɡ͡ɣʲʰ,-,-,+,-,+,-,-,-,+,+,-,-,-,0,-,+,-,-,-,-,0,-,0,0
ɢ͡ʁʲʰ,-,-,+,-,+,-,-,-,+,+,-,-,-,0,-,+,-,-,-,-,0,-,0,0
ɡ͡ɣ̤ʲ,-,-,+,-,+,-,-,-,+,+,-,-,-,0,-,+,-,-,-,-,0,-,0,0
ɢ͡ʁ̤ʲ,-,-,+,-,+,-,-,-,+,+,-,-,-,0,-,+,-,-,-,-,0,-,0,0
k͡xʰᶣ,-,-,+,-,+,-,-,-,-,+,-,-,-,0,-,+,-,-,+,-,0,-,0,0
q͡χʰᶣ,-,-,+,-,+,-,-,-,-,+,-,-,-,0,-,+,-,-,+,-,0,-,0,0
ɡ͡ɣʰᶣ,-,-,+,-,+,-,-,-,+,+,-,-,-,0,-,+,-,-,+,-,0,-,0,0
ɢ͡ʁʰᶣ,-,-,+,-,+,-,-,-,+,+,-,-,-,0,-,+,-,-,+,-,0,-,0,0
k͡xʰˠ,-,-,+,-,+,-,-,-,-,+,-,-,-,0,-,+,-,+,-,-,0,-,0,0
q͡χʰˠ,-,-,+,-,+,-,-,-,-,+,-,-,-,0,-,+,-,+,-,-,0,-,0,0
k͡x̠ʰ,-,-,+,-,+,-,-,-,-,+,-,-,-,0,-,+,-,+,-,-,0,-,0,0
ɡ͡ɣ̤̥,-,-,+,-,+,-,-,-,-,+,-,-,-,0,-,+,-,+,-,-,0,-,0,0
k͡xʰ,-,-,+,-,+,-,-,-,-,+,-,-,-,0,-,+,-,+,-,-,0,-,0,0
ɡ͡ɣʰˠ,-,-,+,-,+,-,-,-,+,+,-,-,-,0,-,+,-,+,-,-,0,-,0,0
ɢ͡ʁʰˠ,-,-,+,-,+,-,-,-,+,+,-,-,-,0,-,+,-,+,-,-,0,-,0,0
ɡ͡ɣ̤,-,-,+,-,+,-,-,-,+,+,-,-,-,0,-,+,-,+,-,-,0,-,0,0
ɡ͡ɣ̠ʰ,-,-,+,-,+,-,-,-,+,+,-,-,-,0,-,+,-,+,-,-,0,-,0,0
ɡ͡ɣ̤ˠ,-,-,+,-,+,-,-,-,+,+,-,-,-,0,-,+,-,+,-,-,0,-,0,0
ɢ͡ʁ̤ˠ,-,-,+,-,+,-,-,-,+,+,-,-,-,0,-,+,-,+,-,-,0,-,0,0
ɡ͡ɣʰ,-,-,+,-,+,-,-,-,+,+,-,-,-,0,-,+,-,+,-,-,0,-,0,0
k͡xʰː,-,-,+,-,+,-,-,-,-,+,-,-,-,0,-,+,-,+,-,-,0,+,0,0
ɡ͡ɣʰː,-,-,+,-,+,-,-,-,+,+,-,-,-,0,-,+,-,+,-,-,0,+,0,0
ɡ͡ɣ̤ː,-,-,+,-,+,-,-,-,+,+,-,-,-,0,-,+,-,+,-,-,0,+,0,0
k͡xʰʷ,-,-,+,-,+,-,-,-,-,+,-,-,-,0,-,+,-,+,+,-,0,-,0,0
q͡χʰʷ,-,-,+,-,+,-,-,-,-,+,-,-,-,0,-,+,-,+,+,-,0,-,0,0
k͡xʲʷʰ,-,-,+,-,+,-,-,-,-,+,-,-,-,0,-,+,-,+,+,-,0,-,0,0
q͡χʲʷʰ,-,-,+,-,+,-,-,-,-,+,-,-,-,0,-,+,-,+,+,-,0,-,0,0
k͡xʷʰ,-,-,+,-,+,-,-,-,-,+,-,-,-,0,-,+,-,+,+,-,0,-,0,0
q͡χʷʰ,-,-,+,-,+,-,-,-,-,+,-,-,-,0,-,+,-,+,+,-,0,-,0,0
k͡xʷˠʰ,-,-,+,-,+,-,-,-,-,+,-,-,-,0,-,+,-,+,+,-,0,-,0,0
q͡χʷˠʰ,-,-,+,-,+,-,-,-,-,+,-,-,-,0,-,+,-,+,+,-,0,-,0,0
ɡ͡ɣʰʷ,-,-,+,-,+,-,-,-,+,+,-,-,-,0,-,+,-,+,+,-,0,-,0,0
ɢ͡ʁʰʷ,-,-,+,-,+,-,-,-,+,+,-,-,-,0,-,+,-,+,+,-,0,-,0,0
ɡ͡ɣʲʷʰ,-,-,+,-,+,-,-,-,+,+,-,-,-,0,-,+,-,+,+,-,0,-,0,0
ɢ͡ʁʲʷʰ,-,-,+,-,+,-,-,-,+,+,-,-,-,0,-,+,-,+,+,-,0,-,0,0
ɡ͡ɣʷʰ,-,-,+,-,+,-,-,-,+,+,-,-,-,0,-,+,-,+,+,-,0,-,0,0
ɢ͡ʁʷʰ,-,-,+,-,+,-,-,-,+,+,-,-,-,0,-,+,-,+,+,-,0,-,0,0
ɡ͡ɣ̤ʷ,-,-,+,-,+,-,-,-,+,+,-,-,-,0,-,+,-,+,+,-,0,-,0,0
ɢ͡ʁ̤ʷ,-,-,+,-,+,-,-,-,+,+,-,-,-,0,-,+,-,+,+,-,0,-,0,0
ɡ͡ɣʷˠʰ,-,-,+,-,+,-,-,-,+,+,-,-,-,0,-,+,-,+,+,-,0,-,0,0
ɢ͡ʁʷˠʰ,-,-,+,-,+,-,-,-,+,+,-,-,-,0,-,+,-,+,+,-,0,-,0,0
k͡xʷʰː,-,-,+,-,+,-,-,-,-,+,-,-,-,0,-,+,-,+,+,-,0,+,0,0
q͡χʷʰː,-,-,+,-,+,-,-,-,-,+,-,-,-,0,-,+,-,+,+,-,0,+,0,0
ɡ͡ɣʷʰː,-,-,+,-,+,-,-,-,+,+,-,-,-,0,-,+,-,+,+,-,0,+,0,0
ɢ͡ʁʷʰː,-,-,+,-,+,-,-,-,+,+,-,-,-,0,-,+,-,+,+,-,0,+,0,0
c͡çʰʲ,-,-,+,-,+,-,-,-,-,+,-,-,+,+,-,+,-,-,-,-,0,-,0,0
t͡ʃʰʲ,-,-,+,-,+,-,-,+,-,+,-,-,+,+,-,+,-,-,-,-,0,-,0,0
t̠͡ʃʰʲ,-,-,+,-,+,-,-,+,-,+,-,-,+,+,-,+,-,-,-,-,0,-,0,0
t͡ɕʰʲ,-,-,+,-,+,-,-,-,-,+,-,-,+,+,-,+,-,-,-,-,0,-,0,0
c͡çʲʰ,-,-,+,-,+,-,-,-,-,+,-,-,+,+,-,+,-,-,-,-,0,-,0,0
t͡ʃʲʰ,-,-,+,-,+,-,-,+,-,+,-,-,+,+,-,+,-,-,-,-,0,-,0,0
t̠͡ʃʲʰ,-,-,+,-,+,-,-,+,-,+,-,-,+,+,-,+,-,-,-,-,0,-,0,0
t͡ɕʲʰ,-,-,+,-,+,-,-,-,-,+,-,-,+,+,-,+,-,-,-,-,0,-,0,0
c͡ç̠ʰ,-,-,+,-,+,-,-,-,-,+,-,-,+,+,-,+,-,-,-,-,0,-,0,0
t͡ɕ̠ʰ,-,-,+,-,+,-,-,-,-,+,-,-,+,+,-,+,-,-,-,-,0,-,0,0
ɟ͡ʝ̤̥,-,-,+,-,+,-,-,-,-,+,-,-,+,+,-,+,-,-,-,-,0,-,0,0
d͡ʑ̤̥,-,-,+,-,+,-,-,-,-,+,-,-,+,+,-,+,-,-,-,-,0,-,0,0
c͡çʰ,-,-,+,-,+,-,-,-,-,+,-,-,+,+,-,+,-,-,-,-,0,-,0,0
t͡ɕʰ,-,-,+,-,+,-,-,-,-,+,-,-,+,+,-,+,-,-,-,-,0,-,0,0
d͡ʒʰʲ,-,-,+,-,+,-,-,+,+,+,-,-,+,+,-,+,-,-,-,-,0,-,0,0
ɟ͡ʝʰʲ,-,-,+,-,+,-,-,-,+,+,-,-,+,+,-,+,-,-,-,-,0,-,0,0
d͡ʑʰʲ,-,-,+,-,+,-,-,-,+,+,-,-,+,+,-,+,-,-,-,-,0,-,0,0
d͡ʒʲʰ,-,-,+,-,+,-,-,+,+,+,-,-,+,+,-,+,-,-,-,-,0,-,0,0
ɟ͡ʝʲʰ,-,-,+,-,+,-,-,-,+,+,-,-,+,+,-,+,-,-,-,-,0,-,0,0
d͡ʑʲʰ,-,-,+,-,+,-,-,-,+,+,-,-,+,+,-,+,-,-,-,-,0,-,0,0
ɟ͡ʝ̤,-,-,+,-,+,-,-,-,+,+,-,-,+,+,-,+,-,-,-,-,0,-,0,0
d͡ʑ̤,-,-,+,-,+,-,-,-,+,+,-,-,+,+,-,+,-,-,-,-,0,-,0,0
ɟ͡ʝ̠ʰ,-,-,+,-,+,-,-,-,+,+,-,-,+,+,-,+,-,-,-,-,0,-,0,0
d͡ʑ̠ʰ,-,-,+,-,+,-,-,-,+,+,-,-,+,+,-,+,-,-,-,-,0,-,0,0
d͡ʒ̤ʲ,-,-,+,-,+,-,-,+,+,+,-,-,+,+,-,+,-,-,-,-,0,-,0,0
ɟ͡ʝ̤ʲ,-,-,+,-,+,-,-,-,+,+,-,-,+,+,-,+,-,-,-,-,0,-,0,0
d͡ʑ̤ʲ,-,-,+,-,+,-,-,-,+,+,-,-,+,+,-,+,-,-,-,-,0,-,0,0
ɟ͡ʝʰ,-,-,+,-,+,-,-,-,+,+,-,-,+,+,-,+,-,-,-,-,0,-,0,0
d͡ʑʰ,-,-,+,-,+,-,-,-,+,+,-,-,+,+,-,+,-,-,-,-,0,-,0,0
c͡çʰː,-,-,+,-,+,-,-,-,-,+,-,-,+,+,-,+,-,-,-,-,0,+,0,0
t͡ɕʰː,-,-,+,-,+,-,-,-,-,+,-,-,+,+,-,+,-,-,-,-,0,+,0,0
ɟ͡ʝʰː,-,-,+,-,+,-,-,-,+,+,-,-,+,+,-,+,-,-,-,-,0,+,0,0
d͡ʑʰː,-,-,+,-,+,-,-,-,+,+,-,-,+,+,-,+,-,-,-,-,0,+,0,0
ɟ͡ʝ̤ː,-,-,+,-,+,-,-,-,+,+,-,-,+,+,-,+,-,-,-,-,0,+,0,0
d͡ʑ̤ː,-,-,+,-,+,-,-,-,+,+,-,-,+,+,-,+,-,-,-,-,0,+,0,0
c͡çʰᶣ,-,-,+,-,+,-,-,-,-,+,-,-,+,+,-,+,-,-,+,-,0,-,0,0
t͡ʃʰᶣ,-,-,+,-,+,-,-,+,-,+,-,-,+,+,-,+,-,-,+,-,0,-,0,0
t̠͡ʃʰᶣ,-,-,+,-,+,-,-,+,-,+,-,-,+,+,-,+,-,-,+,-,0,-,0,0
t͡ɕʰᶣ,-,-,+,-,+,-,-,-,-,+,-,-,+,+,-,+,-,-,+,-,0,-,0,0
d͡ʒʰᶣ,-,-,+,-,+,-,-,+,+,+,-,-,+,+,-,+,-,-,+,-,0,-,0,0
ɟ͡ʝʰᶣ,-,-,+,-,+,-,-,-,+,+,-,-,+,+,-,+,-,-,+,-,0,-,0,0
d͡ʑʰᶣ,-,-,+,-,+,-,-,-,+,+,-,-,+,+,-,+,-,-,+,-,0,-,0,0
c͡çʰˠ,-,-,+,-,+,-,-,-,-,+,-,-,+,+,-,+,-,+,-,-,0,-,0,0
t͡ʃʰˠ,-,-,+,-,+,-,-,+,-,+,-,-,+,+,-,+,-,+,-,-,0,-,0,0
t̠͡ʃʰˠ,-,-,+,-,+,-,-,+,-,+,-,-,+,+,-,+,-,+,-,-,0,-,0,0
t͡ɕʰˠ,-,-,+,-,+,-,-,-,-,+,-,-,+,+,-,+,-,+,-,-,0,-,0,0
d͡ʒʰˠ,-,-,+,-,+,-,-,+,+,+,-,-,+,+,-,+,-,+,-,-,0,-,0,0
ɟ͡ʝʰˠ,-,-,+,-,+,-,-,-,+,+,-,-,+,+,-,+,-,+,-,-,0,-,0,0
d͡ʑʰˠ,-,-,+,-,+,-,-,-,+,+,-,-,+,+,-,+,-,+,-,-,0,-,0,0
d͡ʒ̤ˠ,-,-,+,-,+,-,-,+,+,+,-,-,+,+,-,+,-,+,-,-,0,-,0,0
ɟ͡ʝ̤ˠ,-,-,+,-,+,-,-,-,+,+,-,-,+,+,-,+,-,+,-,-,0,-,0,0
d͡ʑ̤ˠ,-,-,+,-,+,-,-,-,+,+,-,-,+,+,-,+,-,+,-,-,0,-,0,0
c͡çʰʷ,-,-,+,-,+,-,-,-,-,+,-,-,+,+,-,+,-,+,+,-,0,-,0,0
t͡ʃʰʷ,-,-,+,-,+,-,-,+,-,+,-,-,+,+,-,+,-,+,+,-,0,-,0,0
t̠͡ʃʰʷ,-,-,+,-,+,-,-,+,-,+,-,-,+,+,-,+,-,+,+,-,0,-,0,0
t͡ɕʰʷ,-,-,+,-,+,-,-,-,-,+,-,-,+,+,-,+,-,+,+,-,0,-,0,0
c͡çʲʷʰ,-,-,+,-,+,-,-,-,-,+,-,-,+,+,-,+,-,+,+,-,0,-,0,0
t͡ʃʲʷʰ,-,-,+,-,+,-,-,+,-,+,-,-,+,+,-,+,-,+,+,-,0,-,0,0
t̠͡ʃʲʷʰ,-,-,+,-,+,-,-,+,-,+,-,-,+,+,-,+,-,+,+,-,0,-,0,0
t͡ɕʲʷʰ,-,-,+,-,+,-,-,-,-,+,-,-,+,+,-,+,-,+,+,-,0,-,0,0
c͡çʷʰ,-,-,+,-,+,-,-,-,-,+,-,-,+,+,-,+,-,+,+,-,0,-,0,0
t͡ʃʷʰ,-,-,+,-,+,-,-,+,-,+,-,-,+,+,-,+,-,+,+,-,0,-,0,0
t̠͡ʃʷʰ,-,-,+,-,+,-,-,+,-,+,-,-,+,+,-,+,-,+,+,-,0,-,0,0
t͡ɕʷʰ,-,-,+,-,+,-,-,-,-,+,-,-,+,+,-,+,-,+,+,-,0,-,0,0
c͡çʷˠʰ,-,-,+,-,+,-,-,-,-,+,-,-,+,+,-,+,-,+,+,-,0,-,0,0
t͡ʃʷˠʰ,-,-,+,-,+,-,-,+,-,+,-,-,+,+,-,+,-,+,+,-,0,-,0,0
t̠͡ʃʷˠʰ,-,-,+,-,+,-,-,+,-,+,-,-,+,+,-,+,-,+,+,-,0,-,0,0
t͡ɕʷˠʰ,-,-,+,-,+,-,-,-,-,+,-,-,+,+,-,+,-,+,+,-,0,-,0,0
d͡ʒʰʷ,-,-,+,-,+,-,-,+,+,+,-,-,+,+,-,+,-,+,+,-,0,-,0,0
ɟ͡ʝʰʷ,-,-,+,-,+,-,-,-,+,+,-,-,+,+,-,+,-,+,+,-,0,-,0,0
d͡ʑʰʷ,-,-,+,-,+,-,-,-,+,+,-,-,+,+,-,+,-,+,+,-,0,-,0,0
d͡ʒʲʷʰ,-,-,+,-,+,-,-,+,+,+,-,-,+,+,-,+,-,+,+,-,0,-,0,0
ɟ͡ʝʲʷʰ,-,-,+,-,+,-,-,-,+,+,-,-,+,+,-,+,-,+,+,-,0,-,0,0
d͡ʑʲʷʰ,-,-,+,-,+,-,-,-,+,+,-,-,+,+,-,+,-,+,+,-,0,-,0,0
d͡ʒʷʰ,-,-,+,-,+,-,-,+,+,+,-,-,+,+,-,+,-,+,+,-,0,-,0,0
ɟ͡ʝʷʰ,-,-,+,-,+,-,-,-,+,+,-,-,+,+,-,+,-,+,+,-,0,-,0,0
d͡ʑʷʰ,-,-,+,-,+,-,-,-,+,+,-,-,+,+,-,+,-,+,+,-,0,-,0,0
d͡ʒ̤ʷ,-,-,+,-,+,-,-,+,+,+,-,-,+,+,-,+,-,+,+,-,0,-,0,0
ɟ͡ʝ̤ʷ,-,-,+,-,+,-,-,-,+,+,-,-,+,+,-,+,-,+,+,-,0,-,0,0
d͡ʑ̤ʷ,-,-,+,-,+,-,-,-,+,+,-,-,+,+,-,+,-,+,+,-,0,-,0,0
d͡ʒʷˠʰ,-,-,+,-,+,-,-,+,+,+,-,-,+,+,-,+,-,+,+,-,0,-,0,0
ɟ͡ʝʷˠʰ,-,-,+,-,+,-,-,-,+,+,-,-,+,+,-,+,-,+,+,-,0,-,0,0
d͡ʑʷˠʰ,-,-,+,-,+,-,-,-,+,+,-,-,+,+,-,+,-,+,+,-,0,-,0,0
c͡çʷʰː,-,-,+,-,+,-,-,-,-,+,-,-,+,+,-,+,-,+,+,-,0,+,0,0
t͡ʃʷʰː,-,-,+,-,+,-,-,+,-,+,-,-,+,+,-,+,-,+,+,-,0,+,0,0
t̠͡ʃʷʰː,-,-,+,-,+,-,-,+,-,+,-,-,+,+,-,+,-,+,+,-,0,+,0,0
t͡ɕʷʰː,-,-,+,-,+,-,-,-,-,+,-,-,+,+,-,+,-,+,+,-,0,+,0,0
d͡ʒʷʰː,-,-,+,-,+,-,-,+,+,+,-,-,+,+,-,+,-,+,+,-,0,+,0,0
ɟ͡ʝʷʰː,-,-,+,-,+,-,-,-,+,+,-,-,+,+,-,+,-,+,+,-,0,+,0,0
d͡ʑʷʰː,-,-,+,-,+,-,-,-,+,+,-,-,+,+,-,+,-,+,+,-,0,+,0,0
t̠͡ɹ̠ʰʲ,-,-,+,-,+,-,-,-,-,+,-,+,+,-,-,+,-,-,-,-,0,-,0,0
t̠͡ɹ̝̠̊ʰʲ,-,-,+,-,+,-,-,-,-,+,-,+,+,-,-,+,-,-,-,-,0,-,0,0
t͡sʰʲ,-,-,+,-,+,-,-,+,-,+,-,+,+,-,-,+,-,-,-,-,0,-,0,0
t̠͡ɹ̠ʲʰ,-,-,+,-,+,-,-,-,-,+,-,+,+,-,-,+,-,-,-,-,0,-,0,0
t̠͡ɹ̝̠̊ʲʰ,-,-,+,-,+,-,-,-,-,+,-,+,+,-,-,+,-,-,-,-,0,-,0,0
t͡sʲʰ,-,-,+,-,+,-,-,+,-,+,-,+,+,-,-,+,-,-,-,-,0,-,0,0
d͡ɹ̝ʰʲ,-,-,+,-,+,-,-,-,+,+,-,+,+,-,-,+,-,-,-,-,0,-,0,0
d̠͡ɹ̠˔ʰʲ,-,-,+,-,+,-,-,-,+,+,-,+,+,-,-,+,-,-,-,-,0,-,0,0
d͡zʰʲ,-,-,+,-,+,-,-,+,+,+,-,+,+,-,-,+,-,-,-,-,0,-,0,0
d͡ɹ̝ʲʰ,-,-,+,-,+,-,-,-,+,+,-,+,+,-,-,+,-,-,-,-,0,-,0,0
d̠͡ɹ̠˔ʲʰ,-,-,+,-,+,-,-,-,+,+,-,+,+,-,-,+,-,-,-,-,0,-,0,0
d͡zʲʰ,-,-,+,-,+,-,-,+,+,+,-,+,+,-,-,+,-,-,-,-,0,-,0,0
d͡ɹ̝̤ʲ,-,-,+,-,+,-,-,-,+,+,-,+,+,-,-,+,-,-,-,-,0,-,0,0
d̠͡ɹ̠˔̤ʲ,-,-,+,-,+,-,-,-,+,+,-,+,+,-,-,+,-,-,-,-,0,-,0,0
d͡z̤ʲ,-,-,+,-,+,-,-,+,+,+,-,+,+,-,-,+,-,-,-,-,0,-,0,0
t̠͡ɹ̠ʰᶣ,-,-,+,-,+,-,-,-,-,+,-,+,+,-,-,+,-,-,+,-,0,-,0,0
t̠͡ɹ̝̠̊ʰᶣ,-,-,+,-,+,-,-,-,-,+,-,+,+,-,-,+,-,-,+,-,0,-,0,0
t͡sʰᶣ,-,-,+,-,+,-,-,+,-,+,-,+,+,-,-,+,-,-,+,-,0,-,0,0
d͡ɹ̝ʰᶣ,-,-,+,-,+,-,-,-,+,+,-,+,+,-,-,+,-,-,+,-,0,-,0,0
d̠͡ɹ̠˔ʰᶣ,-,-,+,-,+,-,-,-,+,+,-,+,+,-,-,+,-,-,+,-,0,-,0,0
d͡zʰᶣ,-,-,+,-,+,-,-,+,+,+,-,+,+,-,-,+,-,-,+,-,0,-,0,0
t̠͡ɹ̠ʰˠ,-,-,+,-,+,-,-,-,-,+,-,+,+,-,-,+,-,+,-,-,0,-,0,0
t̠͡ɹ̝̠̊ʰˠ,-,-,+,-,+,-,-,-,-,+,-,+,+,-,-,+,-,+,-,-,0,-,0,0
t͡sʰˠ,-,-,+,-,+,-,-,+,-,+,-,+,+,-,-,+,-,+,-,-,0,-,0,0
d͡ɹ̝ʰˠ,-,-,+,-,+,-,-,-,+,+,-,+,+,-,-,+,-,+,-,-,0,-,0,0
d̠͡ɹ̠˔ʰˠ,-,-,+,-,+,-,-,-,+,+,-,+,+,-,-,+,-,+,-,-,0,-,0,0
d͡zʰˠ,-,-,+,-,+,-,-,+,+,+,-,+,+,-,-,+,-,+,-,-,0,-,0,0
d͡ɹ̝̤ˠ,-,-,+,-,+,-,-,-,+,+,-,+,+,-,-,+,-,+,-,-,0,-,0,0
d̠͡ɹ̠˔̤ˠ,-,-,+,-,+,-,-,-,+,+,-,+,+,-,-,+,-,+,-,-,0,-,0,0
d͡z̤ˠ,-,-,+,-,+,-,-,+,+,+,-,+,+,-,-,+,-,+,-,-,0,-,0,0
t̠͡ɹ̠ʰʷ,-,-,+,-,+,-,-,-,-,+,-,+,+,-,-,+,-,+,+,-,0,-,0,0
t̠͡ɹ̝̠̊ʰʷ,-,-,+,-,+,-,-,-,-,+,-,+,+,-,-,+,-,+,+,-,0,-,0,0
t͡sʰʷ,-,-,+,-,+,-,-,+,-,+,-,+,+,-,-,+,-,+,+,-,0,-,0,0
t̠͡ɹ̠ʲʷʰ,-,-,+,-,+,-,-,-,-,+,-,+,+,-,-,+,-,+,+,-,0,-,0,0
t̠͡ɹ̝̠̊ʲʷʰ,-,-,+,-,+,-,-,-,-,+,-,+,+,-,-,+,-,+,+,-,0,-,0,0
t͡sʲʷʰ,-,-,+,-,+,-,-,+,-,+,-,+,+,-,-,+,-,+,+,-,0,-,0,0
t̠͡ɹ̠ʷʰ,-,-,+,-,+,-,-,-,-,+,-,+,+,-,-,+,-,+,+,-,0,-,0,0
t̠͡ɹ̝̠̊ʷʰ,-,-,+,-,+,-,-,-,-,+,-,+,+,-,-,+,-,+,+,-,0,-,0,0
t͡sʷʰ,-,-,+,-,+,-,-,+,-,+,-,+,+,-,-,+,-,+,+,-,0,-,0,0
t̠͡ɹ̠ʷˠʰ,-,-,+,-,+,-,-,-,-,+,-,+,+,-,-,+,-,+,+,-,0,-,0,0
t̠͡ɹ̝̠̊ʷˠʰ,-,-,+,-,+,-,-,-,-,+,-,+,+,-,-,+,-,+,+,-,0,-,0,0
t͡sʷˠʰ,-,-,+,-,+,-,-,+,-,+,-,+,+,-,-,+,-,+,+,-,0,-,0,0
d͡ɹ̝ʰʷ,-,-,+,-,+,-,-,-,+,+,-,+,+,-,-,+,-,+,+,-,0,-,0,0
d̠͡ɹ̠˔ʰʷ,-,-,+,-,+,-,-,-,+,+,-,+,+,-,-,+,-,+,+,-,0,-,0,0
d͡zʰʷ,-,-,+,-,+,-,-,+,+,+,-,+,+,-,-,+,-,+,+,-,0,-,0,0
d͡ɹ̝ʲʷʰ,-,-,+,-,+,-,-,-,+,+,-,+,+,-,-,+,-,+,+,-,0,-,0,0
d̠͡ɹ̠˔ʲʷʰ,-,-,+,-,+,-,-,-,+,+,-,+,+,-,-,+,-,+,+,-,0,-,0,0
d͡zʲʷʰ,-,-,+,-,+,-,-,+,+,+,-,+,+,-,-,+,-,+,+,-,0,-,0,0
d͡ɹ̝ʷʰ,-,-,+,-,+,-,-,-,+,+,-,+,+,-,-,+,-,+,+,-,0,-,0,0
d̠͡ɹ̠˔ʷʰ,-,-,+,-,+,-,-,-,+,+,-,+,+,-,-,+,-,+,+,-,0,-,0,0
d͡zʷʰ,-,-,+,-,+,-,-,+,+,+,-,+,+,-,-,+,-,+,+,-,0,-,0,0
d͡ɹ̝̤ʷ,-,-,+,-,+,-,-,-,+,+,-,+,+,-,-,+,-,+,+,-,0,-,0,0
d̠͡ɹ̠˔̤ʷ,-,-,+,-,+,-,-,-,+,+,-,+,+,-,-,+,-,+,+,-,0,-,0,0
d͡z̤ʷ,-,-,+,-,+,-,-,+,+,+,-,+,+,-,-,+,-,+,+,-,0,-,0,0
d͡ɹ̝ʷˠʰ,-,-,+,-,+,-,-,-,+,+,-,+,+,-,-,+,-,+,+,-,0,-,0,0
d̠͡ɹ̠˔ʷˠʰ,-,-,+,-,+,-,-,-,+,+,-,+,+,-,-,+,-,+,+,-,0,-,0,0
d͡zʷˠʰ,-,-,+,-,+,-,-,+,+,+,-,+,+,-,-,+,-,+,+,-,0,-,0,0
t̠͡ɹ̠ʷʰː,-,-,+,-,+,-,-,-,-,+,-,+,+,-,-,+,-,+,+,-,0,+,0,0
t̠͡ɹ̝̠̊ʷʰː,-,-,+,-,+,-,-,-,-,+,-,+,+,-,-,+,-,+,+,-,0,+,0,0
t͡sʷʰː,-,-,+,-,+,-,-,+,-,+,-,+,+,-,-,+,-,+,+,-,0,+,0,0
d͡ɹ̝ʷʰː,-,-,+,-,+,-,-,-,+,+,-,+,+,-,-,+,-,+,+,-,0,+,0,0
d̠͡ɹ̠˔ʷʰː,-,-,+,-,+,-,-,-,+,+,-,+,+,-,-,+,-,+,+,-,0,+,0,0
d͡zʷʰː,-,-,+,-,+,-,-,+,+,+,-,+,+,-,-,+,-,+,+,-,0,+,0,0
p͡fʰʲ,-,-,+,-,+,-,-,+,-,+,-,+,-,0,+,+,-,-,-,-,0,-,0,0
p͡fʲʰ,-,-,+,-,+,-,-,+,-,+,-,+,-,0,+,+,-,-,-,-,0,-,0,0
b͡vʰʲ,-,-,+,-,+,-,-,+,+,+,-,+,-,0,+,+,-,-,-,-,0,-,0,0
b͡vʲʰ,-,-,+,-,+,-,-,+,+,+,-,+,-,0,+,+,-,-,-,-,0,-,0,0
b͡v̤ʲ,-,-,+,-,+,-,-,+,+,+,-,+,-,0,+,+,-,-,-,-,0,-,0,0
p͡fʰˠ,-,-,+,-,+,-,-,+,-,+,-,+,-,0,+,+,-,+,-,-,0,-,0,0
b͡vʰˠ,-,-,+,-,+,-,-,+,+,+,-,+,-,0,+,+,-,+,-,-,0,-,0,0
b͡v̤ˠ,-,-,+,-,+,-,-,+,+,+,-,+,-,0,+,+,-,+,-,-,0,-,0,0
p͡fʰʷ,-,-,+,-,+,-,-,+,-,+,-,+,-,0,+,+,-,+,+,-,0,-,0,0
p͡fʲʷʰ,-,-,+,-,+,-,-,+,-,+,-,+,-,0,+,+,-,+,+,-,0,-,0,0
p͡fʷʰ,-,-,+,-,+,-,-,+,-,+,-,+,-,0,+,+,-,+,+,-,0,-,0,0
p͡fʷˠʰ,-,-,+,-,+,-,-,+,-,+,-,+,-,0,+,+,-,+,+,-,0,-,0,0
b͡vʰʷ,-,-,+,-,+,-,-,+,+,+,-,+,-,0,+,+,-,+,+,-,0,-,0,0
b͡vʲʷʰ,-,-,+,-,+,-,-,+,+,+,-,+,-,0,+,+,-,+,+,-,0,-,0,0
b͡vʷʰ,-,-,+,-,+,-,-,+,+,+,-,+,-,0,+,+,-,+,+,-,0,-,0,0
b͡v̤ʷ,-,-,+,-,+,-,-,+,+,+,-,+,-,0,+,+,-,+,+,-,0,-,0,0
b͡vʷˠʰ,-,-,+,-,+,-,-,+,+,+,-,+,-,0,+,+,-,+,+,-,0,-,0,0
p͡fʷʰː,-,-,+,-,+,-,-,+,-,+,-,+,-,0,+,+,-,+,+,-,0,+,0,0
b͡vʷʰː,-,-,+,-,+,-,-,+,+,+,-,+,-,0,+,+,-,+,+,-,0,+,0,0
k͡xʰˤ,-,-,+,-,+,-,-,-,-,+,-,-,-,0,-,+,+,+,-,-,0,-,0,0
k͡xˤʰ,-,-,+,-,+,-,-,-,-,+,-,-,-,0,-,+,+,+,-,-,0,-,0,0
ɡ͡ɣʰˤ,-,-,+,-,+,-,-,-,+,+,-,-,-,0,-,+,+,+,-,-,0,-,0,0
ɡ͡ɣˤʰ,-,-,+,-,+,-,-,-,+,+,-,-,-,0,-,+,+,+,-,-,0,-,0,0
ɡ͡ɣ̤ˤ,-,-,+,-,+,-,-,-,+,+,-,-,-,0,-,+,+,+,-,-,0,-,0,0
k͡xʷˤʰ,-,-,+,-,+,-,-,-,-,+,-,-,-,0,-,+,+,+,+,-,0,-,0,0
q͡χʷˤʰ,-,-,+,-,+,-,-,-,-,+,-,-,-,0,-,+,+,+,+,-,0,-,0,0
ɡ͡ɣʷˤʰ,-,-,+,-,+,-,-,-,+,+,-,-,-,0,-,+,+,+,+,-,0,-,0,0
ɢ͡ʁʷˤʰ,-,-,+,-,+,-,-,-,+,+,-,-,-,0,-,+,+,+,+,-,0,-,0,0
ʈ͡ʂʷˤʰ,-,-,+,-,+,-,-,+,-,+,-,-,+,-,-,+,+,+,+,-,0,-,0,0
ɖ͡ʐʷˤʰ,-,-,+,-,+,-,-,+,+,+,-,-,+,-,-,+,+,+,+,-,0,-,0,0
c͡çʰˤ,-,-,+,-,+,-,-,-,-,+,-,-,+,+,-,+,+,+,-,-,0,-,0,0
t͡ɕʰˤ,-,-,+,-,+,-,-,-,-,+,-,-,+,+,-,+,+,+,-,-,0,-,0,0
c͡çˤʰ,-,-,+,-,+,-,-,-,-,+,-,-,+,+,-,+,+,+,-,-,0,-,0,0
t͡ɕˤʰ,-,-,+,-,+,-,-,-,-,+,-,-,+,+,-,+,+,+,-,-,0,-,0,0
ɟ͡ʝʰˤ,-,-,+,-,+,-,-,-,+,+,-,-,+,+,-,+,+,+,-,-,0,-,0,0
d͡ʑʰˤ,-,-,+,-,+,-,-,-,+,+,-,-,+,+,-,+,+,+,-,-,0,-,0,0
ɟ͡ʝˤʰ,-,-,+,-,+,-,-,-,+,+,-,-,+,+,-,+,+,+,-,-,0,-,0,0
d͡ʑˤʰ,-,-,+,-,+,-,-,-,+,+,-,-,+,+,-,+,+,+,-,-,0,-,0,0
ɟ͡ʝ̤ˤ,-,-,+,-,+,-,-,-,+,+,-,-,+,+,-,+,+,+,-,-,0,-,0,0
d͡ʑ̤ˤ,-,-,+,-,+,-,-,-,+,+,-,-,+,+,-,+,+,+,-,-,0,-,0,0
c͡çʷˤʰ,-,-,+,-,+,-,-,-,-,+,-,-,+,+,-,+,+,+,+,-,0,-,0,0
t͡ʃʷˤʰ,-,-,+,-,+,-,-,+,-,+,-,-,+,+,-,+,+,+,+,-,0,-,0,0
t̠͡ʃʷˤʰ,-,-,+,-,+,-,-,+,-,+,-,-,+,+,-,+,+,+,+,-,0,-,0,0
t͡ɕʷˤʰ,-,-,+,-,+,-,-,-,-,+,-,-,+,+,-,+,+,+,+,-,0,-,0,0
d͡ʒʷˤʰ,-,-,+,-,+,-,-,+,+,+,-,-,+,+,-,+,+,+,+,-,0,-,0,0
ɟ͡ʝʷˤʰ,-,-,+,-,+,-,-,-,+,+,-,-,+,+,-,+,+,+,+,-,0,-,0,0
d͡ʑʷˤʰ,-,-,+,-,+,-,-,-,+,+,-,-,+,+,-,+,+,+,+,-,0,-,0,0
t̠͡ɹ̠ʷˤʰ,-,-,+,-,+,-,-,-,-,+,-,+,+,-,-,+,+,+,+,-,0,-,0,0
t̠͡ɹ̝̠̊ʷˤʰ,-,-,+,-,+,-,-,-,-,+,-,+,+,-,-,+,+,+,+,-,0,-,0,0
t͡sʷˤʰ,-,-,+,-,+,-,-,+,-,+,-,+,+,-,-,+,+,+,+,-,0,-,0,0
d͡ɹ̝ʷˤʰ,-,-,+,-,+,-,-,-,+,+,-,+,+,-,-,+,+,+,+,-,0,-,0,0
d̠͡ɹ̠˔ʷˤʰ,-,-,+,-,+,-,-,-,+,+,-,+,+,-,-,+,+,+,+,-,0,-,0,0
d͡zʷˤʰ,-,-,+,-,+,-,-,+,+,+,-,+,+,-,-,+,+,+,+,-,0,-,0,0
t̪͡s̪ʷˤʰ,-,-,+,-,+,-,-,+,-,+,-,+,+,+,-,+,+,+,+,-,0,-,0,0
t̪͡θʷˤʰ,-,-,+,-,+,-,-,-,-,+,-,+,+,+,-,+,+,+,+,-,0,-,0,0
d̪͡z̪ʷˤʰ,-,-,+,-,+,-,-,+,+,+,-,+,+,+,-,+,+,+,+,-,0,-,0,0
d̪͡ðʷˤʰ,-,-,+,-,+,-,-,-,+,+,-,+,+,+,-,+,+,+,+,-,0,-,0,0
p͡ɸʷˤʰ,-,-,+,-,+,-,-,-,-,+,-,+,-,0,+,+,+,+,+,-,0,-,0,0
p͡fʷˤʰ,-,-,+,-,+,-,-,+,-,+,-,+,-,0,+,+,+,+,+,-,0,-,0,0
b͡βʷˤʰ,-,-,+,-,+,-,-,-,+,+,-,+,-,0,+,+,+,+,+,-,0,-,0,0
b͡vʷˤʰ,-,-,+,-,+,-,-,+,+,+,-,+,-,0,+,+,+,+,+,-,0,-,0,0
d͡ɮ̠̊,-,-,+,-,+,+,-,-,-,-,-,-,+,-,-,0,0,0,-,-,0,-,0,0
d͡ɮ̥,-,-,+,-,+,+,-,-,-,-,-,-,+,-,-,0,0,0,-,-,0,-,0,0
d͡ɮ̊,-,-,+,-,+,+,-,-,-,-,-,-,+,-,-,0,0,0,-,-,0,-,0,0
d͡ɮ̟,-,-,+,-,+,+,-,-,+,-,-,-,+,-,-,0,0,0,-,-,0,-,0,0
d͡ɮ̠,-,-,+,-,+,+,-,-,+,-,-,-,+,-,-,0,0,0,-,-,0,-,0,0
d͡ɮ,-,-,+,-,+,+,-,-,+,-,-,-,+,-,-,0,0,0,-,-,0,-,0,0
d͡ɮ̺,-,-,+,-,+,+,-,-,+,-,-,-,+,-,-,0,0,0,-,-,0,-,0,0
d͡ɮ̥ː,-,-,+,-,+,+,-,-,-,-,-,-,+,-,-,0,0,0,-,-,0,+,0,0
d͡ɮː,-,-,+,-,+,+,-,-,+,-,-,-,+,-,-,0,0,0,-,-,0,+,0,0
d͡ɮ̟ː,-,-,+,-,+,+,-,-,+,-,-,-,+,-,-,0,0,0,-,-,0,+,0,0
d͡ɮˑ,-,-,+,-,+,+,-,-,+,-,-,-,+,-,-,0,0,0,-,-,0,+,0,0
d͡ɮ̻,-,-,+,-,+,+,-,-,+,-,-,-,+,+,-,0,0,0,-,-,0,-,0,0
t͡ɬ̟,-,-,+,-,+,+,-,-,-,-,-,+,+,-,-,0,0,0,-,-,0,-,0,0
t͡ɬ̠,-,-,+,-,+,+,-,-,-,-,-,+,+,-,-,0,0,0,-,-,0,-,0,0
d̪͡ɮ̪̠̊,-,-,+,-,+,+,-,-,-,-,-,+,+,-,-,0,0,0,-,-,0,-,0,0
t͡ɬ̠̊,-,-,+,-,+,+,-,-,-,-,-,+,+,-,-,0,0,0,-,-,0,-,0,0
d̪͡ɮ̪̥,-,-,+,-,+,+,-,-,-,-,-,+,+,-,-,0,0,0,-,-,0,-,0,0
t͡ɬ̥,-,-,+,-,+,+,-,-,-,-,-,+,+,-,-,0,0,0,-,-,0,-,0,0
t͡ɬ,-,-,+,-,+,+,-,-,-,-,-,+,+,-,-,0,0,0,-,-,0,-,0,0
t̪͡ɬ̪̺,-,-,+,-,+,+,-,-,-,-,-,+,+,-,-,0,0,0,-,-,0,-,0,0
t͡ɬ̺,-,-,+,-,+,+,-,-,-,-,-,+,+,-,-,0,0,0,-,-,0,-,0,0
d̪͡ɮ̪̊,-,-,+,-,+,+,-,-,-,-,-,+,+,-,-,0,0,0,-,-,0,-,0,0
t͡ɬ̊,-,-,+,-,+,+,-,-,-,-,-,+,+,-,-,0,0,0,-,-,0,-,0,0
d̪͡ɮ̪̟,-,-,+,-,+,+,-,-,+,-,-,+,+,-,-,0,0,0,-,-,0,-,0,0
d̪͡ɮ̪̠,-,-,+,-,+,+,-,-,+,-,-,+,+,-,-,0,0,0,-,-,0,-,0,0
d̪͡ɮ̪,-,-,+,-,+,+,-,-,+,-,-,+,+,-,-,0,0,0,-,-,0,-,0,0
d̪͡ɮ̪̺,-,-,+,-,+,+,-,-,+,-,-,+,+,-,-,0,0,0,-,-,0,-,0,0
t͡ɬ̬,-,-,+,-,+,+,-,-,+,-,-,+,+,-,-,0,0,0,-,-,0,-,0,0
t͡ɬː,-,-,+,-,+,+,-,-,-,-,-,+,+,-,-,0,0,0,-,-,0,+,0,0
d̪͡ɮ̪̥ː,-,-,+,-,+,+,-,-,-,-,-,+,+,-,-,0,0,0,-,-,0,+,0,0
t͡ɬ̥ː,-,-,+,-,+,+,-,-,-,-,-,+,+,-,-,0,0,0,-,-,0,+,0,0
t͡ɬ̟ː,-,-,+,-,+,+,-,-,-,-,-,+,+,-,-,0,0,0,-,-,0,+,0,0
t͡ɬˑ,-,-,+,-,+,+,-,-,-,-,-,+,+,-,-,0,0,0,-,-,0,+,0,0
d̪͡ɮ̪ː,-,-,+,-,+,+,-,-,+,-,-,+,+,-,-,0,0,0,-,-,0,+,0,0
d̪͡ɮ̪̟ː,-,-,+,-,+,+,-,-,+,-,-,+,+,-,-,0,0,0,-,-,0,+,0,0
d̪͡ɮ̪ˑ,-,-,+,-,+,+,-,-,+,-,-,+,+,-,-,0,0,0,-,-,0,+,0,0
t̪͡ɬ̪̟,-,-,+,-,+,+,-,-,-,-,-,+,+,+,-,0,0,0,-,-,0,-,0,0
t̪͡ɬ̪̠,-,-,+,-,+,+,-,-,-,-,-,+,+,+,-,0,0,0,-,-,0,-,0,0
d̪͡ɮ̪̪̊,-,-,+,-,+,+,-,-,-,-,-,+,+,+,-,0,0,0,-,-,0,-,0,0
t̪͡ɬ̪̪̊,-,-,+,-,+,+,-,-,-,-,-,+,+,+,-,0,0,0,-,-,0,-,0,0
t͡ɬ̪̊,-,-,+,-,+,+,-,-,-,-,-,+,+,+,-,0,0,0,-,-,0,-,0,0
t̪͡ɬ̪̠̊,-,-,+,-,+,+,-,-,-,-,-,+,+,+,-,0,0,0,-,-,0,-,0,0
t̪͡ɬ̪̪,-,-,+,-,+,+,-,-,-,-,-,+,+,+,-,0,0,0,-,-,0,-,0,0
t͡ɬ̪,-,-,+,-,+,+,-,-,-,-,-,+,+,+,-,0,0,0,-,-,0,-,0,0
t̪͡ɬ̪̥,-,-,+,-,+,+,-,-,-,-,-,+,+,+,-,0,0,0,-,-,0,-,0,0
t̪͡ɬ̪,-,-,+,-,+,+,-,-,-,-,-,+,+,+,-,0,0,0,-,-,0,-,0,0
t̪͡ɬ̪̻,-,-,+,-,+,+,-,-,-,-,-,+,+,+,-,0,0,0,-,-,0,-,0,0
t̪͡ɬ̪̊,-,-,+,-,+,+,-,-,-,-,-,+,+,+,-,0,0,0,-,-,0,-,0,0
t͡ɬ̻,-,-,+,-,+,+,-,-,-,-,-,+,+,+,-,0,0,0,-,-,0,-,0,0
d̪͡ɮ̪̪,-,-,+,-,+,+,-,-,+,-,-,+,+,+,-,0,0,0,-,-,0,-,0,0
d̪͡ɮ̪̻,-,-,+,-,+,+,-,-,+,-,-,+,+,+,-,0,0,0,-,-,0,-,0,0
t̪͡ɬ̪̬,-,-,+,-,+,+,-,-,+,-,-,+,+,+,-,0,0,0,-,-,0,-,0,0
t̪͡ɬ̪ː,-,-,+,-,+,+,-,-,-,-,-,+,+,+,-,0,0,0,-,-,0,+,0,0
t̪͡ɬ̪̥ː,-,-,+,-,+,+,-,-,-,-,-,+,+,+,-,0,0,0,-,-,0,+,0,0
t̪͡ɬ̪̟ː,-,-,+,-,+,+,-,-,-,-,-,+,+,+,-,0,0,0,-,-,0,+,0,0
t̪͡ɬ̪ˑ,-,-,+,-,+,+,-,-,-,-,-,+,+,+,-,0,0,0,-,-,0,+,0,0
d͡ɮ̥ˤ,-,-,+,-,+,+,-,-,-,-,-,-,+,-,-,0,+,+,-,-,0,-,0,0
d͡ɮˤ,-,-,+,-,+,+,-,-,+,-,-,-,+,-,-,0,+,+,-,-,0,-,0,0
d͡ɮˤː,-,-,+,-,+,+,-,-,+,-,-,-,+,-,-,0,+,+,-,-,0,+,0,0
d͡ɮːˤ,-,-,+,-,+,+,-,-,+,-,-,-,+,-,-,0,+,+,-,-,0,+,0,0
d̪͡ɮ̪̥ˤ,-,-,+,-,+,+,-,-,-,-,-,+,+,-,-,0,+,+,-,-,0,-,0,0
t͡ɬ̥ˤ,-,-,+,-,+,+,-,-,-,-,-,+,+,-,-,0,+,+,-,-,0,-,0,0
t͡ɬˤ,-,-,+,-,+,+,-,-,-,-,-,+,+,-,-,0,+,+,-,-,0,-,0,0
d̪͡ɮ̪ˤ,-,-,+,-,+,+,-,-,+,-,-,+,+,-,-,0,+,+,-,-,0,-,0,0
t͡ɬˤː,-,-,+,-,+,+,-,-,-,-,-,+,+,-,-,0,+,+,-,-,0,+,0,0
t͡ɬːˤ,-,-,+,-,+,+,-,-,-,-,-,+,+,-,-,0,+,+,-,-,0,+,0,0
d̪͡ɮ̪ˤː,-,-,+,-,+,+,-,-,+,-,-,+,+,-,-,0,+,+,-,-,0,+,0,0
d̪͡ɮ̪ːˤ,-,-,+,-,+,+,-,-,+,-,-,+,+,-,-,0,+,+,-,-,0,+,0,0
t̪͡ɬ̪̥ˤ,-,-,+,-,+,+,-,-,-,-,-,+,+,+,-,0,+,+,-,-,0,-,0,0
t̪͡ɬ̪ˤ,-,-,+,-,+,+,-,-,-,-,-,+,+,+,-,0,+,+,-,-,0,-,0,0
t̪͡ɬ̪ˤː,-,-,+,-,+,+,-,-,-,-,-,+,+,+,-,0,+,+,-,-,0,+,0,0
t̪͡ɬ̪ːˤ,-,-,+,-,+,+,-,-,-,-,-,+,+,+,-,0,+,+,-,-,0,+,0,0
ʈˡ,-,-,+,-,+,+,-,-,-,-,-,-,+,-,-,-,-,-,-,-,0,-,0,0
ɖˡ,-,-,+,-,+,+,-,-,+,-,-,-,+,-,-,-,-,-,-,-,0,-,0,0
tˡ,-,-,+,-,+,+,-,-,-,-,-,+,+,-,-,-,-,-,-,-,0,-,0,0
dˡ,-,-,+,-,+,+,-,-,+,-,-,+,+,-,-,-,-,-,-,-,0,-,0,0
p͡tˡ,-,-,+,-,+,+,-,-,-,-,-,+,+,-,+,-,-,-,-,-,0,-,0,0
b͡dˡ,-,-,+,-,+,+,-,-,+,-,-,+,+,-,+,-,-,-,-,-,0,-,0,0
d͡ɮ̥ʲ,-,-,+,-,+,+,-,-,-,-,-,-,+,-,-,+,0,-,-,-,0,-,0,0
d͡ɮʲ,-,-,+,-,+,+,-,-,+,-,-,-,+,-,-,+,0,-,-,-,0,-,0,0
d͡ɮʲː,-,-,+,-,+,+,-,-,+,-,-,-,+,-,-,+,0,-,-,-,0,+,0,0
d͡ɮːʲ,-,-,+,-,+,+,-,-,+,-,-,-,+,-,-,+,0,-,-,-,0,+,0,0
d͡ɮᶣ,-,-,+,-,+,+,-,-,+,-,-,-,+,-,-,+,0,-,+,-,0,-,0,0
d͡ɮ̥ˠ,-,-,+,-,+,+,-,-,-,-,-,-,+,-,-,+,0,+,-,-,0,-,0,0
d͡ɮˠ,-,-,+,-,+,+,-,-,+,-,-,-,+,-,-,+,0,+,-,-,0,-,0,0
d͡ɮːˠ,-,-,+,-,+,+,-,-,+,-,-,-,+,-,-,+,0,+,-,-,0,+,0,0
d͡ɮ̥ʷ,-,-,+,-,+,+,-,-,-,-,-,-,+,-,-,+,0,+,+,-,0,-,0,0
d͡ɮʲʷ,-,-,+,-,+,+,-,-,+,-,-,-,+,-,-,+,0,+,+,-,0,-,0,0
d͡ɮ̠ʷ,-,-,+,-,+,+,-,-,+,-,-,-,+,-,-,+,0,+,+,-,0,-,0,0
d͡ɮʷ,-,-,+,-,+,+,-,-,+,-,-,-,+,-,-,+,0,+,+,-,0,-,0,0
d͡ɮʷˠ,-,-,+,-,+,+,-,-,+,-,-,-,+,-,-,+,0,+,+,-,0,-,0,0
d͡ɮʷː,-,-,+,-,+,+,-,-,+,-,-,-,+,-,-,+,0,+,+,-,0,+,0,0
d͡ɮːʷ,-,-,+,-,+,+,-,-,+,-,-,-,+,-,-,+,0,+,+,-,0,+,0,0
t͡ɬʲ,-,-,+,-,+,+,-,-,-,-,-,+,+,-,-,+,0,-,-,-,0,-,0,0
d̪͡ɮ̪̥ʲ,-,-,+,-,+,+,-,-,-,-,-,+,+,-,-,+,0,-,-,-,0,-,0,0
t͡ɬ̥ʲ,-,-,+,-,+,+,-,-,-,-,-,+,+,-,-,+,0,-,-,-,0,-,0,0
d̪͡ɮ̪ʲ,-,-,+,-,+,+,-,-,+,-,-,+,+,-,-,+,0,-,-,-,0,-,0,0
t͡ɬʲː,-,-,+,-,+,+,-,-,-,-,-,+,+,-,-,+,0,-,-,-,0,+,0,0
t͡ɬːʲ,-,-,+,-,+,+,-,-,-,-,-,+,+,-,-,+,0,-,-,-,0,+,0,0
d̪͡ɮ̪ʲː,-,-,+,-,+,+,-,-,+,-,-,+,+,-,-,+,0,-,-,-,0,+,0,0
d̪͡ɮ̪ːʲ,-,-,+,-,+,+,-,-,+,-,-,+,+,-,-,+,0,-,-,-,0,+,0,0
t͡ɬᶣ,-,-,+,-,+,+,-,-,-,-,-,+,+,-,-,+,0,-,+,-,0,-,0,0
d̪͡ɮ̪ᶣ,-,-,+,-,+,+,-,-,+,-,-,+,+,-,-,+,0,-,+,-,0,-,0,0
t͡ɬˠ,-,-,+,-,+,+,-,-,-,-,-,+,+,-,-,+,0,+,-,-,0,-,0,0
d̪͡ɮ̪̥ˠ,-,-,+,-,+,+,-,-,-,-,-,+,+,-,-,+,0,+,-,-,0,-,0,0
t͡ɬ̥ˠ,-,-,+,-,+,+,-,-,-,-,-,+,+,-,-,+,0,+,-,-,0,-,0,0
d̪͡ɮ̪ˠ,-,-,+,-,+,+,-,-,+,-,-,+,+,-,-,+,0,+,-,-,0,-,0,0
t͡ɬːˠ,-,-,+,-,+,+,-,-,-,-,-,+,+,-,-,+,0,+,-,-,0,+,0,0
d̪͡ɮ̪ːˠ,-,-,+,-,+,+,-,-,+,-,-,+,+,-,-,+,0,+,-,-,0,+,0,0
t͡ɬʲʷ,-,-,+,-,+,+,-,-,-,-,-,+,+,-,-,+,0,+,+,-,0,-,0,0
t͡ɬ̠ʷ,-,-,+,-,+,+,-,-,-,-,-,+,+,-,-,+,0,+,+,-,0,-,0,0
t͡ɬʷ,-,-,+,-,+,+,-,-,-,-,-,+,+,-,-,+,0,+,+,-,0,-,0,0
d̪͡ɮ̪̥ʷ,-,-,+,-,+,+,-,-,-,-,-,+,+,-,-,+,0,+,+,-,0,-,0,0
t͡ɬ̥ʷ,-,-,+,-,+,+,-,-,-,-,-,+,+,-,-,+,0,+,+,-,0,-,0,0
t͡ɬʷˠ,-,-,+,-,+,+,-,-,-,-,-,+,+,-,-,+,0,+,+,-,0,-,0,0
d̪͡ɮ̪ʲʷ,-,-,+,-,+,+,-,-,+,-,-,+,+,-,-,+,0,+,+,-,0,-,0,0
d̪͡ɮ̪̠ʷ,-,-,+,-,+,+,-,-,+,-,-,+,+,-,-,+,0,+,+,-,0,-,0,0
d̪͡ɮ̪ʷ,-,-,+,-,+,+,-,-,+,-,-,+,+,-,-,+,0,+,+,-,0,-,0,0
d̪͡ɮ̪ʷˠ,-,-,+,-,+,+,-,-,+,-,-,+,+,-,-,+,0,+,+,-,0,-,0,0
t͡ɬʷː,-,-,+,-,+,+,-,-,-,-,-,+,+,-,-,+,0,+,+,-,0,+,0,0
t͡ɬːʷ,-,-,+,-,+,+,-,-,-,-,-,+,+,-,-,+,0,+,+,-,0,+,0,0
d̪͡ɮ̪ʷː,-,-,+,-,+,+,-,-,+,-,-,+,+,-,-,+,0,+,+,-,0,+,0,0
d̪͡ɮ̪ːʷ,-,-,+,-,+,+,-,-,+,-,-,+,+,-,-,+,0,+,+,-,0,+,0,0
t̪͡ɬ̪ʲ,-,-,+,-,+,+,-,-,-,-,-,+,+,+,-,+,0,-,-,-,0,-,0,0
t̪͡ɬ̪̥ʲ,-,-,+,-,+,+,-,-,-,-,-,+,+,+,-,+,0,-,-,-,0,-,0,0
t̪͡ɬ̪ʲː,-,-,+,-,+,+,-,-,-,-,-,+,+,+,-,+,0,-,-,-,0,+,0,0
t̪͡ɬ̪ːʲ,-,-,+,-,+,+,-,-,-,-,-,+,+,+,-,+,0,-,-,-,0,+,0,0
t̪͡ɬ̪ᶣ,-,-,+,-,+,+,-,-,-,-,-,+,+,+,-,+,0,-,+,-,0,-,0,0
t̪͡ɬ̪ˠ,-,-,+,-,+,+,-,-,-,-,-,+,+,+,-,+,0,+,-,-,0,-,0,0
t̪͡ɬ̪̥ˠ,-,-,+,-,+,+,-,-,-,-,-,+,+,+,-,+,0,+,-,-,0,-,0,0
t̪͡ɬ̪ːˠ,-,-,+,-,+,+,-,-,-,-,-,+,+,+,-,+,0,+,-,-,0,+,0,0
t̪͡ɬ̪ʲʷ,-,-,+,-,+,+,-,-,-,-,-,+,+,+,-,+,0,+,+,-,0,-,0,0
t̪͡ɬ̪̠ʷ,-,-,+,-,+,+,-,-,-,-,-,+,+,+,-,+,0,+,+,-,0,-,0,0
t̪͡ɬ̪ʷ,-,-,+,-,+,+,-,-,-,-,-,+,+,+,-,+,0,+,+,-,0,-,0,0
t̪͡ɬ̪̥ʷ,-,-,+,-,+,+,-,-,-,-,-,+,+,+,-,+,0,+,+,-,0,-,0,0
t̪͡ɬ̪ʷˠ,-,-,+,-,+,+,-,-,-,-,-,+,+,+,-,+,0,+,+,-,0,-,0,0
t̪͡ɬ̪ʷː,-,-,+,-,+,+,-,-,-,-,-,+,+,+,-,+,0,+,+,-,0,+,0,0
t̪͡ɬ̪ːʷ,-,-,+,-,+,+,-,-,-,-,-,+,+,+,-,+,0,+,+,-,0,+,0,0
ǂˡ,-,-,+,-,+,+,-,-,-,-,-,-,+,+,-,+,-,0,-,+,0,-,0,0
ǃˡ,-,-,+,-,+,+,-,-,-,-,-,+,+,-,-,+,-,0,-,+,0,-,0,0
ǁˡ,-,-,+,-,+,+,-,-,-,-,-,+,+,-,-,+,-,0,-,+,0,-,0,0
ǀˡ,-,-,+,-,+,+,-,-,-,-,-,+,+,+,-,+,-,0,-,+,0,-,0,0
d͡ɮʷˤ,-,-,+,-,+,+,-,-,+,-,-,-,+,-,-,+,+,+,+,-,0,-,0,0
t͡ɬʷˤ,-,-,+,-,+,+,-,-,-,-,-,+,+,-,-,+,+,+,+,-,0,-,0,0
d̪͡ɮ̪ʷˤ,-,-,+,-,+,+,-,-,+,-,-,+,+,-,-,+,+,+,+,-,0,-,0,0
t̪͡ɬ̪ʷˤ,-,-,+,-,+,+,-,-,-,-,-,+,+,+,-,+,+,+,+,-,0,-,0,0
d͡ɮ̰,-,-,+,-,+,+,-,-,+,-,+,-,+,-,-,0,0,0,-,-,0,-,0,0
d͡ɮ̰ː,-,-,+,-,+,+,-,-,+,-,+,-,+,-,-,0,0,0,-,-,0,+,0,0
t͡ɬʼ,-,-,+,-,+,+,-,-,-,-,+,+,+,-,-,0,0,0,-,-,0,-,0,0
d̪͡ɮ̪̰,-,-,+,-,+,+,-,-,+,-,+,+,+,-,-,0,0,0,-,-,0,-,0,0
t͡ɬʼː,-,-,+,-,+,+,-,-,-,-,+,+,+,-,-,0,0,0,-,-,0,+,0,0
d̪͡ɮ̪̰ː,-,-,+,-,+,+,-,-,+,-,+,+,+,-,-,0,0,0,-,-,0,+,0,0
t̪͡ɬ̪ʼ,-,-,+,-,+,+,-,-,-,-,+,+,+,+,-,0,0,0,-,-,0,-,0,0
t̪͡ɬ̪ʼː,-,-,+,-,+,+,-,-,-,-,+,+,+,+,-,0,0,0,-,-,0,+,0,0
d͡ɮ̰ˤ,-,-,+,-,+,+,-,-,+,-,+,-,+,-,-,0,+,+,-,-,0,-,0,0
t͡ɬˤʼ,-,-,+,-,+,+,-,-,-,-,+,+,+,-,-,0,+,+,-,-,0,-,0,0
d̪͡ɮ̪̰ˤ,-,-,+,-,+,+,-,-,+,-,+,+,+,-,-,0,+,+,-,-,0,-,0,0
t̪͡ɬ̪ˤʼ,-,-,+,-,+,+,-,-,-,-,+,+,+,+,-,0,+,+,-,-,0,-,0,0
ɗˡ,-,-,+,-,+,+,-,-,+,-,+,+,+,-,-,-,-,-,-,-,0,-,0,0
d͡ɮ̰ʲ,-,-,+,-,+,+,-,-,+,-,+,-,+,-,-,+,0,-,-,-,0,-,0,0
d͡ɮ̰ˠ,-,-,+,-,+,+,-,-,+,-,+,-,+,-,-,+,0,+,-,-,0,-,0,0
d͡ɮ̰ʷ,-,-,+,-,+,+,-,-,+,-,+,-,+,-,-,+,0,+,+,-,0,-,0,0
t͡ɬʲʼ,-,-,+,-,+,+,-,-,-,-,+,+,+,-,-,+,0,-,-,-,0,-,0,0
t͡ɬʼʲ,-,-,+,-,+,+,-,-,-,-,+,+,+,-,-,+,0,-,-,-,0,-,0,0
d̪͡ɮ̪̰ʲ,-,-,+,-,+,+,-,-,+,-,+,+,+,-,-,+,0,-,-,-,0,-,0,0
d̪͡ɮ̪̰ˠ,-,-,+,-,+,+,-,-,+,-,+,+,+,-,-,+,0,+,-,-,0,-,0,0
t͡ɬʼʷ,-,-,+,-,+,+,-,-,-,-,+,+,+,-,-,+,0,+,+,-,0,-,0,0
t͡ɬʷʼ,-,-,+,-,+,+,-,-,-,-,+,+,+,-,-,+,0,+,+,-,0,-,0,0
d̪͡ɮ̪̰ʷ,-,-,+,-,+,+,-,-,+,-,+,+,+,-,-,+,0,+,+,-,0,-,0,0
t̪͡ɬ̪ʲʼ,-,-,+,-,+,+,-,-,-,-,+,+,+,+,-,+,0,-,-,-,0,-,0,0
t̪͡ɬ̪ʼʲ,-,-,+,-,+,+,-,-,-,-,+,+,+,+,-,+,0,-,-,-,0,-,0,0
t̪͡ɬ̪ʼʷ,-,-,+,-,+,+,-,-,-,-,+,+,+,+,-,+,0,+,+,-,0,-,0,0
t̪͡ɬ̪ʷʼ,-,-,+,-,+,+,-,-,-,-,+,+,+,+,-,+,0,+,+,-,0,-,0,0
t͡ɬʷˤʼ,-,-,+,-,+,+,-,-,-,-,+,+,+,-,-,+,+,+,+,-,0,-,0,0
t̪͡ɬ̪ʷˤʼ,-,-,+,-,+,+,-,-,-,-,+,+,+,+,-,+,+,+,+,-,0,-,0,0
d͡ɮ̤̥,-,-,+,-,+,+,-,-,-,+,-,-,+,-,-,0,0,0,-,-,0,-,0,0
d͡ɮ̤,-,-,+,-,+,+,-,-,+,+,-,-,+,-,-,0,0,0,-,-,0,-,0,0
d͡ɮ̠ʰ,-,-,+,-,+,+,-,-,+,+,-,-,+,-,-,0,0,0,-,-,0,-,0,0
d͡ɮʰ,-,-,+,-,+,+,-,-,+,+,-,-,+,-,-,0,0,0,-,-,0,-,0,0
d͡ɮʰː,-,-,+,-,+,+,-,-,+,+,-,-,+,-,-,0,0,0,-,-,0,+,0,0
d͡ɮ̤ː,-,-,+,-,+,+,-,-,+,+,-,-,+,-,-,0,0,0,-,-,0,+,0,0
t͡ɬ̠ʰ,-,-,+,-,+,+,-,-,-,+,-,+,+,-,-,0,0,0,-,-,0,-,0,0
d̪͡ɮ̪̤̥,-,-,+,-,+,+,-,-,-,+,-,+,+,-,-,0,0,0,-,-,0,-,0,0
t͡ɬʰ,-,-,+,-,+,+,-,-,-,+,-,+,+,-,-,0,0,0,-,-,0,-,0,0
d̪͡ɮ̪̤,-,-,+,-,+,+,-,-,+,+,-,+,+,-,-,0,0,0,-,-,0,-,0,0
d̪͡ɮ̪̠ʰ,-,-,+,-,+,+,-,-,+,+,-,+,+,-,-,0,0,0,-,-,0,-,0,0
d̪͡ɮ̪ʰ,-,-,+,-,+,+,-,-,+,+,-,+,+,-,-,0,0,0,-,-,0,-,0,0
t͡ɬʰː,-,-,+,-,+,+,-,-,-,+,-,+,+,-,-,0,0,0,-,-,0,+,0,0
d̪͡ɮ̪ʰː,-,-,+,-,+,+,-,-,+,+,-,+,+,-,-,0,0,0,-,-,0,+,0,0
d̪͡ɮ̪̤ː,-,-,+,-,+,+,-,-,+,+,-,+,+,-,-,0,0,0,-,-,0,+,0,0
t̪͡ɬ̪̠ʰ,-,-,+,-,+,+,-,-,-,+,-,+,+,+,-,0,0,0,-,-,0,-,0,0
t̪͡ɬ̪ʰ,-,-,+,-,+,+,-,-,-,+,-,+,+,+,-,0,0,0,-,-,0,-,0,0
t̪͡ɬ̪ʰː,-,-,+,-,+,+,-,-,-,+,-,+,+,+,-,0,0,0,-,-,0,+,0,0
d͡ɮʰˤ,-,-,+,-,+,+,-,-,+,+,-,-,+,-,-,0,+,+,-,-,0,-,0,0
d͡ɮˤʰ,-,-,+,-,+,+,-,-,+,+,-,-,+,-,-,0,+,+,-,-,0,-,0,0
d͡ɮ̤ˤ,-,-,+,-,+,+,-,-,+,+,-,-,+,-,-,0,+,+,-,-,0,-,0,0
t͡ɬʰˤ,-,-,+,-,+,+,-,-,-,+,-,+,+,-,-,0,+,+,-,-,0,-,0,0
t͡ɬˤʰ,-,-,+,-,+,+,-,-,-,+,-,+,+,-,-,0,+,+,-,-,0,-,0,0
d̪͡ɮ̪ʰˤ,-,-,+,-,+,+,-,-,+,+,-,+,+,-,-,0,+,+,-,-,0,-,0,0
d̪͡ɮ̪ˤʰ,-,-,+,-,+,+,-,-,+,+,-,+,+,-,-,0,+,+,-,-,0,-,0,0
d̪͡ɮ̪̤ˤ,-,-,+,-,+,+,-,-,+,+,-,+,+,-,-,0,+,+,-,-,0,-,0,0
t̪͡ɬ̪ʰˤ,-,-,+,-,+,+,-,-,-,+,-,+,+,+,-,0,+,+,-,-,0,-,0,0
t̪͡ɬ̪ˤʰ,-,-,+,-,+,+,-,-,-,+,-,+,+,+,-,0,+,+,-,-,0,-,0,0
d͡ɮʰʲ,-,-,+,-,+,+,-,-,+,+,-,-,+,-,-,+,0,-,-,-,0,-,0,0
d͡ɮʲʰ,-,-,+,-,+,+,-,-,+,+,-,-,+,-,-,+,0,-,-,-,0,-,0,0
d͡ɮ̤ʲ,-,-,+,-,+,+,-,-,+,+,-,-,+,-,-,+,0,-,-,-,0,-,0,0
d͡ɮʰᶣ,-,-,+,-,+,+,-,-,+,+,-,-,+,-,-,+,0,-,+,-,0,-,0,0
d͡ɮʰˠ,-,-,+,-,+,+,-,-,+,+,-,-,+,-,-,+,0,+,-,-,0,-,0,0
d͡ɮ̤ˠ,-,-,+,-,+,+,-,-,+,+,-,-,+,-,-,+,0,+,-,-,0,-,0,0
d͡ɮʰʷ,-,-,+,-,+,+,-,-,+,+,-,-,+,-,-,+,0,+,+,-,0,-,0,0
d͡ɮʲʷʰ,-,-,+,-,+,+,-,-,+,+,-,-,+,-,-,+,0,+,+,-,0,-,0,0
d͡ɮʷʰ,-,-,+,-,+,+,-,-,+,+,-,-,+,-,-,+,0,+,+,-,0,-,0,0
d͡ɮ̤ʷ,-,-,+,-,+,+,-,-,+,+,-,-,+,-,-,+,0,+,+,-,0,-,0,0
d͡ɮʷˠʰ,-,-,+,-,+,+,-,-,+,+,-,-,+,-,-,+,0,+,+,-,0,-,0,0
d͡ɮʷʰː,-,-,+,-,+,+,-,-,+,+,-,-,+,-,-,+,0,+,+,-,0,+,0,0
t͡ɬʰʲ,-,-,+,-,+,+,-,-,-,+,-,+,+,-,-,+,0,-,-,-,0,-,0,0
t͡ɬʲʰ,-,-,+,-,+,+,-,-,-,+,-,+,+,-,-,+,0,-,-,-,0,-,0,0
d̪͡ɮ̪ʰʲ,-,-,+,-,+,+,-,-,+,+,-,+,+,-,-,+,0,-,-,-,0,-,0,0
d̪͡ɮ̪ʲʰ,-,-,+,-,+,+,-,-,+,+,-,+,+,-,-,+,0,-,-,-,0,-,0,0
d̪͡ɮ̪̤ʲ,-,-,+,-,+,+,-,-,+,+,-,+,+,-,-,+,0,-,-,-,0,-,0,0
t͡ɬʰᶣ,-,-,+,-,+,+,-,-,-,+,-,+,+,-,-,+,0,-,+,-,0,-,0,0
d̪͡ɮ̪ʰᶣ,-,-,+,-,+,+,-,-,+,+,-,+,+,-,-,+,0,-,+,-,0,-,0,0
t͡ɬʰˠ,-,-,+,-,+,+,-,-,-,+,-,+,+,-,-,+,0,+,-,-,0,-,0,0
d̪͡ɮ̪ʰˠ,-,-,+,-,+,+,-,-,+,+,-,+,+,-,-,+,0,+,-,-,0,-,0,0
d̪͡ɮ̪̤ˠ,-,-,+,-,+,+,-,-,+,+,-,+,+,-,-,+,0,+,-,-,0,-,0,0
t͡ɬʰʷ,-,-,+,-,+,+,-,-,-,+,-,+,+,-,-,+,0,+,+,-,0,-,0,0
t͡ɬʲʷʰ,-,-,+,-,+,+,-,-,-,+,-,+,+,-,-,+,0,+,+,-,0,-,0,0
t͡ɬʷʰ,-,-,+,-,+,+,-,-,-,+,-,+,+,-,-,+,0,+,+,-,0,-,0,0
t͡ɬʷˠʰ,-,-,+,-,+,+,-,-,-,+,-,+,+,-,-,+,0,+,+,-,0,-,0,0
d̪͡ɮ̪ʰʷ,-,-,+,-,+,+,-,-,+,+,-,+,+,-,-,+,0,+,+,-,0,-,0,0
d̪͡ɮ̪ʲʷʰ,-,-,+,-,+,+,-,-,+,+,-,+,+,-,-,+,0,+,+,-,0,-,0,0
d̪͡ɮ̪ʷʰ,-,-,+,-,+,+,-,-,+,+,-,+,+,-,-,+,0,+,+,-,0,-,0,0
d̪͡ɮ̪̤ʷ,-,-,+,-,+,+,-,-,+,+,-,+,+,-,-,+,0,+,+,-,0,-,0,0
d̪͡ɮ̪ʷˠʰ,-,-,+,-,+,+,-,-,+,+,-,+,+,-,-,+,0,+,+,-,0,-,0,0
t͡ɬʷʰː,-,-,+,-,+,+,-,-,-,+,-,+,+,-,-,+,0,+,+,-,0,+,0,0
d̪͡ɮ̪ʷʰː,-,-,+,-,+,+,-,-,+,+,-,+,+,-,-,+,0,+,+,-,0,+,0,0
t̪͡ɬ̪ʰʲ,-,-,+,-,+,+,-,-,-,+,-,+,+,+,-,+,0,-,-,-,0,-,0,0
t̪͡ɬ̪ʲʰ,-,-,+,-,+,+,-,-,-,+,-,+,+,+,-,+,0,-,-,-,0,-,0,0
t̪͡ɬ̪ʰᶣ,-,-,+,-,+,+,-,-,-,+,-,+,+,+,-,+,0,-,+,-,0,-,0,0
t̪͡ɬ̪ʰˠ,-,-,+,-,+,+,-,-,-,+,-,+,+,+,-,+,0,+,-,-,0,-,0,0
t̪͡ɬ̪ʰʷ,-,-,+,-,+,+,-,-,-,+,-,+,+,+,-,+,0,+,+,-,0,-,0,0
t̪͡ɬ̪ʲʷʰ,-,-,+,-,+,+,-,-,-,+,-,+,+,+,-,+,0,+,+,-,0,-,0,0
t̪͡ɬ̪ʷʰ,-,-,+,-,+,+,-,-,-,+,-,+,+,+,-,+,0,+,+,-,0,-,0,0
t̪͡ɬ̪ʷˠʰ,-,-,+,-,+,+,-,-,-,+,-,+,+,+,-,+,0,+,+,-,0,-,0,0
t̪͡ɬ̪ʷʰː,-,-,+,-,+,+,-,-,-,+,-,+,+,+,-,+,0,+,+,-,0,+,0,0
d͡ɮʷˤʰ,-,-,+,-,+,+,-,-,+,+,-,-,+,-,-,+,+,+,+,-,0,-,0,0
t͡ɬʷˤʰ,-,-,+,-,+,+,-,-,-,+,-,+,+,-,-,+,+,+,+,-,0,-,0,0
d̪͡ɮ̪ʷˤʰ,-,-,+,-,+,+,-,-,+,+,-,+,+,-,-,+,+,+,+,-,0,-,0,0
t̪͡ɬ̪ʷˤʰ,-,-,+,-,+,+,-,-,-,+,-,+,+,+,-,+,+,+,+,-,0,-,0,0
ɖ͡ʐ̃,-,-,+,-,+,-,+,+,+,-,-,-,+,-,-,0,0,0,-,-,0,-,0,0
ɖ͡ʐ̃ː,-,-,+,-,+,-,+,+,+,-,-,-,+,-,-,0,0,0,-,-,0,+,0,0
ɖ͡ʐ̃ˑ,-,-,+,-,+,-,+,+,+,-,-,-,+,-,-,0,0,0,-,-,0,+,0,0
d̪͡z̪̃,-,-,+,-,+,-,+,+,+,-,-,+,+,+,-,0,0,0,-,-,0,-,0,0
d̪͡ð̃,-,-,+,-,+,-,+,-,+,-,-,+,+,+,-,0,0,0,-,-,0,-,0,0
d̪͡z̪̃ː,-,-,+,-,+,-,+,+,+,-,-,+,+,+,-,0,0,0,-,-,0,+,0,0
d̪͡ð̃ː,-,-,+,-,+,-,+,-,+,-,-,+,+,+,-,0,0,0,-,-,0,+,0,0
d̪͡z̪̃ˑ,-,-,+,-,+,-,+,+,+,-,-,+,+,+,-,0,0,0,-,-,0,+,0,0
d̪͡ð̃ˑ,-,-,+,-,+,-,+,-,+,-,-,+,+,+,-,0,0,0,-,-,0,+,0,0
b͡β̃,-,-,+,-,+,-,+,-,+,-,-,+,-,0,+,0,0,0,-,-,0,-,0,0
b͡β̃ː,-,-,+,-,+,-,+,-,+,-,-,+,-,0,+,0,0,0,-,-,0,+,0,0
b͡β̃ˑ,-,-,+,-,+,-,+,-,+,-,-,+,-,0,+,0,0,0,-,-,0,+,0,0
ɖ͡ʐ̃ˤ,-,-,+,-,+,-,+,+,+,-,-,-,+,-,-,0,+,+,-,-,0,-,0,0
d̪͡z̪̃ˤ,-,-,+,-,+,-,+,+,+,-,-,+,+,+,-,0,+,+,-,-,0,-,0,0
d̪͡ð̃ˤ,-,-,+,-,+,-,+,-,+,-,-,+,+,+,-,0,+,+,-,-,0,-,0,0
b͡β̃ˤ,-,-,+,-,+,-,+,-,+,-,-,+,-,0,+,0,+,+,-,-,0,-,0,0
ɢ͡ʁ̃,-,-,+,-,+,-,+,-,+,-,-,-,-,0,-,-,-,+,-,-,0,-,0,0
ɢ͡ʁ̃ː,-,-,+,-,+,-,+,-,+,-,-,-,-,0,-,-,-,+,-,-,0,+,0,0
ɢ͡ʁ̃ˑ,-,-,+,-,+,-,+,-,+,-,-,-,-,0,-,-,-,+,-,-,0,+,0,0
d͡ʒ̃,-,-,+,-,+,-,+,+,+,-,-,-,+,+,-,-,-,-,-,-,0,-,0,0
d͡ʒ̃ː,-,-,+,-,+,-,+,+,+,-,-,-,+,+,-,-,-,-,-,-,0,+,0,0
d͡ʒ̃ˑ,-,-,+,-,+,-,+,+,+,-,-,-,+,+,-,-,-,-,-,-,0,+,0,0
d͡ɹ̝̃,-,-,+,-,+,-,+,-,+,-,-,+,+,-,-,-,-,-,-,-,0,-,0,0
d̠͡ɹ̠˔̃,-,-,+,-,+,-,+,-,+,-,-,+,+,-,-,-,-,-,-,-,0,-,0,0
d͡z̃,-,-,+,-,+,-,+,+,+,-,-,+,+,-,-,-,-,-,-,-,0,-,0,0
d͡ɹ̝̃ː,-,-,+,-,+,-,+,-,+,-,-,+,+,-,-,-,-,-,-,-,0,+,0,0
d̠͡ɹ̠˔̃ː,-,-,+,-,+,-,+,-,+,-,-,+,+,-,-,-,-,-,-,-,0,+,0,0
d͡z̃ː,-,-,+,-,+,-,+,+,+,-,-,+,+,-,-,-,-,-,-,-,0,+,0,0
d͡ɹ̝̃ˑ,-,-,+,-,+,-,+,-,+,-,-,+,+,-,-,-,-,-,-,-,0,+,0,0
d̠͡ɹ̠˔̃ˑ,-,-,+,-,+,-,+,-,+,-,-,+,+,-,-,-,-,-,-,-,0,+,0,0
d͡z̃ˑ,-,-,+,-,+,-,+,+,+,-,-,+,+,-,-,-,-,-,-,-,0,+,0,0
b͡ṽ,-,-,+,-,+,-,+,+,+,-,-,+,-,0,+,-,-,-,-,-,0,-,0,0
b͡ṽː,-,-,+,-,+,-,+,+,+,-,-,+,-,0,+,-,-,-,-,-,0,+,0,0
b͡ṽˑ,-,-,+,-,+,-,+,+,+,-,-,+,-,0,+,-,-,-,-,-,0,+,0,0
ɢ͡ʁ̃ˤ,-,-,+,-,+,-,+,-,+,-,-,-,-,0,-,-,+,+,-,-,0,-,0,0
d͡ʒ̃ˤ,-,-,+,-,+,-,+,+,+,-,-,-,+,+,-,-,+,+,-,-,0,-,0,0
d͡ɹ̝̃ˤ,-,-,+,-,+,-,+,-,+,-,-,+,+,-,-,-,+,+,-,-,0,-,0,0
d̠͡ɹ̠˔̃ˤ,-,-,+,-,+,-,+,-,+,-,-,+,+,-,-,-,+,+,-,-,0,-,0,0
d͡z̃ˤ,-,-,+,-,+,-,+,+,+,-,-,+,+,-,-,-,+,+,-,-,0,-,0,0
b͡ṽˤ,-,-,+,-,+,-,+,+,+,-,-,+,-,0,+,-,+,+,-,-,0,-,0,0
ɡ͡ɣ̃,-,-,+,-,+,-,+,-,+,-,-,-,-,0,-,+,-,+,-,-,0,-,0,0
ɡ͡ɣ̃ː,-,-,+,-,+,-,+,-,+,-,-,-,-,0,-,+,-,+,-,-,0,+,0,0
ɡ͡ɣ̃ˑ,-,-,+,-,+,-,+,-,+,-,-,-,-,0,-,+,-,+,-,-,0,+,0,0
ɟ͡ʝ̃,-,-,+,-,+,-,+,-,+,-,-,-,+,+,-,+,-,-,-,-,0,-,0,0
d͡ʑ̃,-,-,+,-,+,-,+,-,+,-,-,-,+,+,-,+,-,-,-,-,0,-,0,0
ɟ͡ʝ̃ː,-,-,+,-,+,-,+,-,+,-,-,-,+,+,-,+,-,-,-,-,0,+,0,0
d͡ʑ̃ː,-,-,+,-,+,-,+,-,+,-,-,-,+,+,-,+,-,-,-,-,0,+,0,0
ɟ͡ʝ̃ˑ,-,-,+,-,+,-,+,-,+,-,-,-,+,+,-,+,-,-,-,-,0,+,0,0
d͡ʑ̃ˑ,-,-,+,-,+,-,+,-,+,-,-,-,+,+,-,+,-,-,-,-,0,+,0,0
ɡ͡ɣ̃ˤ,-,-,+,-,+,-,+,-,+,-,-,-,-,0,-,+,+,+,-,-,0,-,0,0
ɟ͡ʝ̃ˤ,-,-,+,-,+,-,+,-,+,-,-,-,+,+,-,+,+,+,-,-,0,-,0,0
d͡ʑ̃ˤ,-,-,+,-,+,-,+,-,+,-,-,-,+,+,-,+,+,+,-,-,0,-,0,0
ɖ͡ʐ̰̃,-,-,+,-,+,-,+,+,+,-,+,-,+,-,-,0,0,0,-,-,0,-,0,0
d̪͡z̪̰̃,-,-,+,-,+,-,+,+,+,-,+,+,+,+,-,0,0,0,-,-,0,-,0,0
d̪͡ð̰̃,-,-,+,-,+,-,+,-,+,-,+,+,+,+,-,0,0,0,-,-,0,-,0,0
b͡β̰̃,-,-,+,-,+,-,+,-,+,-,+,+,-,0,+,0,0,0,-,-,0,-,0,0
ɢ͡ʁ̰̃,-,-,+,-,+,-,+,-,+,-,+,-,-,0,-,-,-,+,-,-,0,-,0,0
d͡ʒ̰̃,-,-,+,-,+,-,+,+,+,-,+,-,+,+,-,-,-,-,-,-,0,-,0,0
d͡ɹ̝̰̃,-,-,+,-,+,-,+,-,+,-,+,+,+,-,-,-,-,-,-,-,0,-,0,0
d̠͡ɹ̠˔̰̃,-,-,+,-,+,-,+,-,+,-,+,+,+,-,-,-,-,-,-,-,0,-,0,0
d͡z̰̃,-,-,+,-,+,-,+,+,+,-,+,+,+,-,-,-,-,-,-,-,0,-,0,0
b͡ṽ̰,-,-,+,-,+,-,+,+,+,-,+,+,-,0,+,-,-,-,-,-,0,-,0,0
ɡ͡ɣ̰̃,-,-,+,-,+,-,+,-,+,-,+,-,-,0,-,+,-,+,-,-,0,-,0,0
ɟ͡ʝ̰̃,-,-,+,-,+,-,+,-,+,-,+,-,+,+,-,+,-,-,-,-,0,-,0,0
d͡ʑ̰̃,-,-,+,-,+,-,+,-,+,-,+,-,+,+,-,+,-,-,-,-,0,-,0,0
d͡ɮ̃,-,-,+,-,+,+,+,-,+,-,-,-,+,-,-,0,0,0,-,-,0,-,0,0
d͡ɮ̃ː,-,-,+,-,+,+,+,-,+,-,-,-,+,-,-,0,0,0,-,-,0,+,0,0
d͡ɮ̃ˑ,-,-,+,-,+,+,+,-,+,-,-,-,+,-,-,0,0,0,-,-,0,+,0,0
d̪͡ɮ̪̃,-,-,+,-,+,+,+,-,+,-,-,+,+,-,-,0,0,0,-,-,0,-,0,0
d̪͡ɮ̪̃ː,-,-,+,-,+,+,+,-,+,-,-,+,+,-,-,0,0,0,-,-,0,+,0,0
d̪͡ɮ̪̃ˑ,-,-,+,-,+,+,+,-,+,-,-,+,+,-,-,0,0,0,-,-,0,+,0,0
d͡ɮ̃ˤ,-,-,+,-,+,+,+,-,+,-,-,-,+,-,-,0,+,+,-,-,0,-,0,0
d̪͡ɮ̪̃ˤ,-,-,+,-,+,+,+,-,+,-,-,+,+,-,-,0,+,+,-,-,0,-,0,0
d͡ɮ̰̃,-,-,+,-,+,+,+,-,+,-,+,-,+,-,-,0,0,0,-,-,0,-,0,0
d̪͡ɮ̪̰̃,-,-,+,-,+,+,+,-,+,-,+,+,+,-,-,0,0,0,-,-,0,-,0,0
ʁ̠̊,-,-,+,+,-,-,-,+,-,-,-,-,-,0,-,-,-,+,-,-,0,-,0,0
χ̠̊,-,-,+,+,-,-,-,+,-,-,-,-,-,0,-,-,-,+,-,-,0,-,0,0
χ̟,-,-,+,+,-,-,-,+,-,-,-,-,-,0,-,-,-,+,-,-,0,-,0,0
ʁ̠̊˔,-,-,+,+,-,-,-,+,-,-,-,-,-,0,-,-,-,+,-,-,0,-,0,0
χ̠̊˔,-,-,+,+,-,-,-,+,-,-,-,-,-,0,-,-,-,+,-,-,0,-,0,0
ʁ̝̊,-,-,+,+,-,-,-,+,-,-,-,-,-,0,-,-,-,+,-,-,0,-,0,0
χ̝̊,-,-,+,+,-,-,-,+,-,-,-,-,-,0,-,-,-,+,-,-,0,-,0,0
χ̠,-,-,+,+,-,-,-,+,-,-,-,-,-,0,-,-,-,+,-,-,0,-,0,0
χ̝,-,-,+,+,-,-,-,+,-,-,-,-,-,0,-,-,-,+,-,-,0,-,0,0
χ˔,-,-,+,+,-,-,-,+,-,-,-,-,-,0,-,-,-,+,-,-,0,-,0,0
χ̞,-,-,+,+,-,-,-,+,-,-,-,-,-,0,-,-,-,+,-,-,0,-,0,0
ʁ̥,-,-,+,+,-,-,-,+,-,-,-,-,-,0,-,-,-,+,-,-,0,-,0,0
χ̥,-,-,+,+,-,-,-,+,-,-,-,-,-,0,-,-,-,+,-,-,0,-,0,0
χ,-,-,+,+,-,-,-,+,-,-,-,-,-,0,-,-,-,+,-,-,0,-,0,0
ʁ̊,-,-,+,+,-,-,-,+,-,-,-,-,-,0,-,-,-,+,-,-,0,-,0,0
χ̊,-,-,+,+,-,-,-,+,-,-,-,-,-,0,-,-,-,+,-,-,0,-,0,0
ʁ̟,-,-,+,+,-,-,-,+,+,-,-,-,-,0,-,-,-,+,-,-,0,-,0,0
ʁ̠,-,-,+,+,-,-,-,+,+,-,-,-,-,0,-,-,-,+,-,-,0,-,0,0
ʁ̝,-,-,+,+,-,-,-,+,+,-,-,-,-,0,-,-,-,+,-,-,0,-,0,0
ʁ˔,-,-,+,+,-,-,-,+,+,-,-,-,-,0,-,-,-,+,-,-,0,-,0,0
ʁ̞,-,-,+,+,-,-,-,+,+,-,-,-,-,0,-,-,-,+,-,-,0,-,0,0
ʁ,-,-,+,+,-,-,-,+,+,-,-,-,-,0,-,-,-,+,-,-,0,-,0,0
χ̬,-,-,+,+,-,-,-,+,+,-,-,-,-,0,-,-,-,+,-,-,0,-,0,0
χː,-,-,+,+,-,-,-,+,-,-,-,-,-,0,-,-,-,+,-,-,0,+,0,0
ʁ̥ː,-,-,+,+,-,-,-,+,-,-,-,-,-,0,-,-,-,+,-,-,0,+,0,0
χ̥ː,-,-,+,+,-,-,-,+,-,-,-,-,-,0,-,-,-,+,-,-,0,+,0,0
χ̟ː,-,-,+,+,-,-,-,+,-,-,-,-,-,0,-,-,-,+,-,-,0,+,0,0
χˑ,-,-,+,+,-,-,-,+,-,-,-,-,-,0,-,-,-,+,-,-,0,+,0,0
χ̝ː,-,-,+,+,-,-,-,+,-,-,-,-,-,0,-,-,-,+,-,-,0,+,0,0
χ̞ː,-,-,+,+,-,-,-,+,-,-,-,-,-,0,-,-,-,+,-,-,0,+,0,0
ʁː,-,-,+,+,-,-,-,+,+,-,-,-,-,0,-,-,-,+,-,-,0,+,0,0
ʁ̟ː,-,-,+,+,-,-,-,+,+,-,-,-,-,0,-,-,-,+,-,-,0,+,0,0
ʁˑ,-,-,+,+,-,-,-,+,+,-,-,-,-,0,-,-,-,+,-,-,0,+,0,0
ʁ̝ː,-,-,+,+,-,-,-,+,+,-,-,-,-,0,-,-,-,+,-,-,0,+,0,0
ʁ̞ː,-,-,+,+,-,-,-,+,+,-,-,-,-,0,-,-,-,+,-,-,0,+,0,0
ʂ̠̊,-,-,+,+,-,-,-,+,-,-,-,-,+,-,-,-,-,-,-,-,0,-,0,0
ʐ̠̊,-,-,+,+,-,-,-,+,-,-,-,-,+,-,-,-,-,-,-,-,0,-,0,0
ʂ̟,-,-,+,+,-,-,-,+,-,-,-,-,+,-,-,-,-,-,-,-,0,-,0,0
ʂ̠̊˔,-,-,+,+,-,-,-,+,-,-,-,-,+,-,-,-,-,-,-,-,0,-,0,0
ʐ̠̊˔,-,-,+,+,-,-,-,+,-,-,-,-,+,-,-,-,-,-,-,-,0,-,0,0
ʂ̝̊,-,-,+,+,-,-,-,+,-,-,-,-,+,-,-,-,-,-,-,-,0,-,0,0
ʐ̝̊,-,-,+,+,-,-,-,+,-,-,-,-,+,-,-,-,-,-,-,-,0,-,0,0
ʂ̠,-,-,+,+,-,-,-,+,-,-,-,-,+,-,-,-,-,-,-,-,0,-,0,0
ʂ̝,-,-,+,+,-,-,-,+,-,-,-,-,+,-,-,-,-,-,-,-,0,-,0,0
ʂ˔,-,-,+,+,-,-,-,+,-,-,-,-,+,-,-,-,-,-,-,-,0,-,0,0
ʂ̞,-,-,+,+,-,-,-,+,-,-,-,-,+,-,-,-,-,-,-,-,0,-,0,0
ʂ̥,-,-,+,+,-,-,-,+,-,-,-,-,+,-,-,-,-,-,-,-,0,-,0,0
ʐ̥,-,-,+,+,-,-,-,+,-,-,-,-,+,-,-,-,-,-,-,-,0,-,0,0
ʂ,-,-,+,+,-,-,-,+,-,-,-,-,+,-,-,-,-,-,-,-,0,-,0,0
ʂ̺,-,-,+,+,-,-,-,+,-,-,-,-,+,-,-,-,-,-,-,-,0,-,0,0
ʃ̺,-,-,+,+,-,-,-,+,-,-,-,-,+,-,-,-,-,-,-,-,0,-,0,0
ʂ̊,-,-,+,+,-,-,-,+,-,-,-,-,+,-,-,-,-,-,-,-,0,-,0,0
ʐ̊,-,-,+,+,-,-,-,+,-,-,-,-,+,-,-,-,-,-,-,-,0,-,0,0
ʐ̟,-,-,+,+,-,-,-,+,+,-,-,-,+,-,-,-,-,-,-,-,0,-,0,0
ʐ̠,-,-,+,+,-,-,-,+,+,-,-,-,+,-,-,-,-,-,-,-,0,-,0,0
ʐ̝,-,-,+,+,-,-,-,+,+,-,-,-,+,-,-,-,-,-,-,-,0,-,0,0
ʐ˔,-,-,+,+,-,-,-,+,+,-,-,-,+,-,-,-,-,-,-,-,0,-,0,0
ʐ̞,-,-,+,+,-,-,-,+,+,-,-,-,+,-,-,-,-,-,-,-,0,-,0,0
ʐ,-,-,+,+,-,-,-,+,+,-,-,-,+,-,-,-,-,-,-,-,0,-,0,0
ʐ̺,-,-,+,+,-,-,-,+,+,-,-,-,+,-,-,-,-,-,-,-,0,-,0,0
ʒ̺,-,-,+,+,-,-,-,+,+,-,-,-,+,-,-,-,-,-,-,-,0,-,0,0
ʂ̬,-,-,+,+,-,-,-,+,+,-,-,-,+,-,-,-,-,-,-,-,0,-,0,0
ʂː,-,-,+,+,-,-,-,+,-,-,-,-,+,-,-,-,-,-,-,-,0,+,0,0
ʂ̥ː,-,-,+,+,-,-,-,+,-,-,-,-,+,-,-,-,-,-,-,-,0,+,0,0
ʐ̥ː,-,-,+,+,-,-,-,+,-,-,-,-,+,-,-,-,-,-,-,-,0,+,0,0
ʂ̟ː,-,-,+,+,-,-,-,+,-,-,-,-,+,-,-,-,-,-,-,-,0,+,0,0
ʂˑ,-,-,+,+,-,-,-,+,-,-,-,-,+,-,-,-,-,-,-,-,0,+,0,0
ʂ̝ː,-,-,+,+,-,-,-,+,-,-,-,-,+,-,-,-,-,-,-,-,0,+,0,0
ʂ̞ː,-,-,+,+,-,-,-,+,-,-,-,-,+,-,-,-,-,-,-,-,0,+,0,0
ʐː,-,-,+,+,-,-,-,+,+,-,-,-,+,-,-,-,-,-,-,-,0,+,0,0
ʐ̟ː,-,-,+,+,-,-,-,+,+,-,-,-,+,-,-,-,-,-,-,-,0,+,0,0
ʐˑ,-,-,+,+,-,-,-,+,+,-,-,-,+,-,-,-,-,-,-,-,0,+,0,0
ʐ̝ː,-,-,+,+,-,-,-,+,+,-,-,-,+,-,-,-,-,-,-,-,0,+,0,0
ʐ̞ː,-,-,+,+,-,-,-,+,+,-,-,-,+,-,-,-,-,-,-,-,0,+,0,0
ʃ̠̊,-,-,+,+,-,-,-,+,-,-,-,-,+,+,-,-,-,-,-,-,0,-,0,0
ʒ̠̊,-,-,+,+,-,-,-,+,-,-,-,-,+,+,-,-,-,-,-,-,0,-,0,0
ʃ̟,-,-,+,+,-,-,-,+,-,-,-,-,+,+,-,-,-,-,-,-,0,-,0,0
ʃ̠̊˔,-,-,+,+,-,-,-,+,-,-,-,-,+,+,-,-,-,-,-,-,0,-,0,0
ʒ̠̊˔,-,-,+,+,-,-,-,+,-,-,-,-,+,+,-,-,-,-,-,-,0,-,0,0
ʃ̝̊,-,-,+,+,-,-,-,+,-,-,-,-,+,+,-,-,-,-,-,-,0,-,0,0
ʒ̝̊,-,-,+,+,-,-,-,+,-,-,-,-,+,+,-,-,-,-,-,-,0,-,0,0
ʃ̠,-,-,+,+,-,-,-,+,-,-,-,-,+,+,-,-,-,-,-,-,0,-,0,0
ʃ̝,-,-,+,+,-,-,-,+,-,-,-,-,+,+,-,-,-,-,-,-,0,-,0,0
ʃ˔,-,-,+,+,-,-,-,+,-,-,-,-,+,+,-,-,-,-,-,-,0,-,0,0
ʃ̞,-,-,+,+,-,-,-,+,-,-,-,-,+,+,-,-,-,-,-,-,0,-,0,0
ʃ̥,-,-,+,+,-,-,-,+,-,-,-,-,+,+,-,-,-,-,-,-,0,-,0,0
ʒ̥,-,-,+,+,-,-,-,+,-,-,-,-,+,+,-,-,-,-,-,-,0,-,0,0
ʃ,-,-,+,+,-,-,-,+,-,-,-,-,+,+,-,-,-,-,-,-,0,-,0,0
ʃ̊,-,-,+,+,-,-,-,+,-,-,-,-,+,+,-,-,-,-,-,-,0,-,0,0
ʒ̊,-,-,+,+,-,-,-,+,-,-,-,-,+,+,-,-,-,-,-,-,0,-,0,0
ʂ̻,-,-,+,+,-,-,-,+,-,-,-,-,+,+,-,-,-,-,-,-,0,-,0,0
ʃ̻,-,-,+,+,-,-,-,+,-,-,-,-,+,+,-,-,-,-,-,-,0,-,0,0
ʒ̟,-,-,+,+,-,-,-,+,+,-,-,-,+,+,-,-,-,-,-,-,0,-,0,0
ʒ̠,-,-,+,+,-,-,-,+,+,-,-,-,+,+,-,-,-,-,-,-,0,-,0,0
ʒ̝,-,-,+,+,-,-,-,+,+,-,-,-,+,+,-,-,-,-,-,-,0,-,0,0
ʒ˔,-,-,+,+,-,-,-,+,+,-,-,-,+,+,-,-,-,-,-,-,0,-,0,0
ʒ̞,-,-,+,+,-,-,-,+,+,-,-,-,+,+,-,-,-,-,-,-,0,-,0,0
ʒ,-,-,+,+,-,-,-,+,+,-,-,-,+,+,-,-,-,-,-,-,0,-,0,0
ʐ̻,-,-,+,+,-,-,-,+,+,-,-,-,+,+,-,-,-,-,-,-,0,-,0,0
ʒ̻,-,-,+,+,-,-,-,+,+,-,-,-,+,+,-,-,-,-,-,-,0,-,0,0
ʃ̬,-,-,+,+,-,-,-,+,+,-,-,-,+,+,-,-,-,-,-,-,0,-,0,0
ʃː,-,-,+,+,-,-,-,+,-,-,-,-,+,+,-,-,-,-,-,-,0,+,0,0
ʃ̥ː,-,-,+,+,-,-,-,+,-,-,-,-,+,+,-,-,-,-,-,-,0,+,0,0
ʒ̥ː,-,-,+,+,-,-,-,+,-,-,-,-,+,+,-,-,-,-,-,-,0,+,0,0
ʃ̟ː,-,-,+,+,-,-,-,+,-,-,-,-,+,+,-,-,-,-,-,-,0,+,0,0
ʃˑ,-,-,+,+,-,-,-,+,-,-,-,-,+,+,-,-,-,-,-,-,0,+,0,0
ʃ̝ː,-,-,+,+,-,-,-,+,-,-,-,-,+,+,-,-,-,-,-,-,0,+,0,0
ʂ̻̝ː,-,-,+,+,-,-,-,+,-,-,-,-,+,+,-,-,-,-,-,-,0,+,0,0
ʃ̻̝ː,-,-,+,+,-,-,-,+,-,-,-,-,+,+,-,-,-,-,-,-,0,+,0,0
ʃ̞ː,-,-,+,+,-,-,-,+,-,-,-,-,+,+,-,-,-,-,-,-,0,+,0,0
ʒː,-,-,+,+,-,-,-,+,+,-,-,-,+,+,-,-,-,-,-,-,0,+,0,0
ʒ̟ː,-,-,+,+,-,-,-,+,+,-,-,-,+,+,-,-,-,-,-,-,0,+,0,0
ʒˑ,-,-,+,+,-,-,-,+,+,-,-,-,+,+,-,-,-,-,-,-,0,+,0,0
ʒ̝ː,-,-,+,+,-,-,-,+,+,-,-,-,+,+,-,-,-,-,-,-,0,+,0,0
ʐ̻̝ː,-,-,+,+,-,-,-,+,+,-,-,-,+,+,-,-,-,-,-,-,0,+,0,0
ʒ̻̝ː,-,-,+,+,-,-,-,+,+,-,-,-,+,+,-,-,-,-,-,-,0,+,0,0
ʒ̞ː,-,-,+,+,-,-,-,+,+,-,-,-,+,+,-,-,-,-,-,-,0,+,0,0
s̠̊,-,-,+,+,-,-,-,+,-,-,-,+,+,-,-,-,-,-,-,-,0,-,0,0
z̠̊,-,-,+,+,-,-,-,+,-,-,-,+,+,-,-,-,-,-,-,-,0,-,0,0
s̟,-,-,+,+,-,-,-,+,-,-,-,+,+,-,-,-,-,-,-,-,0,-,0,0
s̠̊˔,-,-,+,+,-,-,-,+,-,-,-,+,+,-,-,-,-,-,-,-,0,-,0,0
z̠̊˔,-,-,+,+,-,-,-,+,-,-,-,+,+,-,-,-,-,-,-,-,0,-,0,0
s̝̊,-,-,+,+,-,-,-,+,-,-,-,+,+,-,-,-,-,-,-,-,0,-,0,0
z̝̊,-,-,+,+,-,-,-,+,-,-,-,+,+,-,-,-,-,-,-,-,0,-,0,0
s̠,-,-,+,+,-,-,-,+,-,-,-,+,+,-,-,-,-,-,-,-,0,-,0,0
s̝,-,-,+,+,-,-,-,+,-,-,-,+,+,-,-,-,-,-,-,-,0,-,0,0
s˔,-,-,+,+,-,-,-,+,-,-,-,+,+,-,-,-,-,-,-,-,0,-,0,0
s̞,-,-,+,+,-,-,-,+,-,-,-,+,+,-,-,-,-,-,-,-,0,-,0,0
s̥,-,-,+,+,-,-,-,+,-,-,-,+,+,-,-,-,-,-,-,-,0,-,0,0
z̥,-,-,+,+,-,-,-,+,-,-,-,+,+,-,-,-,-,-,-,-,0,-,0,0
s,-,-,+,+,-,-,-,+,-,-,-,+,+,-,-,-,-,-,-,-,0,-,0,0
s̺,-,-,+,+,-,-,-,+,-,-,-,+,+,-,-,-,-,-,-,-,0,-,0,0
θ̺,-,-,+,+,-,-,-,-,-,-,-,+,+,-,-,-,-,-,-,-,0,-,0,0
s̊,-,-,+,+,-,-,-,+,-,-,-,+,+,-,-,-,-,-,-,-,0,-,0,0
z̊,-,-,+,+,-,-,-,+,-,-,-,+,+,-,-,-,-,-,-,-,0,-,0,0
z̟,-,-,+,+,-,-,-,+,+,-,-,+,+,-,-,-,-,-,-,-,0,-,0,0
z̠,-,-,+,+,-,-,-,+,+,-,-,+,+,-,-,-,-,-,-,-,0,-,0,0
z̝,-,-,+,+,-,-,-,+,+,-,-,+,+,-,-,-,-,-,-,-,0,-,0,0
z˔,-,-,+,+,-,-,-,+,+,-,-,+,+,-,-,-,-,-,-,-,0,-,0,0
z̞,-,-,+,+,-,-,-,+,+,-,-,+,+,-,-,-,-,-,-,-,0,-,0,0
z,-,-,+,+,-,-,-,+,+,-,-,+,+,-,-,-,-,-,-,-,0,-,0,0
z̺,-,-,+,+,-,-,-,+,+,-,-,+,+,-,-,-,-,-,-,-,0,-,0,0
ð̺,-,-,+,+,-,-,-,-,+,-,-,+,+,-,-,-,-,-,-,-,0,-,0,0
s̬,-,-,+,+,-,-,-,+,+,-,-,+,+,-,-,-,-,-,-,-,0,-,0,0
sː,-,-,+,+,-,-,-,+,-,-,-,+,+,-,-,-,-,-,-,-,0,+,0,0
s̥ː,-,-,+,+,-,-,-,+,-,-,-,+,+,-,-,-,-,-,-,-,0,+,0,0
z̥ː,-,-,+,+,-,-,-,+,-,-,-,+,+,-,-,-,-,-,-,-,0,+,0,0
s̟ː,-,-,+,+,-,-,-,+,-,-,-,+,+,-,-,-,-,-,-,-,0,+,0,0
sˑ,-,-,+,+,-,-,-,+,-,-,-,+,+,-,-,-,-,-,-,-,0,+,0,0
s̝ː,-,-,+,+,-,-,-,+,-,-,-,+,+,-,-,-,-,-,-,-,0,+,0,0
s̞ː,-,-,+,+,-,-,-,+,-,-,-,+,+,-,-,-,-,-,-,-,0,+,0,0
zː,-,-,+,+,-,-,-,+,+,-,-,+,+,-,-,-,-,-,-,-,0,+,0,0
z̟ː,-,-,+,+,-,-,-,+,+,-,-,+,+,-,-,-,-,-,-,-,0,+,0,0
zˑ,-,-,+,+,-,-,-,+,+,-,-,+,+,-,-,-,-,-,-,-,0,+,0,0
z̝ː,-,-,+,+,-,-,-,+,+,-,-,+,+,-,-,-,-,-,-,-,0,+,0,0
z̞ː,-,-,+,+,-,-,-,+,+,-,-,+,+,-,-,-,-,-,-,-,0,+,0,0
ð̠̊,-,-,+,+,-,-,-,-,-,-,-,+,+,+,-,-,-,-,-,-,0,-,0,0
θ̠̊,-,-,+,+,-,-,-,-,-,-,-,+,+,+,-,-,-,-,-,-,0,-,0,0
θ̟,-,-,+,+,-,-,-,-,-,-,-,+,+,+,-,-,-,-,-,-,0,-,0,0
ð̠̊˔,-,-,+,+,-,-,-,-,-,-,-,+,+,+,-,-,-,-,-,-,0,-,0,0
θ̠̊˔,-,-,+,+,-,-,-,-,-,-,-,+,+,+,-,-,-,-,-,-,0,-,0,0
ð̝̊,-,-,+,+,-,-,-,-,-,-,-,+,+,+,-,-,-,-,-,-,0,-,0,0
θ̝̊,-,-,+,+,-,-,-,-,-,-,-,+,+,+,-,-,-,-,-,-,0,-,0,0
s̪̊,-,-,+,+,-,-,-,+,-,-,-,+,+,+,-,-,-,-,-,-,0,-,0,0
z̪̊,-,-,+,+,-,-,-,+,-,-,-,+,+,+,-,-,-,-,-,-,0,-,0,0
ð̪̊,-,-,+,+,-,-,-,-,-,-,-,+,+,+,-,-,-,-,-,-,0,-,0,0
θ̪̊,-,-,+,+,-,-,-,-,-,-,-,+,+,+,-,-,-,-,-,-,0,-,0,0
θ̠,-,-,+,+,-,-,-,-,-,-,-,+,+,+,-,-,-,-,-,-,0,-,0,0
s̪,-,-,+,+,-,-,-,+,-,-,-,+,+,+,-,-,-,-,-,-,0,-,0,0
θ̪,-,-,+,+,-,-,-,-,-,-,-,+,+,+,-,-,-,-,-,-,0,-,0,0
θ̝,-,-,+,+,-,-,-,-,-,-,-,+,+,+,-,-,-,-,-,-,0,-,0,0
θ˔,-,-,+,+,-,-,-,-,-,-,-,+,+,+,-,-,-,-,-,-,0,-,0,0
θ̞,-,-,+,+,-,-,-,-,-,-,-,+,+,+,-,-,-,-,-,-,0,-,0,0
ð̥,-,-,+,+,-,-,-,-,-,-,-,+,+,+,-,-,-,-,-,-,0,-,0,0
θ̥,-,-,+,+,-,-,-,-,-,-,-,+,+,+,-,-,-,-,-,-,0,-,0,0
θ,-,-,+,+,-,-,-,-,-,-,-,+,+,+,-,-,-,-,-,-,0,-,0,0
ð̊,-,-,+,+,-,-,-,-,-,-,-,+,+,+,-,-,-,-,-,-,0,-,0,0
θ̊,-,-,+,+,-,-,-,-,-,-,-,+,+,+,-,-,-,-,-,-,0,-,0,0
s̻,-,-,+,+,-,-,-,+,-,-,-,+,+,+,-,-,-,-,-,-,0,-,0,0
θ̻,-,-,+,+,-,-,-,-,-,-,-,+,+,+,-,-,-,-,-,-,0,-,0,0
ð̟,-,-,+,+,-,-,-,-,+,-,-,+,+,+,-,-,-,-,-,-,0,-,0,0
ð̠,-,-,+,+,-,-,-,-,+,-,-,+,+,+,-,-,-,-,-,-,0,-,0,0
z̪,-,-,+,+,-,-,-,+,+,-,-,+,+,+,-,-,-,-,-,-,0,-,0,0
ð̪,-,-,+,+,-,-,-,-,+,-,-,+,+,+,-,-,-,-,-,-,0,-,0,0
ð̝,-,-,+,+,-,-,-,-,+,-,-,+,+,+,-,-,-,-,-,-,0,-,0,0
ð˔,-,-,+,+,-,-,-,-,+,-,-,+,+,+,-,-,-,-,-,-,0,-,0,0
ð̞,-,-,+,+,-,-,-,-,+,-,-,+,+,+,-,-,-,-,-,-,0,-,0,0
ð,-,-,+,+,-,-,-,-,+,-,-,+,+,+,-,-,-,-,-,-,0,-,0,0
z̻,-,-,+,+,-,-,-,+,+,-,-,+,+,+,-,-,-,-,-,-,0,-,0,0
ð̻,-,-,+,+,-,-,-,-,+,-,-,+,+,+,-,-,-,-,-,-,0,-,0,0
θ̬,-,-,+,+,-,-,-,-,+,-,-,+,+,+,-,-,-,-,-,-,0,-,0,0
ð̥ː,-,-,+,+,-,-,-,-,-,-,-,+,+,+,-,-,-,-,-,-,0,+,0,0
θ̥ː,-,-,+,+,-,-,-,-,-,-,-,+,+,+,-,-,-,-,-,-,0,+,0,0
θ̟ː,-,-,+,+,-,-,-,-,-,-,-,+,+,+,-,-,-,-,-,-,0,+,0,0
θː,-,-,+,+,-,-,-,-,-,-,-,+,+,+,-,-,-,-,-,-,0,+,0,0
θˑ,-,-,+,+,-,-,-,-,-,-,-,+,+,+,-,-,-,-,-,-,0,+,0,0
θ̝ː,-,-,+,+,-,-,-,-,-,-,-,+,+,+,-,-,-,-,-,-,0,+,0,0
s̻̝ː,-,-,+,+,-,-,-,+,-,-,-,+,+,+,-,-,-,-,-,-,0,+,0,0
θ̻̝ː,-,-,+,+,-,-,-,-,-,-,-,+,+,+,-,-,-,-,-,-,0,+,0,0
θ̞ː,-,-,+,+,-,-,-,-,-,-,-,+,+,+,-,-,-,-,-,-,0,+,0,0
ðː,-,-,+,+,-,-,-,-,+,-,-,+,+,+,-,-,-,-,-,-,0,+,0,0
ð̟ː,-,-,+,+,-,-,-,-,+,-,-,+,+,+,-,-,-,-,-,-,0,+,0,0
ðˑ,-,-,+,+,-,-,-,-,+,-,-,+,+,+,-,-,-,-,-,-,0,+,0,0
ð̝ː,-,-,+,+,-,-,-,-,+,-,-,+,+,+,-,-,-,-,-,-,0,+,0,0
z̻̝ː,-,-,+,+,-,-,-,+,+,-,-,+,+,+,-,-,-,-,-,-,0,+,0,0
ð̻̝ː,-,-,+,+,-,-,-,-,+,-,-,+,+,+,-,-,-,-,-,-,0,+,0,0
ð̞ː,-,-,+,+,-,-,-,-,+,-,-,+,+,+,-,-,-,-,-,-,0,+,0,0
f̠̊,-,-,+,+,-,-,-,+,-,-,-,+,-,0,+,-,-,-,-,-,0,-,0,0
v̠̊,-,-,+,+,-,-,-,+,-,-,-,+,-,0,+,-,-,-,-,-,0,-,0,0
ɸ̠̊,-,-,+,+,-,-,-,-,-,-,-,+,-,0,+,-,-,-,-,-,0,-,0,0
β̠̊,-,-,+,+,-,-,-,-,-,-,-,+,-,0,+,-,-,-,-,-,0,-,0,0
f̟,-,-,+,+,-,-,-,+,-,-,-,+,-,0,+,-,-,-,-,-,0,-,0,0
ɸ̟,-,-,+,+,-,-,-,-,-,-,-,+,-,0,+,-,-,-,-,-,0,-,0,0
f̠̊˔,-,-,+,+,-,-,-,+,-,-,-,+,-,0,+,-,-,-,-,-,0,-,0,0
v̠̊˔,-,-,+,+,-,-,-,+,-,-,-,+,-,0,+,-,-,-,-,-,0,-,0,0
ɸ̠̊˔,-,-,+,+,-,-,-,-,-,-,-,+,-,0,+,-,-,-,-,-,0,-,0,0
β̠̊˔,-,-,+,+,-,-,-,-,-,-,-,+,-,0,+,-,-,-,-,-,0,-,0,0
f̝̊,-,-,+,+,-,-,-,+,-,-,-,+,-,0,+,-,-,-,-,-,0,-,0,0
v̝̊,-,-,+,+,-,-,-,+,-,-,-,+,-,0,+,-,-,-,-,-,0,-,0,0
ɸ̝̊,-,-,+,+,-,-,-,-,-,-,-,+,-,0,+,-,-,-,-,-,0,-,0,0
β̝̊,-,-,+,+,-,-,-,-,-,-,-,+,-,0,+,-,-,-,-,-,0,-,0,0
f̠,-,-,+,+,-,-,-,+,-,-,-,+,-,0,+,-,-,-,-,-,0,-,0,0
ɸ̠,-,-,+,+,-,-,-,-,-,-,-,+,-,0,+,-,-,-,-,-,0,-,0,0
f̝,-,-,+,+,-,-,-,+,-,-,-,+,-,0,+,-,-,-,-,-,0,-,0,0
ɸ̝,-,-,+,+,-,-,-,-,-,-,-,+,-,0,+,-,-,-,-,-,0,-,0,0
f˔,-,-,+,+,-,-,-,+,-,-,-,+,-,0,+,-,-,-,-,-,0,-,0,0
ɸ˔,-,-,+,+,-,-,-,-,-,-,-,+,-,0,+,-,-,-,-,-,0,-,0,0
f̞,-,-,+,+,-,-,-,+,-,-,-,+,-,0,+,-,-,-,-,-,0,-,0,0
ɸ̞,-,-,+,+,-,-,-,-,-,-,-,+,-,0,+,-,-,-,-,-,0,-,0,0
f̥,-,-,+,+,-,-,-,+,-,-,-,+,-,0,+,-,-,-,-,-,0,-,0,0
v̥,-,-,+,+,-,-,-,+,-,-,-,+,-,0,+,-,-,-,-,-,0,-,0,0
ɸ̥,-,-,+,+,-,-,-,-,-,-,-,+,-,0,+,-,-,-,-,-,0,-,0,0
β̥,-,-,+,+,-,-,-,-,-,-,-,+,-,0,+,-,-,-,-,-,0,-,0,0
f,-,-,+,+,-,-,-,+,-,-,-,+,-,0,+,-,-,-,-,-,0,-,0,0
ɸ,-,-,+,+,-,-,-,-,-,-,-,+,-,0,+,-,-,-,-,-,0,-,0,0
f̊,-,-,+,+,-,-,-,+,-,-,-,+,-,0,+,-,-,-,-,-,0,-,0,0
v̊,-,-,+,+,-,-,-,+,-,-,-,+,-,0,+,-,-,-,-,-,0,-,0,0
ɸ̊,-,-,+,+,-,-,-,-,-,-,-,+,-,0,+,-,-,-,-,-,0,-,0,0
β̊,-,-,+,+,-,-,-,-,-,-,-,+,-,0,+,-,-,-,-,-,0,-,0,0
v̟,-,-,+,+,-,-,-,+,+,-,-,+,-,0,+,-,-,-,-,-,0,-,0,0
β̟,-,-,+,+,-,-,-,-,+,-,-,+,-,0,+,-,-,-,-,-,0,-,0,0
v̠,-,-,+,+,-,-,-,+,+,-,-,+,-,0,+,-,-,-,-,-,0,-,0,0
β̠,-,-,+,+,-,-,-,-,+,-,-,+,-,0,+,-,-,-,-,-,0,-,0,0
v̝,-,-,+,+,-,-,-,+,+,-,-,+,-,0,+,-,-,-,-,-,0,-,0,0
β̝,-,-,+,+,-,-,-,-,+,-,-,+,-,0,+,-,-,-,-,-,0,-,0,0
v˔,-,-,+,+,-,-,-,+,+,-,-,+,-,0,+,-,-,-,-,-,0,-,0,0
β˔,-,-,+,+,-,-,-,-,+,-,-,+,-,0,+,-,-,-,-,-,0,-,0,0
v̞,-,-,+,+,-,-,-,+,+,-,-,+,-,0,+,-,-,-,-,-,0,-,0,0
β̞,-,-,+,+,-,-,-,-,+,-,-,+,-,0,+,-,-,-,-,-,0,-,0,0
v,-,-,+,+,-,-,-,+,+,-,-,+,-,0,+,-,-,-,-,-,0,-,0,0
β,-,-,+,+,-,-,-,-,+,-,-,+,-,0,+,-,-,-,-,-,0,-,0,0
f̬,-,-,+,+,-,-,-,+,+,-,-,+,-,0,+,-,-,-,-,-,0,-,0,0
ɸ̬,-,-,+,+,-,-,-,-,+,-,-,+,-,0,+,-,-,-,-,-,0,-,0,0
fː,-,-,+,+,-,-,-,+,-,-,-,+,-,0,+,-,-,-,-,-,0,+,0,0
ɸː,-,-,+,+,-,-,-,-,-,-,-,+,-,0,+,-,-,-,-,-,0,+,0,0
f̥ː,-,-,+,+,-,-,-,+,-,-,-,+,-,0,+,-,-,-,-,-,0,+,0,0
v̥ː,-,-,+,+,-,-,-,+,-,-,-,+,-,0,+,-,-,-,-,-,0,+,0,0
ɸ̥ː,-,-,+,+,-,-,-,-,-,-,-,+,-,0,+,-,-,-,-,-,0,+,0,0
β̥ː,-,-,+,+,-,-,-,-,-,-,-,+,-,0,+,-,-,-,-,-,0,+,0,0
f̟ː,-,-,+,+,-,-,-,+,-,-,-,+,-,0,+,-,-,-,-,-,0,+,0,0
ɸ̟ː,-,-,+,+,-,-,-,-,-,-,-,+,-,0,+,-,-,-,-,-,0,+,0,0
fˑ,-,-,+,+,-,-,-,+,-,-,-,+,-,0,+,-,-,-,-,-,0,+,0,0
ɸˑ,-,-,+,+,-,-,-,-,-,-,-,+,-,0,+,-,-,-,-,-,0,+,0,0
f̝ː,-,-,+,+,-,-,-,+,-,-,-,+,-,0,+,-,-,-,-,-,0,+,0,0
ɸ̝ː,-,-,+,+,-,-,-,-,-,-,-,+,-,0,+,-,-,-,-,-,0,+,0,0
f̞ː,-,-,+,+,-,-,-,+,-,-,-,+,-,0,+,-,-,-,-,-,0,+,0,0
ɸ̞ː,-,-,+,+,-,-,-,-,-,-,-,+,-,0,+,-,-,-,-,-,0,+,0,0
vː,-,-,+,+,-,-,-,+,+,-,-,+,-,0,+,-,-,-,-,-,0,+,0,0
βː,-,-,+,+,-,-,-,-,+,-,-,+,-,0,+,-,-,-,-,-,0,+,0,0
v̟ː,-,-,+,+,-,-,-,+,+,-,-,+,-,0,+,-,-,-,-,-,0,+,0,0
β̟ː,-,-,+,+,-,-,-,-,+,-,-,+,-,0,+,-,-,-,-,-,0,+,0,0
vˑ,-,-,+,+,-,-,-,+,+,-,-,+,-,0,+,-,-,-,-,-,0,+,0,0
βˑ,-,-,+,+,-,-,-,-,+,-,-,+,-,0,+,-,-,-,-,-,0,+,0,0
v̝ː,-,-,+,+,-,-,-,+,+,-,-,+,-,0,+,-,-,-,-,-,0,+,0,0
β̝ː,-,-,+,+,-,-,-,-,+,-,-,+,-,0,+,-,-,-,-,-,0,+,0,0
v̞ː,-,-,+,+,-,-,-,+,+,-,-,+,-,0,+,-,-,-,-,-,0,+,0,0
β̞ː,-,-,+,+,-,-,-,-,+,-,-,+,-,0,+,-,-,-,-,-,0,+,0,0
θ̼,-,-,+,+,-,-,-,-,-,-,-,+,+,+,+,-,-,-,-,-,0,-,0,0
ð̼,-,-,+,+,-,-,-,-,+,-,-,+,+,+,+,-,-,-,-,-,0,-,0,0
ħ̥ˤ,-,-,+,+,-,-,-,-,-,-,-,-,-,0,-,-,+,+,-,-,0,-,0,0
ʁ̥ˤ,-,-,+,+,-,-,-,+,-,-,-,-,-,0,-,-,+,+,-,-,0,-,0,0
ʕ̥ˤ,-,-,+,+,-,-,-,-,-,-,-,-,-,0,-,-,+,+,-,-,0,-,0,0
χ̥ˤ,-,-,+,+,-,-,-,+,-,-,-,-,-,0,-,-,+,+,-,-,0,-,0,0
ʕ̠̊,-,-,+,+,-,-,-,-,-,-,-,-,-,0,-,-,+,+,-,-,0,-,0,0
ħ̟,-,-,+,+,-,-,-,-,-,-,-,-,-,0,-,-,+,+,-,-,0,-,0,0
ħ̠̊˔,-,-,+,+,-,-,-,-,-,-,-,-,-,0,-,-,+,+,-,-,0,-,0,0
ʕ̠̊˔,-,-,+,+,-,-,-,-,-,-,-,-,-,0,-,-,+,+,-,-,0,-,0,0
ħ̝̊,-,-,+,+,-,-,-,-,-,-,-,-,-,0,-,-,+,+,-,-,0,-,0,0
ʕ̝̊,-,-,+,+,-,-,-,-,-,-,-,-,-,0,-,-,+,+,-,-,0,-,0,0
ħ̠,-,-,+,+,-,-,-,-,-,-,-,-,-,0,-,-,+,+,-,-,0,-,0,0
ħ̠̊,-,-,+,+,-,-,-,-,-,-,-,-,-,0,-,-,+,+,-,-,0,-,0,0
χˤ,-,-,+,+,-,-,-,+,-,-,-,-,-,0,-,-,+,+,-,-,0,-,0,0
ħ̝,-,-,+,+,-,-,-,-,-,-,-,-,-,0,-,-,+,+,-,-,0,-,0,0
ħ˔,-,-,+,+,-,-,-,-,-,-,-,-,-,0,-,-,+,+,-,-,0,-,0,0
ħ̞,-,-,+,+,-,-,-,-,-,-,-,-,-,0,-,-,+,+,-,-,0,-,0,0
ħ̥,-,-,+,+,-,-,-,-,-,-,-,-,-,0,-,-,+,+,-,-,0,-,0,0
ʕ̥,-,-,+,+,-,-,-,-,-,-,-,-,-,0,-,-,+,+,-,-,0,-,0,0
ħ,-,-,+,+,-,-,-,-,-,-,-,-,-,0,-,-,+,+,-,-,0,-,0,0
ħ̊,-,-,+,+,-,-,-,-,-,-,-,-,-,0,-,-,+,+,-,-,0,-,0,0
ʕ̊,-,-,+,+,-,-,-,-,-,-,-,-,-,0,-,-,+,+,-,-,0,-,0,0
ʕ̟,-,-,+,+,-,-,-,-,+,-,-,-,-,0,-,-,+,+,-,-,0,-,0,0
ʕ̠,-,-,+,+,-,-,-,-,+,-,-,-,-,0,-,-,+,+,-,-,0,-,0,0
ʁˤ,-,-,+,+,-,-,-,+,+,-,-,-,-,0,-,-,+,+,-,-,0,-,0,0
ʕ̝,-,-,+,+,-,-,-,-,+,-,-,-,-,0,-,-,+,+,-,-,0,-,0,0
ʕ˔,-,-,+,+,-,-,-,-,+,-,-,-,-,0,-,-,+,+,-,-,0,-,0,0
ʕ̞,-,-,+,+,-,-,-,-,+,-,-,-,-,0,-,-,+,+,-,-,0,-,0,0
ʕ,-,-,+,+,-,-,-,-,+,-,-,-,-,0,-,-,+,+,-,-,0,-,0,0
ħ̬,-,-,+,+,-,-,-,-,+,-,-,-,-,0,-,-,+,+,-,-,0,-,0,0
ħː,-,-,+,+,-,-,-,-,-,-,-,-,-,0,-,-,+,+,-,-,0,+,0,0
ħ̥ː,-,-,+,+,-,-,-,-,-,-,-,-,-,0,-,-,+,+,-,-,0,+,0,0
ʕ̥ː,-,-,+,+,-,-,-,-,-,-,-,-,-,0,-,-,+,+,-,-,0,+,0,0
ħ̟ː,-,-,+,+,-,-,-,-,-,-,-,-,-,0,-,-,+,+,-,-,0,+,0,0
ħˑ,-,-,+,+,-,-,-,-,-,-,-,-,-,0,-,-,+,+,-,-,0,+,0,0
ħ̝ː,-,-,+,+,-,-,-,-,-,-,-,-,-,0,-,-,+,+,-,-,0,+,0,0
ħ̞ː,-,-,+,+,-,-,-,-,-,-,-,-,-,0,-,-,+,+,-,-,0,+,0,0
χˤː,-,-,+,+,-,-,-,+,-,-,-,-,-,0,-,-,+,+,-,-,0,+,0,0
ħːˤ,-,-,+,+,-,-,-,-,-,-,-,-,-,0,-,-,+,+,-,-,0,+,0,0
χːˤ,-,-,+,+,-,-,-,+,-,-,-,-,-,0,-,-,+,+,-,-,0,+,0,0
ʕː,-,-,+,+,-,-,-,-,+,-,-,-,-,0,-,-,+,+,-,-,0,+,0,0
ʕ̟ː,-,-,+,+,-,-,-,-,+,-,-,-,-,0,-,-,+,+,-,-,0,+,0,0
ʕˑ,-,-,+,+,-,-,-,-,+,-,-,-,-,0,-,-,+,+,-,-,0,+,0,0
ʕ̝ː,-,-,+,+,-,-,-,-,+,-,-,-,-,0,-,-,+,+,-,-,0,+,0,0
ʕ̞ː,-,-,+,+,-,-,-,-,+,-,-,-,-,0,-,-,+,+,-,-,0,+,0,0
ʁˤː,-,-,+,+,-,-,-,+,+,-,-,-,-,0,-,-,+,+,-,-,0,+,0,0
ʁːˤ,-,-,+,+,-,-,-,+,+,-,-,-,-,0,-,-,+,+,-,-,0,+,0,0
ʕːˤ,-,-,+,+,-,-,-,-,+,-,-,-,-,0,-,-,+,+,-,-,0,+,0,0
ʂ̥ˤ,-,-,+,+,-,-,-,+,-,-,-,-,+,-,-,-,+,+,-,-,0,-,0,0
ʐ̥ˤ,-,-,+,+,-,-,-,+,-,-,-,-,+,-,-,-,+,+,-,-,0,-,0,0
ʂˤ,-,-,+,+,-,-,-,+,-,-,-,-,+,-,-,-,+,+,-,-,0,-,0,0
ʐˤ,-,-,+,+,-,-,-,+,+,-,-,-,+,-,-,-,+,+,-,-,0,-,0,0
ʂˤː,-,-,+,+,-,-,-,+,-,-,-,-,+,-,-,-,+,+,-,-,0,+,0,0
ʂːˤ,-,-,+,+,-,-,-,+,-,-,-,-,+,-,-,-,+,+,-,-,0,+,0,0
ʐˤː,-,-,+,+,-,-,-,+,+,-,-,-,+,-,-,-,+,+,-,-,0,+,0,0
ʐːˤ,-,-,+,+,-,-,-,+,+,-,-,-,+,-,-,-,+,+,-,-,0,+,0,0
ʃ̥ˤ,-,-,+,+,-,-,-,+,-,-,-,-,+,+,-,-,+,+,-,-,0,-,0,0
ʒ̥ˤ,-,-,+,+,-,-,-,+,-,-,-,-,+,+,-,-,+,+,-,-,0,-,0,0
ʃˤ,-,-,+,+,-,-,-,+,-,-,-,-,+,+,-,-,+,+,-,-,0,-,0,0
ʒˤ,-,-,+,+,-,-,-,+,+,-,-,-,+,+,-,-,+,+,-,-,0,-,0,0
ʃˤː,-,-,+,+,-,-,-,+,-,-,-,-,+,+,-,-,+,+,-,-,0,+,0,0
ʃːˤ,-,-,+,+,-,-,-,+,-,-,-,-,+,+,-,-,+,+,-,-,0,+,0,0
ʒˤː,-,-,+,+,-,-,-,+,+,-,-,-,+,+,-,-,+,+,-,-,0,+,0,0
ʒːˤ,-,-,+,+,-,-,-,+,+,-,-,-,+,+,-,-,+,+,-,-,0,+,0,0
s̥ˤ,-,-,+,+,-,-,-,+,-,-,-,+,+,-,-,-,+,+,-,-,0,-,0,0
z̥ˤ,-,-,+,+,-,-,-,+,-,-,-,+,+,-,-,-,+,+,-,-,0,-,0,0
sˤ,-,-,+,+,-,-,-,+,-,-,-,+,+,-,-,-,+,+,-,-,0,-,0,0
zˤ,-,-,+,+,-,-,-,+,+,-,-,+,+,-,-,-,+,+,-,-,0,-,0,0
sˤː,-,-,+,+,-,-,-,+,-,-,-,+,+,-,-,-,+,+,-,-,0,+,0,0
sːˤ,-,-,+,+,-,-,-,+,-,-,-,+,+,-,-,-,+,+,-,-,0,+,0,0
zˤː,-,-,+,+,-,-,-,+,+,-,-,+,+,-,-,-,+,+,-,-,0,+,0,0
zːˤ,-,-,+,+,-,-,-,+,+,-,-,+,+,-,-,-,+,+,-,-,0,+,0,0
ð̥ˤ,-,-,+,+,-,-,-,-,-,-,-,+,+,+,-,-,+,+,-,-,0,-,0,0
θ̥ˤ,-,-,+,+,-,-,-,-,-,-,-,+,+,+,-,-,+,+,-,-,0,-,0,0
θˤ,-,-,+,+,-,-,-,-,-,-,-,+,+,+,-,-,+,+,-,-,0,-,0,0
ðˤ,-,-,+,+,-,-,-,-,+,-,-,+,+,+,-,-,+,+,-,-,0,-,0,0
θˤː,-,-,+,+,-,-,-,-,-,-,-,+,+,+,-,-,+,+,-,-,0,+,0,0
θːˤ,-,-,+,+,-,-,-,-,-,-,-,+,+,+,-,-,+,+,-,-,0,+,0,0
ðˤː,-,-,+,+,-,-,-,-,+,-,-,+,+,+,-,-,+,+,-,-,0,+,0,0
ðːˤ,-,-,+,+,-,-,-,-,+,-,-,+,+,+,-,-,+,+,-,-,0,+,0,0
f̥ˤ,-,-,+,+,-,-,-,+,-,-,-,+,-,0,+,-,+,+,-,-,0,-,0,0
v̥ˤ,-,-,+,+,-,-,-,+,-,-,-,+,-,0,+,-,+,+,-,-,0,-,0,0
ɸ̥ˤ,-,-,+,+,-,-,-,-,-,-,-,+,-,0,+,-,+,+,-,-,0,-,0,0
β̥ˤ,-,-,+,+,-,-,-,-,-,-,-,+,-,0,+,-,+,+,-,-,0,-,0,0
fˤ,-,-,+,+,-,-,-,+,-,-,-,+,-,0,+,-,+,+,-,-,0,-,0,0
ɸˤ,-,-,+,+,-,-,-,-,-,-,-,+,-,0,+,-,+,+,-,-,0,-,0,0
vˤ,-,-,+,+,-,-,-,+,+,-,-,+,-,0,+,-,+,+,-,-,0,-,0,0
βˤ,-,-,+,+,-,-,-,-,+,-,-,+,-,0,+,-,+,+,-,-,0,-,0,0
fˤː,-,-,+,+,-,-,-,+,-,-,-,+,-,0,+,-,+,+,-,-,0,+,0,0
ɸˤː,-,-,+,+,-,-,-,-,-,-,-,+,-,0,+,-,+,+,-,-,0,+,0,0
fːˤ,-,-,+,+,-,-,-,+,-,-,-,+,-,0,+,-,+,+,-,-,0,+,0,0
ɸːˤ,-,-,+,+,-,-,-,-,-,-,-,+,-,0,+,-,+,+,-,-,0,+,0,0
vˤː,-,-,+,+,-,-,-,+,+,-,-,+,-,0,+,-,+,+,-,-,0,+,0,0
βˤː,-,-,+,+,-,-,-,-,+,-,-,+,-,0,+,-,+,+,-,-,0,+,0,0
vːˤ,-,-,+,+,-,-,-,+,+,-,-,+,-,0,+,-,+,+,-,-,0,+,0,0
βːˤ,-,-,+,+,-,-,-,-,+,-,-,+,-,0,+,-,+,+,-,-,0,+,0,0
ʝ̠̊,-,-,+,+,-,-,-,-,-,-,-,-,-,0,-,+,-,-,-,-,0,-,0,0
ç̟,-,-,+,+,-,-,-,-,-,-,-,-,-,0,-,+,-,-,-,-,0,-,0,0
ç̠̊˔,-,-,+,+,-,-,-,-,-,-,-,-,-,0,-,+,-,-,-,-,0,-,0,0
ʝ̠̊˔,-,-,+,+,-,-,-,-,-,-,-,-,-,0,-,+,-,-,-,-,0,-,0,0
ç̝̊,-,-,+,+,-,-,-,-,-,-,-,-,-,0,-,+,-,-,-,-,0,-,0,0
ʝ̝̊,-,-,+,+,-,-,-,-,-,-,-,-,-,0,-,+,-,-,-,-,0,-,0,0
ç̠,-,-,+,+,-,-,-,-,-,-,-,-,-,0,-,+,-,-,-,-,0,-,0,0
ç̠̊,-,-,+,+,-,-,-,-,-,-,-,-,-,0,-,+,-,-,-,-,0,-,0,0
xʲ,-,-,+,+,-,-,-,-,-,-,-,-,-,0,-,+,-,-,-,-,0,-,0,0
çʲ,-,-,+,+,-,-,-,-,-,-,-,-,-,0,-,+,-,-,-,-,0,-,0,0
χʲ,-,-,+,+,-,-,-,+,-,-,-,-,-,0,-,+,-,-,-,-,0,-,0,0
ç̝,-,-,+,+,-,-,-,-,-,-,-,-,-,0,-,+,-,-,-,-,0,-,0,0
ç˔,-,-,+,+,-,-,-,-,-,-,-,-,-,0,-,+,-,-,-,-,0,-,0,0
ç̞,-,-,+,+,-,-,-,-,-,-,-,-,-,0,-,+,-,-,-,-,0,-,0,0
ç̥,-,-,+,+,-,-,-,-,-,-,-,-,-,0,-,+,-,-,-,-,0,-,0,0
ʝ̥,-,-,+,+,-,-,-,-,-,-,-,-,-,0,-,+,-,-,-,-,0,-,0,0
ç,-,-,+,+,-,-,-,-,-,-,-,-,-,0,-,+,-,-,-,-,0,-,0,0
ç̊,-,-,+,+,-,-,-,-,-,-,-,-,-,0,-,+,-,-,-,-,0,-,0,0
ʝ̊,-,-,+,+,-,-,-,-,-,-,-,-,-,0,-,+,-,-,-,-,0,-,0,0
x̥ʲ,-,-,+,+,-,-,-,-,-,-,-,-,-,0,-,+,-,-,-,-,0,-,0,0
ç̥ʲ,-,-,+,+,-,-,-,-,-,-,-,-,-,0,-,+,-,-,-,-,0,-,0,0
ɣ̥ʲ,-,-,+,+,-,-,-,-,-,-,-,-,-,0,-,+,-,-,-,-,0,-,0,0
ʁ̥ʲ,-,-,+,+,-,-,-,+,-,-,-,-,-,0,-,+,-,-,-,-,0,-,0,0
ʝ̥ʲ,-,-,+,+,-,-,-,-,-,-,-,-,-,0,-,+,-,-,-,-,0,-,0,0
χ̥ʲ,-,-,+,+,-,-,-,+,-,-,-,-,-,0,-,+,-,-,-,-,0,-,0,0
ʝ̟,-,-,+,+,-,-,-,-,+,-,-,-,-,0,-,+,-,-,-,-,0,-,0,0
ʝ̠,-,-,+,+,-,-,-,-,+,-,-,-,-,0,-,+,-,-,-,-,0,-,0,0
ɣʲ,-,-,+,+,-,-,-,-,+,-,-,-,-,0,-,+,-,-,-,-,0,-,0,0
ʁʲ,-,-,+,+,-,-,-,+,+,-,-,-,-,0,-,+,-,-,-,-,0,-,0,0
ʝʲ,-,-,+,+,-,-,-,-,+,-,-,-,-,0,-,+,-,-,-,-,0,-,0,0
ʝ̝,-,-,+,+,-,-,-,-,+,-,-,-,-,0,-,+,-,-,-,-,0,-,0,0
ʝ˔,-,-,+,+,-,-,-,-,+,-,-,-,-,0,-,+,-,-,-,-,0,-,0,0
ʝ̞,-,-,+,+,-,-,-,-,+,-,-,-,-,0,-,+,-,-,-,-,0,-,0,0
ʝ,-,-,+,+,-,-,-,-,+,-,-,-,-,0,-,+,-,-,-,-,0,-,0,0
ç̬,-,-,+,+,-,-,-,-,+,-,-,-,-,0,-,+,-,-,-,-,0,-,0,0
çː,-,-,+,+,-,-,-,-,-,-,-,-,-,0,-,+,-,-,-,-,0,+,0,0
ç̥ː,-,-,+,+,-,-,-,-,-,-,-,-,-,0,-,+,-,-,-,-,0,+,0,0
ʝ̥ː,-,-,+,+,-,-,-,-,-,-,-,-,-,0,-,+,-,-,-,-,0,+,0,0
xʲː,-,-,+,+,-,-,-,-,-,-,-,-,-,0,-,+,-,-,-,-,0,+,0,0
çʲː,-,-,+,+,-,-,-,-,-,-,-,-,-,0,-,+,-,-,-,-,0,+,0,0
χʲː,-,-,+,+,-,-,-,+,-,-,-,-,-,0,-,+,-,-,-,-,0,+,0,0
ç̟ː,-,-,+,+,-,-,-,-,-,-,-,-,-,0,-,+,-,-,-,-,0,+,0,0
çˑ,-,-,+,+,-,-,-,-,-,-,-,-,-,0,-,+,-,-,-,-,0,+,0,0
ç̝ː,-,-,+,+,-,-,-,-,-,-,-,-,-,0,-,+,-,-,-,-,0,+,0,0
ç̞ː,-,-,+,+,-,-,-,-,-,-,-,-,-,0,-,+,-,-,-,-,0,+,0,0
xːʲ,-,-,+,+,-,-,-,-,-,-,-,-,-,0,-,+,-,-,-,-,0,+,0,0
çːʲ,-,-,+,+,-,-,-,-,-,-,-,-,-,0,-,+,-,-,-,-,0,+,0,0
χːʲ,-,-,+,+,-,-,-,+,-,-,-,-,-,0,-,+,-,-,-,-,0,+,0,0
ʝː,-,-,+,+,-,-,-,-,+,-,-,-,-,0,-,+,-,-,-,-,0,+,0,0
ɣʲː,-,-,+,+,-,-,-,-,+,-,-,-,-,0,-,+,-,-,-,-,0,+,0,0
ʁʲː,-,-,+,+,-,-,-,+,+,-,-,-,-,0,-,+,-,-,-,-,0,+,0,0
ʝʲː,-,-,+,+,-,-,-,-,+,-,-,-,-,0,-,+,-,-,-,-,0,+,0,0
ʝ̟ː,-,-,+,+,-,-,-,-,+,-,-,-,-,0,-,+,-,-,-,-,0,+,0,0
ʝˑ,-,-,+,+,-,-,-,-,+,-,-,-,-,0,-,+,-,-,-,-,0,+,0,0
ʝ̝ː,-,-,+,+,-,-,-,-,+,-,-,-,-,0,-,+,-,-,-,-,0,+,0,0
ʝ̞ː,-,-,+,+,-,-,-,-,+,-,-,-,-,0,-,+,-,-,-,-,0,+,0,0
ɣːʲ,-,-,+,+,-,-,-,-,+,-,-,-,-,0,-,+,-,-,-,-,0,+,0,0
ʁːʲ,-,-,+,+,-,-,-,+,+,-,-,-,-,0,-,+,-,-,-,-,0,+,0,0
ʝːʲ,-,-,+,+,-,-,-,-,+,-,-,-,-,0,-,+,-,-,-,-,0,+,0,0
xᶣ,-,-,+,+,-,-,-,-,-,-,-,-,-,0,-,+,-,-,+,-,0,-,0,0
çᶣ,-,-,+,+,-,-,-,-,-,-,-,-,-,0,-,+,-,-,+,-,0,-,0,0
χᶣ,-,-,+,+,-,-,-,+,-,-,-,-,-,0,-,+,-,-,+,-,0,-,0,0
ɣᶣ,-,-,+,+,-,-,-,-,+,-,-,-,-,0,-,+,-,-,+,-,0,-,0,0
ʁᶣ,-,-,+,+,-,-,-,+,+,-,-,-,-,0,-,+,-,-,+,-,0,-,0,0
ʝᶣ,-,-,+,+,-,-,-,-,+,-,-,-,-,0,-,+,-,-,+,-,0,-,0,0
ɣ̠̊,-,-,+,+,-,-,-,-,-,-,-,-,-,0,-,+,-,+,-,-,0,-,0,0
x̟,-,-,+,+,-,-,-,-,-,-,-,-,-,0,-,+,-,+,-,-,0,-,0,0
x̠̊˔,-,-,+,+,-,-,-,-,-,-,-,-,-,0,-,+,-,+,-,-,0,-,0,0
ɣ̠̊˔,-,-,+,+,-,-,-,-,-,-,-,-,-,0,-,+,-,+,-,-,0,-,0,0
x̝̊,-,-,+,+,-,-,-,-,-,-,-,-,-,0,-,+,-,+,-,-,0,-,0,0
ɣ̝̊,-,-,+,+,-,-,-,-,-,-,-,-,-,0,-,+,-,+,-,-,0,-,0,0
x̠,-,-,+,+,-,-,-,-,-,-,-,-,-,0,-,+,-,+,-,-,0,-,0,0
x̠̊,-,-,+,+,-,-,-,-,-,-,-,-,-,0,-,+,-,+,-,-,0,-,0,0
çˠ,-,-,+,+,-,-,-,-,-,-,-,-,-,0,-,+,-,+,-,-,0,-,0,0
χˠ,-,-,+,+,-,-,-,+,-,-,-,-,-,0,-,+,-,+,-,-,0,-,0,0
x̝,-,-,+,+,-,-,-,-,-,-,-,-,-,0,-,+,-,+,-,-,0,-,0,0
x˔,-,-,+,+,-,-,-,-,-,-,-,-,-,0,-,+,-,+,-,-,0,-,0,0
x̞,-,-,+,+,-,-,-,-,-,-,-,-,-,0,-,+,-,+,-,-,0,-,0,0
x̥,-,-,+,+,-,-,-,-,-,-,-,-,-,0,-,+,-,+,-,-,0,-,0,0
ɣ̥,-,-,+,+,-,-,-,-,-,-,-,-,-,0,-,+,-,+,-,-,0,-,0,0
x,-,-,+,+,-,-,-,-,-,-,-,-,-,0,-,+,-,+,-,-,0,-,0,0
x̊,-,-,+,+,-,-,-,-,-,-,-,-,-,0,-,+,-,+,-,-,0,-,0,0
ɣ̊,-,-,+,+,-,-,-,-,-,-,-,-,-,0,-,+,-,+,-,-,0,-,0,0
x̥ˠ,-,-,+,+,-,-,-,-,-,-,-,-,-,0,-,+,-,+,-,-,0,-,0,0
ç̥ˠ,-,-,+,+,-,-,-,-,-,-,-,-,-,0,-,+,-,+,-,-,0,-,0,0
ɣ̥ˠ,-,-,+,+,-,-,-,-,-,-,-,-,-,0,-,+,-,+,-,-,0,-,0,0
ʁ̥ˠ,-,-,+,+,-,-,-,+,-,-,-,-,-,0,-,+,-,+,-,-,0,-,0,0
ʝ̥ˠ,-,-,+,+,-,-,-,-,-,-,-,-,-,0,-,+,-,+,-,-,0,-,0,0
χ̥ˠ,-,-,+,+,-,-,-,+,-,-,-,-,-,0,-,+,-,+,-,-,0,-,0,0
ɣ̟,-,-,+,+,-,-,-,-,+,-,-,-,-,0,-,+,-,+,-,-,0,-,0,0
ɣ̠,-,-,+,+,-,-,-,-,+,-,-,-,-,0,-,+,-,+,-,-,0,-,0,0
ʁˠ,-,-,+,+,-,-,-,+,+,-,-,-,-,0,-,+,-,+,-,-,0,-,0,0
ʝˠ,-,-,+,+,-,-,-,-,+,-,-,-,-,0,-,+,-,+,-,-,0,-,0,0
ɣ̝,-,-,+,+,-,-,-,-,+,-,-,-,-,0,-,+,-,+,-,-,0,-,0,0
ɣ˔,-,-,+,+,-,-,-,-,+,-,-,-,-,0,-,+,-,+,-,-,0,-,0,0
ɣ̞,-,-,+,+,-,-,-,-,+,-,-,-,-,0,-,+,-,+,-,-,0,-,0,0
ɣ,-,-,+,+,-,-,-,-,+,-,-,-,-,0,-,+,-,+,-,-,0,-,0,0
x̬,-,-,+,+,-,-,-,-,+,-,-,-,-,0,-,+,-,+,-,-,0,-,0,0
xː,-,-,+,+,-,-,-,-,-,-,-,-,-,0,-,+,-,+,-,-,0,+,0,0
x̥ː,-,-,+,+,-,-,-,-,-,-,-,-,-,0,-,+,-,+,-,-,0,+,0,0
ɣ̥ː,-,-,+,+,-,-,-,-,-,-,-,-,-,0,-,+,-,+,-,-,0,+,0,0
x̟ː,-,-,+,+,-,-,-,-,-,-,-,-,-,0,-,+,-,+,-,-,0,+,0,0
x̝ː,-,-,+,+,-,-,-,-,-,-,-,-,-,0,-,+,-,+,-,-,0,+,0,0
xˑ,-,-,+,+,-,-,-,-,-,-,-,-,-,0,-,+,-,+,-,-,0,+,0,0
x̞ː,-,-,+,+,-,-,-,-,-,-,-,-,-,0,-,+,-,+,-,-,0,+,0,0
xːˠ,-,-,+,+,-,-,-,-,-,-,-,-,-,0,-,+,-,+,-,-,0,+,0,0
çːˠ,-,-,+,+,-,-,-,-,-,-,-,-,-,0,-,+,-,+,-,-,0,+,0,0
χːˠ,-,-,+,+,-,-,-,+,-,-,-,-,-,0,-,+,-,+,-,-,0,+,0,0
ɣː,-,-,+,+,-,-,-,-,+,-,-,-,-,0,-,+,-,+,-,-,0,+,0,0
ɣ̟ː,-,-,+,+,-,-,-,-,+,-,-,-,-,0,-,+,-,+,-,-,0,+,0,0
ɣˑ,-,-,+,+,-,-,-,-,+,-,-,-,-,0,-,+,-,+,-,-,0,+,0,0
ɣ̝ː,-,-,+,+,-,-,-,-,+,-,-,-,-,0,-,+,-,+,-,-,0,+,0,0
ɣ̞ː,-,-,+,+,-,-,-,-,+,-,-,-,-,0,-,+,-,+,-,-,0,+,0,0
ɣːˠ,-,-,+,+,-,-,-,-,+,-,-,-,-,0,-,+,-,+,-,-,0,+,0,0
ʁːˠ,-,-,+,+,-,-,-,+,+,-,-,-,-,0,-,+,-,+,-,-,0,+,0,0
ʝːˠ,-,-,+,+,-,-,-,-,+,-,-,-,-,0,-,+,-,+,-,-,0,+,0,0
x̠̊˔ʷ,-,-,+,+,-,-,-,-,-,-,-,-,-,0,-,+,-,+,+,-,0,-,0,0
ç̠̊˔ʷ,-,-,+,+,-,-,-,-,-,-,-,-,-,0,-,+,-,+,+,-,0,-,0,0
ɣ̠̊˔ʷ,-,-,+,+,-,-,-,-,-,-,-,-,-,0,-,+,-,+,+,-,0,-,0,0
ʁ̠̊˔ʷ,-,-,+,+,-,-,-,+,-,-,-,-,-,0,-,+,-,+,+,-,0,-,0,0
ʝ̠̊˔ʷ,-,-,+,+,-,-,-,-,-,-,-,-,-,0,-,+,-,+,+,-,0,-,0,0
χ̠̊˔ʷ,-,-,+,+,-,-,-,+,-,-,-,-,-,0,-,+,-,+,+,-,0,-,0,0
xʲʷ,-,-,+,+,-,-,-,-,-,-,-,-,-,0,-,+,-,+,+,-,0,-,0,0
çʲʷ,-,-,+,+,-,-,-,-,-,-,-,-,-,0,-,+,-,+,+,-,0,-,0,0
χʲʷ,-,-,+,+,-,-,-,+,-,-,-,-,-,0,-,+,-,+,+,-,0,-,0,0
x̝ʷ,-,-,+,+,-,-,-,-,-,-,-,-,-,0,-,+,-,+,+,-,0,-,0,0
x̝̊ʷ,-,-,+,+,-,-,-,-,-,-,-,-,-,0,-,+,-,+,+,-,0,-,0,0
ç̝̊ʷ,-,-,+,+,-,-,-,-,-,-,-,-,-,0,-,+,-,+,+,-,0,-,0,0
ɣ̝̊ʷ,-,-,+,+,-,-,-,-,-,-,-,-,-,0,-,+,-,+,+,-,0,-,0,0
ʁ̝̊ʷ,-,-,+,+,-,-,-,+,-,-,-,-,-,0,-,+,-,+,+,-,0,-,0,0
ʝ̝̊ʷ,-,-,+,+,-,-,-,-,-,-,-,-,-,0,-,+,-,+,+,-,0,-,0,0
χ̝̊ʷ,-,-,+,+,-,-,-,+,-,-,-,-,-,0,-,+,-,+,+,-,0,-,0,0
ç̝ʷ,-,-,+,+,-,-,-,-,-,-,-,-,-,0,-,+,-,+,+,-,0,-,0,0
χ̝ʷ,-,-,+,+,-,-,-,+,-,-,-,-,-,0,-,+,-,+,+,-,0,-,0,0
x̠ʷ,-,-,+,+,-,-,-,-,-,-,-,-,-,0,-,+,-,+,+,-,0,-,0,0
ç̠ʷ,-,-,+,+,-,-,-,-,-,-,-,-,-,0,-,+,-,+,+,-,0,-,0,0
χ̠ʷ,-,-,+,+,-,-,-,+,-,-,-,-,-,0,-,+,-,+,+,-,0,-,0,0
xʷ,-,-,+,+,-,-,-,-,-,-,-,-,-,0,-,+,-,+,+,-,0,-,0,0
çʷ,-,-,+,+,-,-,-,-,-,-,-,-,-,0,-,+,-,+,+,-,0,-,0,0
χʷ,-,-,+,+,-,-,-,+,-,-,-,-,-,0,-,+,-,+,+,-,0,-,0,0
x̠˔ʷ,-,-,+,+,-,-,-,-,-,-,-,-,-,0,-,+,-,+,+,-,0,-,0,0
ç̠˔ʷ,-,-,+,+,-,-,-,-,-,-,-,-,-,0,-,+,-,+,+,-,0,-,0,0
χ̠˔ʷ,-,-,+,+,-,-,-,+,-,-,-,-,-,0,-,+,-,+,+,-,0,-,0,0
x̥ʷ,-,-,+,+,-,-,-,-,-,-,-,-,-,0,-,+,-,+,+,-,0,-,0,0
ç̥ʷ,-,-,+,+,-,-,-,-,-,-,-,-,-,0,-,+,-,+,+,-,0,-,0,0
ɣ̥ʷ,-,-,+,+,-,-,-,-,-,-,-,-,-,0,-,+,-,+,+,-,0,-,0,0
ʁ̥ʷ,-,-,+,+,-,-,-,+,-,-,-,-,-,0,-,+,-,+,+,-,0,-,0,0
ʝ̥ʷ,-,-,+,+,-,-,-,-,-,-,-,-,-,0,-,+,-,+,+,-,0,-,0,0
χ̥ʷ,-,-,+,+,-,-,-,+,-,-,-,-,-,0,-,+,-,+,+,-,0,-,0,0
xʷˠ,-,-,+,+,-,-,-,-,-,-,-,-,-,0,-,+,-,+,+,-,0,-,0,0
çʷˠ,-,-,+,+,-,-,-,-,-,-,-,-,-,0,-,+,-,+,+,-,0,-,0,0
χʷˠ,-,-,+,+,-,-,-,+,-,-,-,-,-,0,-,+,-,+,+,-,0,-,0,0
ɣʲʷ,-,-,+,+,-,-,-,-,+,-,-,-,-,0,-,+,-,+,+,-,0,-,0,0
ʁʲʷ,-,-,+,+,-,-,-,+,+,-,-,-,-,0,-,+,-,+,+,-,0,-,0,0
ʝʲʷ,-,-,+,+,-,-,-,-,+,-,-,-,-,0,-,+,-,+,+,-,0,-,0,0
ɣ̝ʷ,-,-,+,+,-,-,-,-,+,-,-,-,-,0,-,+,-,+,+,-,0,-,0,0
ʁ̝ʷ,-,-,+,+,-,-,-,+,+,-,-,-,-,0,-,+,-,+,+,-,0,-,0,0
ʝ̝ʷ,-,-,+,+,-,-,-,-,+,-,-,-,-,0,-,+,-,+,+,-,0,-,0,0
ɣ̠ʷ,-,-,+,+,-,-,-,-,+,-,-,-,-,0,-,+,-,+,+,-,0,-,0,0
ʁ̠ʷ,-,-,+,+,-,-,-,+,+,-,-,-,-,0,-,+,-,+,+,-,0,-,0,0
ʝ̠ʷ,-,-,+,+,-,-,-,-,+,-,-,-,-,0,-,+,-,+,+,-,0,-,0,0
ɣʷ,-,-,+,+,-,-,-,-,+,-,-,-,-,0,-,+,-,+,+,-,0,-,0,0
ʁʷ,-,-,+,+,-,-,-,+,+,-,-,-,-,0,-,+,-,+,+,-,0,-,0,0
ʝʷ,-,-,+,+,-,-,-,-,+,-,-,-,-,0,-,+,-,+,+,-,0,-,0,0
ɣ̠˔ʷ,-,-,+,+,-,-,-,-,+,-,-,-,-,0,-,+,-,+,+,-,0,-,0,0
ʁ̠˔ʷ,-,-,+,+,-,-,-,+,+,-,-,-,-,0,-,+,-,+,+,-,0,-,0,0
ʝ̠˔ʷ,-,-,+,+,-,-,-,-,+,-,-,-,-,0,-,+,-,+,+,-,0,-,0,0
ɣʷˠ,-,-,+,+,-,-,-,-,+,-,-,-,-,0,-,+,-,+,+,-,0,-,0,0
ʁʷˠ,-,-,+,+,-,-,-,+,+,-,-,-,-,0,-,+,-,+,+,-,0,-,0,0
ʝʷˠ,-,-,+,+,-,-,-,-,+,-,-,-,-,0,-,+,-,+,+,-,0,-,0,0
xʷː,-,-,+,+,-,-,-,-,-,-,-,-,-,0,-,+,-,+,+,-,0,+,0,0
çʷː,-,-,+,+,-,-,-,-,-,-,-,-,-,0,-,+,-,+,+,-,0,+,0,0
χʷː,-,-,+,+,-,-,-,+,-,-,-,-,-,0,-,+,-,+,+,-,0,+,0,0
xːʷ,-,-,+,+,-,-,-,-,-,-,-,-,-,0,-,+,-,+,+,-,0,+,0,0
çːʷ,-,-,+,+,-,-,-,-,-,-,-,-,-,0,-,+,-,+,+,-,0,+,0,0
χːʷ,-,-,+,+,-,-,-,+,-,-,-,-,-,0,-,+,-,+,+,-,0,+,0,0
ɣʷː,-,-,+,+,-,-,-,-,+,-,-,-,-,0,-,+,-,+,+,-,0,+,0,0
ʁʷː,-,-,+,+,-,-,-,+,+,-,-,-,-,0,-,+,-,+,+,-,0,+,0,0
ʝʷː,-,-,+,+,-,-,-,-,+,-,-,-,-,0,-,+,-,+,+,-,0,+,0,0
ɣːʷ,-,-,+,+,-,-,-,-,+,-,-,-,-,0,-,+,-,+,+,-,0,+,0,0
ʁːʷ,-,-,+,+,-,-,-,+,+,-,-,-,-,0,-,+,-,+,+,-,0,+,0,0
ʝːʷ,-,-,+,+,-,-,-,-,+,-,-,-,-,0,-,+,-,+,+,-,0,+,0,0
ɧ̺,-,-,+,+,-,-,-,-,-,-,-,-,+,-,-,+,-,0,-,-,0,-,0,0
ʂʲ,-,-,+,+,-,-,-,+,-,-,-,-,+,-,-,+,-,-,-,-,0,-,0,0
ɕ̺,-,-,+,+,-,-,-,+,-,-,-,-,+,-,-,+,-,-,-,-,0,-,0,0
ʂ̥ʲ,-,-,+,+,-,-,-,+,-,-,-,-,+,-,-,+,-,-,-,-,0,-,0,0
ʐ̥ʲ,-,-,+,+,-,-,-,+,-,-,-,-,+,-,-,+,-,-,-,-,0,-,0,0
ʐʲ,-,-,+,+,-,-,-,+,+,-,-,-,+,-,-,+,-,-,-,-,0,-,0,0
ʑ̺,-,-,+,+,-,-,-,+,+,-,-,-,+,-,-,+,-,-,-,-,0,-,0,0
ʂʲː,-,-,+,+,-,-,-,+,-,-,-,-,+,-,-,+,-,-,-,-,0,+,0,0
ʂːʲ,-,-,+,+,-,-,-,+,-,-,-,-,+,-,-,+,-,-,-,-,0,+,0,0
ʐʲː,-,-,+,+,-,-,-,+,+,-,-,-,+,-,-,+,-,-,-,-,0,+,0,0
ʐːʲ,-,-,+,+,-,-,-,+,+,-,-,-,+,-,-,+,-,-,-,-,0,+,0,0
ʂᶣ,-,-,+,+,-,-,-,+,-,-,-,-,+,-,-,+,-,-,+,-,0,-,0,0
ʐᶣ,-,-,+,+,-,-,-,+,+,-,-,-,+,-,-,+,-,-,+,-,0,-,0,0
ʂˠ,-,-,+,+,-,-,-,+,-,-,-,-,+,-,-,+,-,+,-,-,0,-,0,0
ʂ̥ˠ,-,-,+,+,-,-,-,+,-,-,-,-,+,-,-,+,-,+,-,-,0,-,0,0
ʐ̥ˠ,-,-,+,+,-,-,-,+,-,-,-,-,+,-,-,+,-,+,-,-,0,-,0,0
ʐˠ,-,-,+,+,-,-,-,+,+,-,-,-,+,-,-,+,-,+,-,-,0,-,0,0
ʂːˠ,-,-,+,+,-,-,-,+,-,-,-,-,+,-,-,+,-,+,-,-,0,+,0,0
ʐːˠ,-,-,+,+,-,-,-,+,+,-,-,-,+,-,-,+,-,+,-,-,0,+,0,0
ʂ̠̊˔ʷ,-,-,+,+,-,-,-,+,-,-,-,-,+,-,-,+,-,+,+,-,0,-,0,0
ʐ̠̊˔ʷ,-,-,+,+,-,-,-,+,-,-,-,-,+,-,-,+,-,+,+,-,0,-,0,0
ʂʲʷ,-,-,+,+,-,-,-,+,-,-,-,-,+,-,-,+,-,+,+,-,0,-,0,0
ʂ̝̊ʷ,-,-,+,+,-,-,-,+,-,-,-,-,+,-,-,+,-,+,+,-,0,-,0,0
ʐ̝̊ʷ,-,-,+,+,-,-,-,+,-,-,-,-,+,-,-,+,-,+,+,-,0,-,0,0
ʂ̝ʷ,-,-,+,+,-,-,-,+,-,-,-,-,+,-,-,+,-,+,+,-,0,-,0,0
ʂ̠ʷ,-,-,+,+,-,-,-,+,-,-,-,-,+,-,-,+,-,+,+,-,0,-,0,0
ʂʷ,-,-,+,+,-,-,-,+,-,-,-,-,+,-,-,+,-,+,+,-,0,-,0,0
ʂ̠˔ʷ,-,-,+,+,-,-,-,+,-,-,-,-,+,-,-,+,-,+,+,-,0,-,0,0
ʂ̥ʷ,-,-,+,+,-,-,-,+,-,-,-,-,+,-,-,+,-,+,+,-,0,-,0,0
ʐ̥ʷ,-,-,+,+,-,-,-,+,-,-,-,-,+,-,-,+,-,+,+,-,0,-,0,0
ʂʷˠ,-,-,+,+,-,-,-,+,-,-,-,-,+,-,-,+,-,+,+,-,0,-,0,0
ʐʲʷ,-,-,+,+,-,-,-,+,+,-,-,-,+,-,-,+,-,+,+,-,0,-,0,0
ʐ̝ʷ,-,-,+,+,-,-,-,+,+,-,-,-,+,-,-,+,-,+,+,-,0,-,0,0
ʐ̠ʷ,-,-,+,+,-,-,-,+,+,-,-,-,+,-,-,+,-,+,+,-,0,-,0,0
ʐʷ,-,-,+,+,-,-,-,+,+,-,-,-,+,-,-,+,-,+,+,-,0,-,0,0
ʐ̠˔ʷ,-,-,+,+,-,-,-,+,+,-,-,-,+,-,-,+,-,+,+,-,0,-,0,0
ʐʷˠ,-,-,+,+,-,-,-,+,+,-,-,-,+,-,-,+,-,+,+,-,0,-,0,0
ʂʷː,-,-,+,+,-,-,-,+,-,-,-,-,+,-,-,+,-,+,+,-,0,+,0,0
ʂːʷ,-,-,+,+,-,-,-,+,-,-,-,-,+,-,-,+,-,+,+,-,0,+,0,0
ʐʷː,-,-,+,+,-,-,-,+,+,-,-,-,+,-,-,+,-,+,+,-,0,+,0,0
ʐːʷ,-,-,+,+,-,-,-,+,+,-,-,-,+,-,-,+,-,+,+,-,0,+,0,0
ɧ̠̊,-,-,+,+,-,-,-,-,-,-,-,-,+,+,-,+,-,0,-,-,0,-,0,0
ɧ̟,-,-,+,+,-,-,-,-,-,-,-,-,+,+,-,+,-,0,-,-,0,-,0,0
ɧ̠̊˔,-,-,+,+,-,-,-,-,-,-,-,-,+,+,-,+,-,0,-,-,0,-,0,0
ɧ̝̊,-,-,+,+,-,-,-,-,-,-,-,-,+,+,-,+,-,0,-,-,0,-,0,0
ɧ̠,-,-,+,+,-,-,-,-,-,-,-,-,+,+,-,+,-,0,-,-,0,-,0,0
ɧ̝,-,-,+,+,-,-,-,-,-,-,-,-,+,+,-,+,-,0,-,-,0,-,0,0
ɧ˔,-,-,+,+,-,-,-,-,-,-,-,-,+,+,-,+,-,0,-,-,0,-,0,0
ɧ̞,-,-,+,+,-,-,-,-,-,-,-,-,+,+,-,+,-,0,-,-,0,-,0,0
ɧ̥,-,-,+,+,-,-,-,-,-,-,-,-,+,+,-,+,-,0,-,-,0,-,0,0
ɧ,-,-,+,+,-,-,-,-,-,-,-,-,+,+,-,+,-,0,-,-,0,-,0,0
ɧ̊,-,-,+,+,-,-,-,-,-,-,-,-,+,+,-,+,-,0,-,-,0,-,0,0
ɧ̻,-,-,+,+,-,-,-,-,-,-,-,-,+,+,-,+,-,0,-,-,0,-,0,0
ɧ̬,-,-,+,+,-,-,-,-,+,-,-,-,+,+,-,+,-,0,-,-,0,-,0,0
ɧ̥ː,-,-,+,+,-,-,-,-,-,-,-,-,+,+,-,+,-,0,-,-,0,+,0,0
ɧ̟ː,-,-,+,+,-,-,-,-,-,-,-,-,+,+,-,+,-,0,-,-,0,+,0,0
ɧː,-,-,+,+,-,-,-,-,-,-,-,-,+,+,-,+,-,0,-,-,0,+,0,0
ɧˑ,-,-,+,+,-,-,-,-,-,-,-,-,+,+,-,+,-,0,-,-,0,+,0,0
ɧ̝ː,-,-,+,+,-,-,-,-,-,-,-,-,+,+,-,+,-,0,-,-,0,+,0,0
ɧ̻̝ː,-,-,+,+,-,-,-,-,-,-,-,-,+,+,-,+,-,0,-,-,0,+,0,0
ɧ̞ː,-,-,+,+,-,-,-,-,-,-,-,-,+,+,-,+,-,0,-,-,0,+,0,0
ɕ̠̊,-,-,+,+,-,-,-,+,-,-,-,-,+,+,-,+,-,-,-,-,0,-,0,0
ʑ̠̊,-,-,+,+,-,-,-,+,-,-,-,-,+,+,-,+,-,-,-,-,0,-,0,0
ɕ̟,-,-,+,+,-,-,-,+,-,-,-,-,+,+,-,+,-,-,-,-,0,-,0,0
ɕ̠̊˔,-,-,+,+,-,-,-,+,-,-,-,-,+,+,-,+,-,-,-,-,0,-,0,0
ʑ̠̊˔,-,-,+,+,-,-,-,+,-,-,-,-,+,+,-,+,-,-,-,-,0,-,0,0
ɕ̝̊,-,-,+,+,-,-,-,+,-,-,-,-,+,+,-,+,-,-,-,-,0,-,0,0
ʑ̝̊,-,-,+,+,-,-,-,+,-,-,-,-,+,+,-,+,-,-,-,-,0,-,0,0
ɕ̠,-,-,+,+,-,-,-,+,-,-,-,-,+,+,-,+,-,-,-,-,0,-,0,0
ʃʲ,-,-,+,+,-,-,-,+,-,-,-,-,+,+,-,+,-,-,-,-,0,-,0,0
ɧʲ,-,-,+,+,-,-,-,-,-,-,-,-,+,+,-,+,-,-,-,-,0,-,0,0
ɕʲ,-,-,+,+,-,-,-,+,-,-,-,-,+,+,-,+,-,-,-,-,0,-,0,0
ɕ̝,-,-,+,+,-,-,-,+,-,-,-,-,+,+,-,+,-,-,-,-,0,-,0,0
ɕ˔,-,-,+,+,-,-,-,+,-,-,-,-,+,+,-,+,-,-,-,-,0,-,0,0
ɕ̞,-,-,+,+,-,-,-,+,-,-,-,-,+,+,-,+,-,-,-,-,0,-,0,0
ɕ̥,-,-,+,+,-,-,-,+,-,-,-,-,+,+,-,+,-,-,-,-,0,-,0,0
ʑ̥,-,-,+,+,-,-,-,+,-,-,-,-,+,+,-,+,-,-,-,-,0,-,0,0
ɕ,-,-,+,+,-,-,-,+,-,-,-,-,+,+,-,+,-,-,-,-,0,-,0,0
ɕ̊,-,-,+,+,-,-,-,+,-,-,-,-,+,+,-,+,-,-,-,-,0,-,0,0
ʑ̊,-,-,+,+,-,-,-,+,-,-,-,-,+,+,-,+,-,-,-,-,0,-,0,0
ʃ̥ʲ,-,-,+,+,-,-,-,+,-,-,-,-,+,+,-,+,-,-,-,-,0,-,0,0
ʒ̥ʲ,-,-,+,+,-,-,-,+,-,-,-,-,+,+,-,+,-,-,-,-,0,-,0,0
ɧ̥ʲ,-,-,+,+,-,-,-,-,-,-,-,-,+,+,-,+,-,-,-,-,0,-,0,0
ɕ̥ʲ,-,-,+,+,-,-,-,+,-,-,-,-,+,+,-,+,-,-,-,-,0,-,0,0
ʑ̥ʲ,-,-,+,+,-,-,-,+,-,-,-,-,+,+,-,+,-,-,-,-,0,-,0,0
ɕ̻,-,-,+,+,-,-,-,+,-,-,-,-,+,+,-,+,-,-,-,-,0,-,0,0
ʑ̟,-,-,+,+,-,-,-,+,+,-,-,-,+,+,-,+,-,-,-,-,0,-,0,0
ʑ̠,-,-,+,+,-,-,-,+,+,-,-,-,+,+,-,+,-,-,-,-,0,-,0,0
ʒʲ,-,-,+,+,-,-,-,+,+,-,-,-,+,+,-,+,-,-,-,-,0,-,0,0
ʑʲ,-,-,+,+,-,-,-,+,+,-,-,-,+,+,-,+,-,-,-,-,0,-,0,0
ʑ̝,-,-,+,+,-,-,-,+,+,-,-,-,+,+,-,+,-,-,-,-,0,-,0,0
ʑ˔,-,-,+,+,-,-,-,+,+,-,-,-,+,+,-,+,-,-,-,-,0,-,0,0
ʑ̞,-,-,+,+,-,-,-,+,+,-,-,-,+,+,-,+,-,-,-,-,0,-,0,0
ʑ,-,-,+,+,-,-,-,+,+,-,-,-,+,+,-,+,-,-,-,-,0,-,0,0
ʑ̻,-,-,+,+,-,-,-,+,+,-,-,-,+,+,-,+,-,-,-,-,0,-,0,0
ɕ̬,-,-,+,+,-,-,-,+,+,-,-,-,+,+,-,+,-,-,-,-,0,-,0,0
ɕ̥ː,-,-,+,+,-,-,-,+,-,-,-,-,+,+,-,+,-,-,-,-,0,+,0,0
ʑ̥ː,-,-,+,+,-,-,-,+,-,-,-,-,+,+,-,+,-,-,-,-,0,+,0,0
ʃʲː,-,-,+,+,-,-,-,+,-,-,-,-,+,+,-,+,-,-,-,-,0,+,0,0
ɧʲː,-,-,+,+,-,-,-,-,-,-,-,-,+,+,-,+,-,-,-,-,0,+,0,0
ɕʲː,-,-,+,+,-,-,-,+,-,-,-,-,+,+,-,+,-,-,-,-,0,+,0,0
ɕ̟ː,-,-,+,+,-,-,-,+,-,-,-,-,+,+,-,+,-,-,-,-,0,+,0,0
ɕː,-,-,+,+,-,-,-,+,-,-,-,-,+,+,-,+,-,-,-,-,0,+,0,0
ɕˑ,-,-,+,+,-,-,-,+,-,-,-,-,+,+,-,+,-,-,-,-,0,+,0,0
ɕ̝ː,-,-,+,+,-,-,-,+,-,-,-,-,+,+,-,+,-,-,-,-,0,+,0,0
ɕ̻̝ː,-,-,+,+,-,-,-,+,-,-,-,-,+,+,-,+,-,-,-,-,0,+,0,0
ɕ̞ː,-,-,+,+,-,-,-,+,-,-,-,-,+,+,-,+,-,-,-,-,0,+,0,0
ʃːʲ,-,-,+,+,-,-,-,+,-,-,-,-,+,+,-,+,-,-,-,-,0,+,0,0
ɧːʲ,-,-,+,+,-,-,-,-,-,-,-,-,+,+,-,+,-,-,-,-,0,+,0,0
ɕːʲ,-,-,+,+,-,-,-,+,-,-,-,-,+,+,-,+,-,-,-,-,0,+,0,0
ʒʲː,-,-,+,+,-,-,-,+,+,-,-,-,+,+,-,+,-,-,-,-,0,+,0,0
ʑʲː,-,-,+,+,-,-,-,+,+,-,-,-,+,+,-,+,-,-,-,-,0,+,0,0
ʑ̟ː,-,-,+,+,-,-,-,+,+,-,-,-,+,+,-,+,-,-,-,-,0,+,0,0
ʑː,-,-,+,+,-,-,-,+,+,-,-,-,+,+,-,+,-,-,-,-,0,+,0,0
ʑˑ,-,-,+,+,-,-,-,+,+,-,-,-,+,+,-,+,-,-,-,-,0,+,0,0
ʑ̝ː,-,-,+,+,-,-,-,+,+,-,-,-,+,+,-,+,-,-,-,-,0,+,0,0
ʑ̻̝ː,-,-,+,+,-,-,-,+,+,-,-,-,+,+,-,+,-,-,-,-,0,+,0,0
ʑ̞ː,-,-,+,+,-,-,-,+,+,-,-,-,+,+,-,+,-,-,-,-,0,+,0,0
ʒːʲ,-,-,+,+,-,-,-,+,+,-,-,-,+,+,-,+,-,-,-,-,0,+,0,0
ʑːʲ,-,-,+,+,-,-,-,+,+,-,-,-,+,+,-,+,-,-,-,-,0,+,0,0
ʃᶣ,-,-,+,+,-,-,-,+,-,-,-,-,+,+,-,+,-,-,+,-,0,-,0,0
ɧᶣ,-,-,+,+,-,-,-,-,-,-,-,-,+,+,-,+,-,-,+,-,0,-,0,0
ɕᶣ,-,-,+,+,-,-,-,+,-,-,-,-,+,+,-,+,-,-,+,-,0,-,0,0
ʒᶣ,-,-,+,+,-,-,-,+,+,-,-,-,+,+,-,+,-,-,+,-,0,-,0,0
ʑᶣ,-,-,+,+,-,-,-,+,+,-,-,-,+,+,-,+,-,-,+,-,0,-,0,0
ʃˠ,-,-,+,+,-,-,-,+,-,-,-,-,+,+,-,+,-,+,-,-,0,-,0,0
ɧˠ,-,-,+,+,-,-,-,-,-,-,-,-,+,+,-,+,-,+,-,-,0,-,0,0
ɕˠ,-,-,+,+,-,-,-,+,-,-,-,-,+,+,-,+,-,+,-,-,0,-,0,0
ʃ̥ˠ,-,-,+,+,-,-,-,+,-,-,-,-,+,+,-,+,-,+,-,-,0,-,0,0
ʒ̥ˠ,-,-,+,+,-,-,-,+,-,-,-,-,+,+,-,+,-,+,-,-,0,-,0,0
ɧ̥ˠ,-,-,+,+,-,-,-,-,-,-,-,-,+,+,-,+,-,+,-,-,0,-,0,0
ɕ̥ˠ,-,-,+,+,-,-,-,+,-,-,-,-,+,+,-,+,-,+,-,-,0,-,0,0
ʑ̥ˠ,-,-,+,+,-,-,-,+,-,-,-,-,+,+,-,+,-,+,-,-,0,-,0,0
ʒˠ,-,-,+,+,-,-,-,+,+,-,-,-,+,+,-,+,-,+,-,-,0,-,0,0
ʑˠ,-,-,+,+,-,-,-,+,+,-,-,-,+,+,-,+,-,+,-,-,0,-,0,0
ʃːˠ,-,-,+,+,-,-,-,+,-,-,-,-,+,+,-,+,-,+,-,-,0,+,0,0
ɧːˠ,-,-,+,+,-,-,-,-,-,-,-,-,+,+,-,+,-,+,-,-,0,+,0,0
ɕːˠ,-,-,+,+,-,-,-,+,-,-,-,-,+,+,-,+,-,+,-,-,0,+,0,0
ʒːˠ,-,-,+,+,-,-,-,+,+,-,-,-,+,+,-,+,-,+,-,-,0,+,0,0
ʑːˠ,-,-,+,+,-,-,-,+,+,-,-,-,+,+,-,+,-,+,-,-,0,+,0,0
ʃ̠̊˔ʷ,-,-,+,+,-,-,-,+,-,-,-,-,+,+,-,+,-,+,+,-,0,-,0,0
ʒ̠̊˔ʷ,-,-,+,+,-,-,-,+,-,-,-,-,+,+,-,+,-,+,+,-,0,-,0,0
ɧ̠̊˔ʷ,-,-,+,+,-,-,-,-,-,-,-,-,+,+,-,+,-,+,+,-,0,-,0,0
ɕ̠̊˔ʷ,-,-,+,+,-,-,-,+,-,-,-,-,+,+,-,+,-,+,+,-,0,-,0,0
ʑ̠̊˔ʷ,-,-,+,+,-,-,-,+,-,-,-,-,+,+,-,+,-,+,+,-,0,-,0,0
ʃʲʷ,-,-,+,+,-,-,-,+,-,-,-,-,+,+,-,+,-,+,+,-,0,-,0,0
ɧʲʷ,-,-,+,+,-,-,-,-,-,-,-,-,+,+,-,+,-,+,+,-,0,-,0,0
ɕʲʷ,-,-,+,+,-,-,-,+,-,-,-,-,+,+,-,+,-,+,+,-,0,-,0,0
ʃ̝̊ʷ,-,-,+,+,-,-,-,+,-,-,-,-,+,+,-,+,-,+,+,-,0,-,0,0
ʒ̝̊ʷ,-,-,+,+,-,-,-,+,-,-,-,-,+,+,-,+,-,+,+,-,0,-,0,0
ɧ̝̊ʷ,-,-,+,+,-,-,-,-,-,-,-,-,+,+,-,+,-,+,+,-,0,-,0,0
ɕ̝̊ʷ,-,-,+,+,-,-,-,+,-,-,-,-,+,+,-,+,-,+,+,-,0,-,0,0
ʑ̝̊ʷ,-,-,+,+,-,-,-,+,-,-,-,-,+,+,-,+,-,+,+,-,0,-,0,0
ʃ̝ʷ,-,-,+,+,-,-,-,+,-,-,-,-,+,+,-,+,-,+,+,-,0,-,0,0
ɧ̝ʷ,-,-,+,+,-,-,-,-,-,-,-,-,+,+,-,+,-,+,+,-,0,-,0,0
ɕ̝ʷ,-,-,+,+,-,-,-,+,-,-,-,-,+,+,-,+,-,+,+,-,0,-,0,0
ʃ̠ʷ,-,-,+,+,-,-,-,+,-,-,-,-,+,+,-,+,-,+,+,-,0,-,0,0
ɧ̠ʷ,-,-,+,+,-,-,-,-,-,-,-,-,+,+,-,+,-,+,+,-,0,-,0,0
ɕ̠ʷ,-,-,+,+,-,-,-,+,-,-,-,-,+,+,-,+,-,+,+,-,0,-,0,0
ʃʷ,-,-,+,+,-,-,-,+,-,-,-,-,+,+,-,+,-,+,+,-,0,-,0,0
ɧʷ,-,-,+,+,-,-,-,-,-,-,-,-,+,+,-,+,-,+,+,-,0,-,0,0
ɕʷ,-,-,+,+,-,-,-,+,-,-,-,-,+,+,-,+,-,+,+,-,0,-,0,0
ʃ̠˔ʷ,-,-,+,+,-,-,-,+,-,-,-,-,+,+,-,+,-,+,+,-,0,-,0,0
ɧ̠˔ʷ,-,-,+,+,-,-,-,-,-,-,-,-,+,+,-,+,-,+,+,-,0,-,0,0
ɕ̠˔ʷ,-,-,+,+,-,-,-,+,-,-,-,-,+,+,-,+,-,+,+,-,0,-,0,0
ʃ̥ʷ,-,-,+,+,-,-,-,+,-,-,-,-,+,+,-,+,-,+,+,-,0,-,0,0
ʒ̥ʷ,-,-,+,+,-,-,-,+,-,-,-,-,+,+,-,+,-,+,+,-,0,-,0,0
ʃʷˠ,-,-,+,+,-,-,-,+,-,-,-,-,+,+,-,+,-,+,+,-,0,-,0,0
ɧʷˠ,-,-,+,+,-,-,-,-,-,-,-,-,+,+,-,+,-,+,+,-,0,-,0,0
ɕʷˠ,-,-,+,+,-,-,-,+,-,-,-,-,+,+,-,+,-,+,+,-,0,-,0,0
ɧ̥ʷ,-,-,+,+,-,-,-,-,-,-,-,-,+,+,-,+,-,+,+,-,0,-,0,0
ɕ̥ʷ,-,-,+,+,-,-,-,+,-,-,-,-,+,+,-,+,-,+,+,-,0,-,0,0
ʑ̥ʷ,-,-,+,+,-,-,-,+,-,-,-,-,+,+,-,+,-,+,+,-,0,-,0,0
ʒʲʷ,-,-,+,+,-,-,-,+,+,-,-,-,+,+,-,+,-,+,+,-,0,-,0,0
ʑʲʷ,-,-,+,+,-,-,-,+,+,-,-,-,+,+,-,+,-,+,+,-,0,-,0,0
ʒ̝ʷ,-,-,+,+,-,-,-,+,+,-,-,-,+,+,-,+,-,+,+,-,0,-,0,0
ʑ̝ʷ,-,-,+,+,-,-,-,+,+,-,-,-,+,+,-,+,-,+,+,-,0,-,0,0
ʒ̠ʷ,-,-,+,+,-,-,-,+,+,-,-,-,+,+,-,+,-,+,+,-,0,-,0,0
ʑ̠ʷ,-,-,+,+,-,-,-,+,+,-,-,-,+,+,-,+,-,+,+,-,0,-,0,0
ʒʷ,-,-,+,+,-,-,-,+,+,-,-,-,+,+,-,+,-,+,+,-,0,-,0,0
ʑʷ,-,-,+,+,-,-,-,+,+,-,-,-,+,+,-,+,-,+,+,-,0,-,0,0
ʒ̠˔ʷ,-,-,+,+,-,-,-,+,+,-,-,-,+,+,-,+,-,+,+,-,0,-,0,0
ʑ̠˔ʷ,-,-,+,+,-,-,-,+,+,-,-,-,+,+,-,+,-,+,+,-,0,-,0,0
ʒʷˠ,-,-,+,+,-,-,-,+,+,-,-,-,+,+,-,+,-,+,+,-,0,-,0,0
ʑʷˠ,-,-,+,+,-,-,-,+,+,-,-,-,+,+,-,+,-,+,+,-,0,-,0,0
ʃʷː,-,-,+,+,-,-,-,+,-,-,-,-,+,+,-,+,-,+,+,-,0,+,0,0
ɧʷː,-,-,+,+,-,-,-,-,-,-,-,-,+,+,-,+,-,+,+,-,0,+,0,0
ɕʷː,-,-,+,+,-,-,-,+,-,-,-,-,+,+,-,+,-,+,+,-,0,+,0,0
ʃːʷ,-,-,+,+,-,-,-,+,-,-,-,-,+,+,-,+,-,+,+,-,0,+,0,0
ɧːʷ,-,-,+,+,-,-,-,-,-,-,-,-,+,+,-,+,-,+,+,-,0,+,0,0
ɕːʷ,-,-,+,+,-,-,-,+,-,-,-,-,+,+,-,+,-,+,+,-,0,+,0,0
ʒʷː,-,-,+,+,-,-,-,+,+,-,-,-,+,+,-,+,-,+,+,-,0,+,0,0
ʑʷː,-,-,+,+,-,-,-,+,+,-,-,-,+,+,-,+,-,+,+,-,0,+,0,0
ʒːʷ,-,-,+,+,-,-,-,+,+,-,-,-,+,+,-,+,-,+,+,-,0,+,0,0
ʑːʷ,-,-,+,+,-,-,-,+,+,-,-,-,+,+,-,+,-,+,+,-,0,+,0,0
sʲ,-,-,+,+,-,-,-,+,-,-,-,+,+,-,-,+,-,-,-,-,0,-,0,0
s̥ʲ,-,-,+,+,-,-,-,+,-,-,-,+,+,-,-,+,-,-,-,-,0,-,0,0
z̥ʲ,-,-,+,+,-,-,-,+,-,-,-,+,+,-,-,+,-,-,-,-,0,-,0,0
zʲ,-,-,+,+,-,-,-,+,+,-,-,+,+,-,-,+,-,-,-,-,0,-,0,0
sʲː,-,-,+,+,-,-,-,+,-,-,-,+,+,-,-,+,-,-,-,-,0,+,0,0
sːʲ,-,-,+,+,-,-,-,+,-,-,-,+,+,-,-,+,-,-,-,-,0,+,0,0
zʲː,-,-,+,+,-,-,-,+,+,-,-,+,+,-,-,+,-,-,-,-,0,+,0,0
zːʲ,-,-,+,+,-,-,-,+,+,-,-,+,+,-,-,+,-,-,-,-,0,+,0,0
sᶣ,-,-,+,+,-,-,-,+,-,-,-,+,+,-,-,+,-,-,+,-,0,-,0,0
zᶣ,-,-,+,+,-,-,-,+,+,-,-,+,+,-,-,+,-,-,+,-,0,-,0,0
sˠ,-,-,+,+,-,-,-,+,-,-,-,+,+,-,-,+,-,+,-,-,0,-,0,0
s̥ˠ,-,-,+,+,-,-,-,+,-,-,-,+,+,-,-,+,-,+,-,-,0,-,0,0
z̥ˠ,-,-,+,+,-,-,-,+,-,-,-,+,+,-,-,+,-,+,-,-,0,-,0,0
zˠ,-,-,+,+,-,-,-,+,+,-,-,+,+,-,-,+,-,+,-,-,0,-,0,0
sːˠ,-,-,+,+,-,-,-,+,-,-,-,+,+,-,-,+,-,+,-,-,0,+,0,0
zːˠ,-,-,+,+,-,-,-,+,+,-,-,+,+,-,-,+,-,+,-,-,0,+,0,0
s̠̊˔ʷ,-,-,+,+,-,-,-,+,-,-,-,+,+,-,-,+,-,+,+,-,0,-,0,0
z̠̊˔ʷ,-,-,+,+,-,-,-,+,-,-,-,+,+,-,-,+,-,+,+,-,0,-,0,0
sʲʷ,-,-,+,+,-,-,-,+,-,-,-,+,+,-,-,+,-,+,+,-,0,-,0,0
s̝̊ʷ,-,-,+,+,-,-,-,+,-,-,-,+,+,-,-,+,-,+,+,-,0,-,0,0
z̝̊ʷ,-,-,+,+,-,-,-,+,-,-,-,+,+,-,-,+,-,+,+,-,0,-,0,0
s̝ʷ,-,-,+,+,-,-,-,+,-,-,-,+,+,-,-,+,-,+,+,-,0,-,0,0
s̠ʷ,-,-,+,+,-,-,-,+,-,-,-,+,+,-,-,+,-,+,+,-,0,-,0,0
sʷ,-,-,+,+,-,-,-,+,-,-,-,+,+,-,-,+,-,+,+,-,0,-,0,0
s̠˔ʷ,-,-,+,+,-,-,-,+,-,-,-,+,+,-,-,+,-,+,+,-,0,-,0,0
s̥ʷ,-,-,+,+,-,-,-,+,-,-,-,+,+,-,-,+,-,+,+,-,0,-,0,0
z̥ʷ,-,-,+,+,-,-,-,+,-,-,-,+,+,-,-,+,-,+,+,-,0,-,0,0
sʷˠ,-,-,+,+,-,-,-,+,-,-,-,+,+,-,-,+,-,+,+,-,0,-,0,0
zʲʷ,-,-,+,+,-,-,-,+,+,-,-,+,+,-,-,+,-,+,+,-,0,-,0,0
z̝ʷ,-,-,+,+,-,-,-,+,+,-,-,+,+,-,-,+,-,+,+,-,0,-,0,0
z̠ʷ,-,-,+,+,-,-,-,+,+,-,-,+,+,-,-,+,-,+,+,-,0,-,0,0
zʷ,-,-,+,+,-,-,-,+,+,-,-,+,+,-,-,+,-,+,+,-,0,-,0,0
z̠˔ʷ,-,-,+,+,-,-,-,+,+,-,-,+,+,-,-,+,-,+,+,-,0,-,0,0
zʷˠ,-,-,+,+,-,-,-,+,+,-,-,+,+,-,-,+,-,+,+,-,0,-,0,0
sʷː,-,-,+,+,-,-,-,+,-,-,-,+,+,-,-,+,-,+,+,-,0,+,0,0
sːʷ,-,-,+,+,-,-,-,+,-,-,-,+,+,-,-,+,-,+,+,-,0,+,0,0
zʷː,-,-,+,+,-,-,-,+,+,-,-,+,+,-,-,+,-,+,+,-,0,+,0,0
zːʷ,-,-,+,+,-,-,-,+,+,-,-,+,+,-,-,+,-,+,+,-,0,+,0,0
θʲ,-,-,+,+,-,-,-,-,-,-,-,+,+,+,-,+,-,-,-,-,0,-,0,0
ð̥ʲ,-,-,+,+,-,-,-,-,-,-,-,+,+,+,-,+,-,-,-,-,0,-,0,0
θ̥ʲ,-,-,+,+,-,-,-,-,-,-,-,+,+,+,-,+,-,-,-,-,0,-,0,0
ðʲ,-,-,+,+,-,-,-,-,+,-,-,+,+,+,-,+,-,-,-,-,0,-,0,0
θʲː,-,-,+,+,-,-,-,-,-,-,-,+,+,+,-,+,-,-,-,-,0,+,0,0
θːʲ,-,-,+,+,-,-,-,-,-,-,-,+,+,+,-,+,-,-,-,-,0,+,0,0
ðʲː,-,-,+,+,-,-,-,-,+,-,-,+,+,+,-,+,-,-,-,-,0,+,0,0
ðːʲ,-,-,+,+,-,-,-,-,+,-,-,+,+,+,-,+,-,-,-,-,0,+,0,0
θᶣ,-,-,+,+,-,-,-,-,-,-,-,+,+,+,-,+,-,-,+,-,0,-,0,0
ðᶣ,-,-,+,+,-,-,-,-,+,-,-,+,+,+,-,+,-,-,+,-,0,-,0,0
θˠ,-,-,+,+,-,-,-,-,-,-,-,+,+,+,-,+,-,+,-,-,0,-,0,0
ð̥ˠ,-,-,+,+,-,-,-,-,-,-,-,+,+,+,-,+,-,+,-,-,0,-,0,0
θ̥ˠ,-,-,+,+,-,-,-,-,-,-,-,+,+,+,-,+,-,+,-,-,0,-,0,0
ðˠ,-,-,+,+,-,-,-,-,+,-,-,+,+,+,-,+,-,+,-,-,0,-,0,0
θːˠ,-,-,+,+,-,-,-,-,-,-,-,+,+,+,-,+,-,+,-,-,0,+,0,0
ðːˠ,-,-,+,+,-,-,-,-,+,-,-,+,+,+,-,+,-,+,-,-,0,+,0,0
ð̠̊˔ʷ,-,-,+,+,-,-,-,-,-,-,-,+,+,+,-,+,-,+,+,-,0,-,0,0
θ̠̊˔ʷ,-,-,+,+,-,-,-,-,-,-,-,+,+,+,-,+,-,+,+,-,0,-,0,0
θʲʷ,-,-,+,+,-,-,-,-,-,-,-,+,+,+,-,+,-,+,+,-,0,-,0,0
ð̝̊ʷ,-,-,+,+,-,-,-,-,-,-,-,+,+,+,-,+,-,+,+,-,0,-,0,0
θ̝̊ʷ,-,-,+,+,-,-,-,-,-,-,-,+,+,+,-,+,-,+,+,-,0,-,0,0
θ̝ʷ,-,-,+,+,-,-,-,-,-,-,-,+,+,+,-,+,-,+,+,-,0,-,0,0
θ̠ʷ,-,-,+,+,-,-,-,-,-,-,-,+,+,+,-,+,-,+,+,-,0,-,0,0
θʷ,-,-,+,+,-,-,-,-,-,-,-,+,+,+,-,+,-,+,+,-,0,-,0,0
θ̠˔ʷ,-,-,+,+,-,-,-,-,-,-,-,+,+,+,-,+,-,+,+,-,0,-,0,0
θʷˠ,-,-,+,+,-,-,-,-,-,-,-,+,+,+,-,+,-,+,+,-,0,-,0,0
ð̥ʷ,-,-,+,+,-,-,-,-,-,-,-,+,+,+,-,+,-,+,+,-,0,-,0,0
θ̥ʷ,-,-,+,+,-,-,-,-,-,-,-,+,+,+,-,+,-,+,+,-,0,-,0,0
ðʲʷ,-,-,+,+,-,-,-,-,+,-,-,+,+,+,-,+,-,+,+,-,0,-,0,0
ð̝ʷ,-,-,+,+,-,-,-,-,+,-,-,+,+,+,-,+,-,+,+,-,0,-,0,0
ð̠ʷ,-,-,+,+,-,-,-,-,+,-,-,+,+,+,-,+,-,+,+,-,0,-,0,0
ðʷ,-,-,+,+,-,-,-,-,+,-,-,+,+,+,-,+,-,+,+,-,0,-,0,0
ð̠˔ʷ,-,-,+,+,-,-,-,-,+,-,-,+,+,+,-,+,-,+,+,-,0,-,0,0
ðʷˠ,-,-,+,+,-,-,-,-,+,-,-,+,+,+,-,+,-,+,+,-,0,-,0,0
θʷː,-,-,+,+,-,-,-,-,-,-,-,+,+,+,-,+,-,+,+,-,0,+,0,0
θːʷ,-,-,+,+,-,-,-,-,-,-,-,+,+,+,-,+,-,+,+,-,0,+,0,0
ðʷː,-,-,+,+,-,-,-,-,+,-,-,+,+,+,-,+,-,+,+,-,0,+,0,0
ðːʷ,-,-,+,+,-,-,-,-,+,-,-,+,+,+,-,+,-,+,+,-,0,+,0,0
fʲ,-,-,+,+,-,-,-,+,-,-,-,+,-,0,+,+,-,-,-,-,0,-,0,0
ɸʲ,-,-,+,+,-,-,-,-,-,-,-,+,-,0,+,+,-,-,-,-,0,-,0,0
f̥ʲ,-,-,+,+,-,-,-,+,-,-,-,+,-,0,+,+,-,-,-,-,0,-,0,0
v̥ʲ,-,-,+,+,-,-,-,+,-,-,-,+,-,0,+,+,-,-,-,-,0,-,0,0
ɸ̥ʲ,-,-,+,+,-,-,-,-,-,-,-,+,-,0,+,+,-,-,-,-,0,-,0,0
β̥ʲ,-,-,+,+,-,-,-,-,-,-,-,+,-,0,+,+,-,-,-,-,0,-,0,0
vʲ,-,-,+,+,-,-,-,+,+,-,-,+,-,0,+,+,-,-,-,-,0,-,0,0
βʲ,-,-,+,+,-,-,-,-,+,-,-,+,-,0,+,+,-,-,-,-,0,-,0,0
fʲː,-,-,+,+,-,-,-,+,-,-,-,+,-,0,+,+,-,-,-,-,0,+,0,0
ɸʲː,-,-,+,+,-,-,-,-,-,-,-,+,-,0,+,+,-,-,-,-,0,+,0,0
fːʲ,-,-,+,+,-,-,-,+,-,-,-,+,-,0,+,+,-,-,-,-,0,+,0,0
ɸːʲ,-,-,+,+,-,-,-,-,-,-,-,+,-,0,+,+,-,-,-,-,0,+,0,0
vʲː,-,-,+,+,-,-,-,+,+,-,-,+,-,0,+,+,-,-,-,-,0,+,0,0
βʲː,-,-,+,+,-,-,-,-,+,-,-,+,-,0,+,+,-,-,-,-,0,+,0,0
vːʲ,-,-,+,+,-,-,-,+,+,-,-,+,-,0,+,+,-,-,-,-,0,+,0,0
βːʲ,-,-,+,+,-,-,-,-,+,-,-,+,-,0,+,+,-,-,-,-,0,+,0,0
fˠ,-,-,+,+,-,-,-,+,-,-,-,+,-,0,+,+,-,+,-,-,0,-,0,0
ɸˠ,-,-,+,+,-,-,-,-,-,-,-,+,-,0,+,+,-,+,-,-,0,-,0,0
f̥ˠ,-,-,+,+,-,-,-,+,-,-,-,+,-,0,+,+,-,+,-,-,0,-,0,0
v̥ˠ,-,-,+,+,-,-,-,+,-,-,-,+,-,0,+,+,-,+,-,-,0,-,0,0
ɸ̥ˠ,-,-,+,+,-,-,-,-,-,-,-,+,-,0,+,+,-,+,-,-,0,-,0,0
β̥ˠ,-,-,+,+,-,-,-,-,-,-,-,+,-,0,+,+,-,+,-,-,0,-,0,0
vˠ,-,-,+,+,-,-,-,+,+,-,-,+,-,0,+,+,-,+,-,-,0,-,0,0
βˠ,-,-,+,+,-,-,-,-,+,-,-,+,-,0,+,+,-,+,-,-,0,-,0,0
fːˠ,-,-,+,+,-,-,-,+,-,-,-,+,-,0,+,+,-,+,-,-,0,+,0,0
ɸːˠ,-,-,+,+,-,-,-,-,-,-,-,+,-,0,+,+,-,+,-,-,0,+,0,0
vːˠ,-,-,+,+,-,-,-,+,+,-,-,+,-,0,+,+,-,+,-,-,0,+,0,0
βːˠ,-,-,+,+,-,-,-,-,+,-,-,+,-,0,+,+,-,+,-,-,0,+,0,0
f̠̊˔ʷ,-,-,+,+,-,-,-,+,-,-,-,+,-,0,+,+,-,+,+,-,0,-,0,0
v̠̊˔ʷ,-,-,+,+,-,-,-,+,-,-,-,+,-,0,+,+,-,+,+,-,0,-,0,0
ɸ̠̊˔ʷ,-,-,+,+,-,-,-,-,-,-,-,+,-,0,+,+,-,+,+,-,0,-,0,0
β̠̊˔ʷ,-,-,+,+,-,-,-,-,-,-,-,+,-,0,+,+,-,+,+,-,0,-,0,0
fʲʷ,-,-,+,+,-,-,-,+,-,-,-,+,-,0,+,+,-,+,+,-,0,-,0,0
ɸʲʷ,-,-,+,+,-,-,-,-,-,-,-,+,-,0,+,+,-,+,+,-,0,-,0,0
f̝̊ʷ,-,-,+,+,-,-,-,+,-,-,-,+,-,0,+,+,-,+,+,-,0,-,0,0
v̝̊ʷ,-,-,+,+,-,-,-,+,-,-,-,+,-,0,+,+,-,+,+,-,0,-,0,0
ɸ̝̊ʷ,-,-,+,+,-,-,-,-,-,-,-,+,-,0,+,+,-,+,+,-,0,-,0,0
β̝̊ʷ,-,-,+,+,-,-,-,-,-,-,-,+,-,0,+,+,-,+,+,-,0,-,0,0
f̝ʷ,-,-,+,+,-,-,-,+,-,-,-,+,-,0,+,+,-,+,+,-,0,-,0,0
ɸ̝ʷ,-,-,+,+,-,-,-,-,-,-,-,+,-,0,+,+,-,+,+,-,0,-,0,0
f̠ʷ,-,-,+,+,-,-,-,+,-,-,-,+,-,0,+,+,-,+,+,-,0,-,0,0
ɸ̠ʷ,-,-,+,+,-,-,-,-,-,-,-,+,-,0,+,+,-,+,+,-,0,-,0,0
fʷ,-,-,+,+,-,-,-,+,-,-,-,+,-,0,+,+,-,+,+,-,0,-,0,0
ɸʷ,-,-,+,+,-,-,-,-,-,-,-,+,-,0,+,+,-,+,+,-,0,-,0,0
f̠˔ʷ,-,-,+,+,-,-,-,+,-,-,-,+,-,0,+,+,-,+,+,-,0,-,0,0
ɸ̠˔ʷ,-,-,+,+,-,-,-,-,-,-,-,+,-,0,+,+,-,+,+,-,0,-,0,0
f̥ʷ,-,-,+,+,-,-,-,+,-,-,-,+,-,0,+,+,-,+,+,-,0,-,0,0
v̥ʷ,-,-,+,+,-,-,-,+,-,-,-,+,-,0,+,+,-,+,+,-,0,-,0,0
fʷˠ,-,-,+,+,-,-,-,+,-,-,-,+,-,0,+,+,-,+,+,-,0,-,0,0
ɸʷˠ,-,-,+,+,-,-,-,-,-,-,-,+,-,0,+,+,-,+,+,-,0,-,0,0
ɸ̥ʷ,-,-,+,+,-,-,-,-,-,-,-,+,-,0,+,+,-,+,+,-,0,-,0,0
β̥ʷ,-,-,+,+,-,-,-,-,-,-,-,+,-,0,+,+,-,+,+,-,0,-,0,0
vʲʷ,-,-,+,+,-,-,-,+,+,-,-,+,-,0,+,+,-,+,+,-,0,-,0,0
βʲʷ,-,-,+,+,-,-,-,-,+,-,-,+,-,0,+,+,-,+,+,-,0,-,0,0
v̝ʷ,-,-,+,+,-,-,-,+,+,-,-,+,-,0,+,+,-,+,+,-,0,-,0,0
β̝ʷ,-,-,+,+,-,-,-,-,+,-,-,+,-,0,+,+,-,+,+,-,0,-,0,0
v̠ʷ,-,-,+,+,-,-,-,+,+,-,-,+,-,0,+,+,-,+,+,-,0,-,0,0
β̠ʷ,-,-,+,+,-,-,-,-,+,-,-,+,-,0,+,+,-,+,+,-,0,-,0,0
vʷ,-,-,+,+,-,-,-,+,+,-,-,+,-,0,+,+,-,+,+,-,0,-,0,0
βʷ,-,-,+,+,-,-,-,-,+,-,-,+,-,0,+,+,-,+,+,-,0,-,0,0
v̠˔ʷ,-,-,+,+,-,-,-,+,+,-,-,+,-,0,+,+,-,+,+,-,0,-,0,0
β̠˔ʷ,-,-,+,+,-,-,-,-,+,-,-,+,-,0,+,+,-,+,+,-,0,-,0,0
vʷˠ,-,-,+,+,-,-,-,+,+,-,-,+,-,0,+,+,-,+,+,-,0,-,0,0
βʷˠ,-,-,+,+,-,-,-,-,+,-,-,+,-,0,+,+,-,+,+,-,0,-,0,0
fʷː,-,-,+,+,-,-,-,+,-,-,-,+,-,0,+,+,-,+,+,-,0,+,0,0
ɸʷː,-,-,+,+,-,-,-,-,-,-,-,+,-,0,+,+,-,+,+,-,0,+,0,0
fːʷ,-,-,+,+,-,-,-,+,-,-,-,+,-,0,+,+,-,+,+,-,0,+,0,0
ɸːʷ,-,-,+,+,-,-,-,-,-,-,-,+,-,0,+,+,-,+,+,-,0,+,0,0
vʷː,-,-,+,+,-,-,-,+,+,-,-,+,-,0,+,+,-,+,+,-,0,+,0,0
βʷː,-,-,+,+,-,-,-,-,+,-,-,+,-,0,+,+,-,+,+,-,0,+,0,0
vːʷ,-,-,+,+,-,-,-,+,+,-,-,+,-,0,+,+,-,+,+,-,0,+,0,0
βːʷ,-,-,+,+,-,-,-,-,+,-,-,+,-,0,+,+,-,+,+,-,0,+,0,0
ħʲ,-,-,+,+,-,-,-,-,-,-,-,-,-,0,-,+,+,-,-,-,0,-,0,0
ħ̥ʲ,-,-,+,+,-,-,-,-,-,-,-,-,-,0,-,+,+,-,-,-,0,-,0,0
ʕ̥ʲ,-,-,+,+,-,-,-,-,-,-,-,-,-,0,-,+,+,-,-,-,0,-,0,0
ʕʲ,-,-,+,+,-,-,-,-,+,-,-,-,-,0,-,+,+,-,-,-,0,-,0,0
ħʲː,-,-,+,+,-,-,-,-,-,-,-,-,-,0,-,+,+,-,-,-,0,+,0,0
ħːʲ,-,-,+,+,-,-,-,-,-,-,-,-,-,0,-,+,+,-,-,-,0,+,0,0
ʕʲː,-,-,+,+,-,-,-,-,+,-,-,-,-,0,-,+,+,-,-,-,0,+,0,0
ʕːʲ,-,-,+,+,-,-,-,-,+,-,-,-,-,0,-,+,+,-,-,-,0,+,0,0
ħᶣ,-,-,+,+,-,-,-,-,-,-,-,-,-,0,-,+,+,-,+,-,0,-,0,0
ʕᶣ,-,-,+,+,-,-,-,-,+,-,-,-,-,0,-,+,+,-,+,-,0,-,0,0
x̥ˤ,-,-,+,+,-,-,-,-,-,-,-,-,-,0,-,+,+,+,-,-,0,-,0,0
ç̥ˤ,-,-,+,+,-,-,-,-,-,-,-,-,-,0,-,+,+,+,-,-,0,-,0,0
ɣ̥ˤ,-,-,+,+,-,-,-,-,-,-,-,-,-,0,-,+,+,+,-,-,0,-,0,0
ʝ̥ˤ,-,-,+,+,-,-,-,-,-,-,-,-,-,0,-,+,+,+,-,-,0,-,0,0
ħˠ,-,-,+,+,-,-,-,-,-,-,-,-,-,0,-,+,+,+,-,-,0,-,0,0
xˤ,-,-,+,+,-,-,-,-,-,-,-,-,-,0,-,+,+,+,-,-,0,-,0,0
çˤ,-,-,+,+,-,-,-,-,-,-,-,-,-,0,-,+,+,+,-,-,0,-,0,0
ħ̥ˠ,-,-,+,+,-,-,-,-,-,-,-,-,-,0,-,+,+,+,-,-,0,-,0,0
ʕ̥ˠ,-,-,+,+,-,-,-,-,-,-,-,-,-,0,-,+,+,+,-,-,0,-,0,0
ʕˠ,-,-,+,+,-,-,-,-,+,-,-,-,-,0,-,+,+,+,-,-,0,-,0,0
ɣˤ,-,-,+,+,-,-,-,-,+,-,-,-,-,0,-,+,+,+,-,-,0,-,0,0
ʝˤ,-,-,+,+,-,-,-,-,+,-,-,-,-,0,-,+,+,+,-,-,0,-,0,0
xˤː,-,-,+,+,-,-,-,-,-,-,-,-,-,0,-,+,+,+,-,-,0,+,0,0
çˤː,-,-,+,+,-,-,-,-,-,-,-,-,-,0,-,+,+,+,-,-,0,+,0,0
ħːˠ,-,-,+,+,-,-,-,-,-,-,-,-,-,0,-,+,+,+,-,-,0,+,0,0
xːˤ,-,-,+,+,-,-,-,-,-,-,-,-,-,0,-,+,+,+,-,-,0,+,0,0
çːˤ,-,-,+,+,-,-,-,-,-,-,-,-,-,0,-,+,+,+,-,-,0,+,0,0
ɣˤː,-,-,+,+,-,-,-,-,+,-,-,-,-,0,-,+,+,+,-,-,0,+,0,0
ʝˤː,-,-,+,+,-,-,-,-,+,-,-,-,-,0,-,+,+,+,-,-,0,+,0,0
ʕːˠ,-,-,+,+,-,-,-,-,+,-,-,-,-,0,-,+,+,+,-,-,0,+,0,0
ɣːˤ,-,-,+,+,-,-,-,-,+,-,-,-,-,0,-,+,+,+,-,-,0,+,0,0
ʝːˤ,-,-,+,+,-,-,-,-,+,-,-,-,-,0,-,+,+,+,-,-,0,+,0,0
ħ̠̊˔ʷ,-,-,+,+,-,-,-,-,-,-,-,-,-,0,-,+,+,+,+,-,0,-,0,0
ʕ̠̊˔ʷ,-,-,+,+,-,-,-,-,-,-,-,-,-,0,-,+,+,+,+,-,0,-,0,0
ħʲʷ,-,-,+,+,-,-,-,-,-,-,-,-,-,0,-,+,+,+,+,-,0,-,0,0
ħ̝̊ʷ,-,-,+,+,-,-,-,-,-,-,-,-,-,0,-,+,+,+,+,-,0,-,0,0
ʕ̝̊ʷ,-,-,+,+,-,-,-,-,-,-,-,-,-,0,-,+,+,+,+,-,0,-,0,0
ħ̝ʷ,-,-,+,+,-,-,-,-,-,-,-,-,-,0,-,+,+,+,+,-,0,-,0,0
ħ̠ʷ,-,-,+,+,-,-,-,-,-,-,-,-,-,0,-,+,+,+,+,-,0,-,0,0
ħʷ,-,-,+,+,-,-,-,-,-,-,-,-,-,0,-,+,+,+,+,-,0,-,0,0
ħ̠˔ʷ,-,-,+,+,-,-,-,-,-,-,-,-,-,0,-,+,+,+,+,-,0,-,0,0
ħ̥ʷ,-,-,+,+,-,-,-,-,-,-,-,-,-,0,-,+,+,+,+,-,0,-,0,0
ʕ̥ʷ,-,-,+,+,-,-,-,-,-,-,-,-,-,0,-,+,+,+,+,-,0,-,0,0
ħʷˠ,-,-,+,+,-,-,-,-,-,-,-,-,-,0,-,+,+,+,+,-,0,-,0,0
xʷˤ,-,-,+,+,-,-,-,-,-,-,-,-,-,0,-,+,+,+,+,-,0,-,0,0
çʷˤ,-,-,+,+,-,-,-,-,-,-,-,-,-,0,-,+,+,+,+,-,0,-,0,0
ħʷˤ,-,-,+,+,-,-,-,-,-,-,-,-,-,0,-,+,+,+,+,-,0,-,0,0
χʷˤ,-,-,+,+,-,-,-,+,-,-,-,-,-,0,-,+,+,+,+,-,0,-,0,0
ʕʲʷ,-,-,+,+,-,-,-,-,+,-,-,-,-,0,-,+,+,+,+,-,0,-,0,0
ʕ̝ʷ,-,-,+,+,-,-,-,-,+,-,-,-,-,0,-,+,+,+,+,-,0,-,0,0
ʕ̠ʷ,-,-,+,+,-,-,-,-,+,-,-,-,-,0,-,+,+,+,+,-,0,-,0,0
ʕʷ,-,-,+,+,-,-,-,-,+,-,-,-,-,0,-,+,+,+,+,-,0,-,0,0
ʕ̠˔ʷ,-,-,+,+,-,-,-,-,+,-,-,-,-,0,-,+,+,+,+,-,0,-,0,0
ʕʷˠ,-,-,+,+,-,-,-,-,+,-,-,-,-,0,-,+,+,+,+,-,0,-,0,0
ɣʷˤ,-,-,+,+,-,-,-,-,+,-,-,-,-,0,-,+,+,+,+,-,0,-,0,0
ʁʷˤ,-,-,+,+,-,-,-,+,+,-,-,-,-,0,-,+,+,+,+,-,0,-,0,0
ʕʷˤ,-,-,+,+,-,-,-,-,+,-,-,-,-,0,-,+,+,+,+,-,0,-,0,0
ʝʷˤ,-,-,+,+,-,-,-,-,+,-,-,-,-,0,-,+,+,+,+,-,0,-,0,0
ħʷː,-,-,+,+,-,-,-,-,-,-,-,-,-,0,-,+,+,+,+,-,0,+,0,0
ħːʷ,-,-,+,+,-,-,-,-,-,-,-,-,-,0,-,+,+,+,+,-,0,+,0,0
ʕʷː,-,-,+,+,-,-,-,-,+,-,-,-,-,0,-,+,+,+,+,-,0,+,0,0
ʕːʷ,-,-,+,+,-,-,-,-,+,-,-,-,-,0,-,+,+,+,+,-,0,+,0,0
ʂʷˤ,-,-,+,+,-,-,-,+,-,-,-,-,+,-,-,+,+,+,+,-,0,-,0,0
ʐʷˤ,-,-,+,+,-,-,-,+,+,-,-,-,+,-,-,+,+,+,+,-,0,-,0,0
ɧ̥ˤ,-,-,+,+,-,-,-,-,-,-,-,-,+,+,-,+,+,+,-,-,0,-,0,0
ɕ̥ˤ,-,-,+,+,-,-,-,+,-,-,-,-,+,+,-,+,+,+,-,-,0,-,0,0
ʑ̥ˤ,-,-,+,+,-,-,-,+,-,-,-,-,+,+,-,+,+,+,-,-,0,-,0,0
ɧˤ,-,-,+,+,-,-,-,-,-,-,-,-,+,+,-,+,+,+,-,-,0,-,0,0
ɕˤ,-,-,+,+,-,-,-,+,-,-,-,-,+,+,-,+,+,+,-,-,0,-,0,0
ʑˤ,-,-,+,+,-,-,-,+,+,-,-,-,+,+,-,+,+,+,-,-,0,-,0,0
ɧˤː,-,-,+,+,-,-,-,-,-,-,-,-,+,+,-,+,+,+,-,-,0,+,0,0
ɕˤː,-,-,+,+,-,-,-,+,-,-,-,-,+,+,-,+,+,+,-,-,0,+,0,0
ɧːˤ,-,-,+,+,-,-,-,-,-,-,-,-,+,+,-,+,+,+,-,-,0,+,0,0
ɕːˤ,-,-,+,+,-,-,-,+,-,-,-,-,+,+,-,+,+,+,-,-,0,+,0,0
ʑˤː,-,-,+,+,-,-,-,+,+,-,-,-,+,+,-,+,+,+,-,-,0,+,0,0
ʑːˤ,-,-,+,+,-,-,-,+,+,-,-,-,+,+,-,+,+,+,-,-,0,+,0,0
ʃʷˤ,-,-,+,+,-,-,-,+,-,-,-,-,+,+,-,+,+,+,+,-,0,-,0,0
ɧʷˤ,-,-,+,+,-,-,-,-,-,-,-,-,+,+,-,+,+,+,+,-,0,-,0,0
ɕʷˤ,-,-,+,+,-,-,-,+,-,-,-,-,+,+,-,+,+,+,+,-,0,-,0,0
ʒʷˤ,-,-,+,+,-,-,-,+,+,-,-,-,+,+,-,+,+,+,+,-,0,-,0,0
ʑʷˤ,-,-,+,+,-,-,-,+,+,-,-,-,+,+,-,+,+,+,+,-,0,-,0,0
sʷˤ,-,-,+,+,-,-,-,+,-,-,-,+,+,-,-,+,+,+,+,-,0,-,0,0
zʷˤ,-,-,+,+,-,-,-,+,+,-,-,+,+,-,-,+,+,+,+,-,0,-,0,0
θʷˤ,-,-,+,+,-,-,-,-,-,-,-,+,+,+,-,+,+,+,+,-,0,-,0,0
ðʷˤ,-,-,+,+,-,-,-,-,+,-,-,+,+,+,-,+,+,+,+,-,0,-,0,0
fʷˤ,-,-,+,+,-,-,-,+,-,-,-,+,-,0,+,+,+,+,+,-,0,-,0,0
ɸʷˤ,-,-,+,+,-,-,-,-,-,-,-,+,-,0,+,+,+,+,+,-,0,-,0,0
vʷˤ,-,-,+,+,-,-,-,+,+,-,-,+,-,0,+,+,+,+,+,-,0,-,0,0
βʷˤ,-,-,+,+,-,-,-,-,+,-,-,+,-,0,+,+,+,+,+,-,0,-,0,0
χʼ,-,-,+,+,-,-,-,+,-,-,+,-,-,0,-,-,-,+,-,-,0,-,0,0
ʁ̰,-,-,+,+,-,-,-,+,+,-,+,-,-,0,-,-,-,+,-,-,0,-,0,0
χʼː,-,-,+,+,-,-,-,+,-,-,+,-,-,0,-,-,-,+,-,-,0,+,0,0
ʁ̰ː,-,-,+,+,-,-,-,+,+,-,+,-,-,0,-,-,-,+,-,-,0,+,0,0
ʂʼ,-,-,+,+,-,-,-,+,-,-,+,-,+,-,-,-,-,-,-,-,0,-,0,0
ʐ̰,-,-,+,+,-,-,-,+,+,-,+,-,+,-,-,-,-,-,-,-,0,-,0,0
ʂʼː,-,-,+,+,-,-,-,+,-,-,+,-,+,-,-,-,-,-,-,-,0,+,0,0
ʐ̰ː,-,-,+,+,-,-,-,+,+,-,+,-,+,-,-,-,-,-,-,-,0,+,0,0
ʃʼ,-,-,+,+,-,-,-,+,-,-,+,-,+,+,-,-,-,-,-,-,0,-,0,0
ʒ̰,-,-,+,+,-,-,-,+,+,-,+,-,+,+,-,-,-,-,-,-,0,-,0,0
ʃʼː,-,-,+,+,-,-,-,+,-,-,+,-,+,+,-,-,-,-,-,-,0,+,0,0
ʒ̰ː,-,-,+,+,-,-,-,+,+,-,+,-,+,+,-,-,-,-,-,-,0,+,0,0
sʼ,-,-,+,+,-,-,-,+,-,-,+,+,+,-,-,-,-,-,-,-,0,-,0,0
z̰,-,-,+,+,-,-,-,+,+,-,+,+,+,-,-,-,-,-,-,-,0,-,0,0
sʼː,-,-,+,+,-,-,-,+,-,-,+,+,+,-,-,-,-,-,-,-,0,+,0,0
z̰ː,-,-,+,+,-,-,-,+,+,-,+,+,+,-,-,-,-,-,-,-,0,+,0,0
θʼ,-,-,+,+,-,-,-,-,-,-,+,+,+,+,-,-,-,-,-,-,0,-,0,0
ð̰,-,-,+,+,-,-,-,-,+,-,+,+,+,+,-,-,-,-,-,-,0,-,0,0
θʼː,-,-,+,+,-,-,-,-,-,-,+,+,+,+,-,-,-,-,-,-,0,+,0,0
ð̰ː,-,-,+,+,-,-,-,-,+,-,+,+,+,+,-,-,-,-,-,-,0,+,0,0
fʼ,-,-,+,+,-,-,-,+,-,-,+,+,-,0,+,-,-,-,-,-,0,-,0,0
ɸʼ,-,-,+,+,-,-,-,-,-,-,+,+,-,0,+,-,-,-,-,-,0,-,0,0
v̰,-,-,+,+,-,-,-,+,+,-,+,+,-,0,+,-,-,-,-,-,0,-,0,0
β̰,-,-,+,+,-,-,-,-,+,-,+,+,-,0,+,-,-,-,-,-,0,-,0,0
fʼː,-,-,+,+,-,-,-,+,-,-,+,+,-,0,+,-,-,-,-,-,0,+,0,0
ɸʼː,-,-,+,+,-,-,-,-,-,-,+,+,-,0,+,-,-,-,-,-,0,+,0,0
v̰ː,-,-,+,+,-,-,-,+,+,-,+,+,-,0,+,-,-,-,-,-,0,+,0,0
β̰ː,-,-,+,+,-,-,-,-,+,-,+,+,-,0,+,-,-,-,-,-,0,+,0,0
χˤʼ,-,-,+,+,-,-,-,+,-,-,+,-,-,0,-,-,+,+,-,-,0,-,0,0
ħʼ,-,-,+,+,-,-,-,-,-,-,+,-,-,0,-,-,+,+,-,-,0,-,0,0
ʁ̰ˤ,-,-,+,+,-,-,-,+,+,-,+,-,-,0,-,-,+,+,-,-,0,-,0,0
ʕ̰ˤ,-,-,+,+,-,-,-,-,+,-,+,-,-,0,-,-,+,+,-,-,0,-,0,0
ʕ̰,-,-,+,+,-,-,-,-,+,-,+,-,-,0,-,-,+,+,-,-,0,-,0,0
ħʼː,-,-,+,+,-,-,-,-,-,-,+,-,-,0,-,-,+,+,-,-,0,+,0,0
ʕ̰ː,-,-,+,+,-,-,-,-,+,-,+,-,-,0,-,-,+,+,-,-,0,+,0,0
ʂˤʼ,-,-,+,+,-,-,-,+,-,-,+,-,+,-,-,-,+,+,-,-,0,-,0,0
ʐ̰ˤ,-,-,+,+,-,-,-,+,+,-,+,-,+,-,-,-,+,+,-,-,0,-,0,0
ʃˤʼ,-,-,+,+,-,-,-,+,-,-,+,-,+,+,-,-,+,+,-,-,0,-,0,0
ʒ̰ˤ,-,-,+,+,-,-,-,+,+,-,+,-,+,+,-,-,+,+,-,-,0,-,0,0
sˤʼ,-,-,+,+,-,-,-,+,-,-,+,+,+,-,-,-,+,+,-,-,0,-,0,0
z̰ˤ,-,-,+,+,-,-,-,+,+,-,+,+,+,-,-,-,+,+,-,-,0,-,0,0
θˤʼ,-,-,+,+,-,-,-,-,-,-,+,+,+,+,-,-,+,+,-,-,0,-,0,0
ð̰ˤ,-,-,+,+,-,-,-,-,+,-,+,+,+,+,-,-,+,+,-,-,0,-,0,0
fˤʼ,-,-,+,+,-,-,-,+,-,-,+,+,-,0,+,-,+,+,-,-,0,-,0,0
ɸˤʼ,-,-,+,+,-,-,-,-,-,-,+,+,-,0,+,-,+,+,-,-,0,-,0,0
v̰ˤ,-,-,+,+,-,-,-,+,+,-,+,+,-,0,+,-,+,+,-,-,0,-,0,0
β̰ˤ,-,-,+,+,-,-,-,-,+,-,+,+,-,0,+,-,+,+,-,-,0,-,0,0
xʲʼ,-,-,+,+,-,-,-,-,-,-,+,-,-,0,-,+,-,-,-,-,0,-,0,0
çʲʼ,-,-,+,+,-,-,-,-,-,-,+,-,-,0,-,+,-,-,-,-,0,-,0,0
χʲʼ,-,-,+,+,-,-,-,+,-,-,+,-,-,0,-,+,-,-,-,-,0,-,0,0
çʼ,-,-,+,+,-,-,-,-,-,-,+,-,-,0,-,+,-,-,-,-,0,-,0,0
xʼʲ,-,-,+,+,-,-,-,-,-,-,+,-,-,0,-,+,-,-,-,-,0,-,0,0
çʼʲ,-,-,+,+,-,-,-,-,-,-,+,-,-,0,-,+,-,-,-,-,0,-,0,0
χʼʲ,-,-,+,+,-,-,-,+,-,-,+,-,-,0,-,+,-,-,-,-,0,-,0,0
ʝ̰,-,-,+,+,-,-,-,-,+,-,+,-,-,0,-,+,-,-,-,-,0,-,0,0
ɣ̰ʲ,-,-,+,+,-,-,-,-,+,-,+,-,-,0,-,+,-,-,-,-,0,-,0,0
ʁ̰ʲ,-,-,+,+,-,-,-,+,+,-,+,-,-,0,-,+,-,-,-,-,0,-,0,0
ʝ̰ʲ,-,-,+,+,-,-,-,-,+,-,+,-,-,0,-,+,-,-,-,-,0,-,0,0
çʼː,-,-,+,+,-,-,-,-,-,-,+,-,-,0,-,+,-,-,-,-,0,+,0,0
ʝ̰ː,-,-,+,+,-,-,-,-,+,-,+,-,-,0,-,+,-,-,-,-,0,+,0,0
xʼ,-,-,+,+,-,-,-,-,-,-,+,-,-,0,-,+,-,+,-,-,0,-,0,0
ɣ̰ˠ,-,-,+,+,-,-,-,-,+,-,+,-,-,0,-,+,-,+,-,-,0,-,0,0
ʁ̰ˠ,-,-,+,+,-,-,-,+,+,-,+,-,-,0,-,+,-,+,-,-,0,-,0,0
ʝ̰ˠ,-,-,+,+,-,-,-,-,+,-,+,-,-,0,-,+,-,+,-,-,0,-,0,0
ɣ̰,-,-,+,+,-,-,-,-,+,-,+,-,-,0,-,+,-,+,-,-,0,-,0,0
xʼː,-,-,+,+,-,-,-,-,-,-,+,-,-,0,-,+,-,+,-,-,0,+,0,0
ɣ̰ː,-,-,+,+,-,-,-,-,+,-,+,-,-,0,-,+,-,+,-,-,0,+,0,0
xʼʷ,-,-,+,+,-,-,-,-,-,-,+,-,-,0,-,+,-,+,+,-,0,-,0,0
çʼʷ,-,-,+,+,-,-,-,-,-,-,+,-,-,0,-,+,-,+,+,-,0,-,0,0
χʼʷ,-,-,+,+,-,-,-,+,-,-,+,-,-,0,-,+,-,+,+,-,0,-,0,0
xʷʼ,-,-,+,+,-,-,-,-,-,-,+,-,-,0,-,+,-,+,+,-,0,-,0,0
çʷʼ,-,-,+,+,-,-,-,-,-,-,+,-,-,0,-,+,-,+,+,-,0,-,0,0
χʷʼ,-,-,+,+,-,-,-,+,-,-,+,-,-,0,-,+,-,+,+,-,0,-,0,0
ɣ̰ʷ,-,-,+,+,-,-,-,-,+,-,+,-,-,0,-,+,-,+,+,-,0,-,0,0
ʁ̰ʷ,-,-,+,+,-,-,-,+,+,-,+,-,-,0,-,+,-,+,+,-,0,-,0,0
ʝ̰ʷ,-,-,+,+,-,-,-,-,+,-,+,-,-,0,-,+,-,+,+,-,0,-,0,0
ʂʲʼ,-,-,+,+,-,-,-,+,-,-,+,-,+,-,-,+,-,-,-,-,0,-,0,0
ʂʼʲ,-,-,+,+,-,-,-,+,-,-,+,-,+,-,-,+,-,-,-,-,0,-,0,0
ʐ̰ʲ,-,-,+,+,-,-,-,+,+,-,+,-,+,-,-,+,-,-,-,-,0,-,0,0
ʐ̰ˠ,-,-,+,+,-,-,-,+,+,-,+,-,+,-,-,+,-,+,-,-,0,-,0,0
ʂʼʷ,-,-,+,+,-,-,-,+,-,-,+,-,+,-,-,+,-,+,+,-,0,-,0,0
ʂʷʼ,-,-,+,+,-,-,-,+,-,-,+,-,+,-,-,+,-,+,+,-,0,-,0,0
ʐ̰ʷ,-,-,+,+,-,-,-,+,+,-,+,-,+,-,-,+,-,+,+,-,0,-,0,0
ɧʼ,-,-,+,+,-,-,-,-,-,-,+,-,+,+,-,+,-,0,-,-,0,-,0,0
ɧʼː,-,-,+,+,-,-,-,-,-,-,+,-,+,+,-,+,-,0,-,-,0,+,0,0
ʃʲʼ,-,-,+,+,-,-,-,+,-,-,+,-,+,+,-,+,-,-,-,-,0,-,0,0
ɧʲʼ,-,-,+,+,-,-,-,-,-,-,+,-,+,+,-,+,-,-,-,-,0,-,0,0
ɕʲʼ,-,-,+,+,-,-,-,+,-,-,+,-,+,+,-,+,-,-,-,-,0,-,0,0
ɕʼ,-,-,+,+,-,-,-,+,-,-,+,-,+,+,-,+,-,-,-,-,0,-,0,0
ʃʼʲ,-,-,+,+,-,-,-,+,-,-,+,-,+,+,-,+,-,-,-,-,0,-,0,0
ɧʼʲ,-,-,+,+,-,-,-,-,-,-,+,-,+,+,-,+,-,-,-,-,0,-,0,0
ɕʼʲ,-,-,+,+,-,-,-,+,-,-,+,-,+,+,-,+,-,-,-,-,0,-,0,0
ʑ̰,-,-,+,+,-,-,-,+,+,-,+,-,+,+,-,+,-,-,-,-,0,-,0,0
ʒ̰ʲ,-,-,+,+,-,-,-,+,+,-,+,-,+,+,-,+,-,-,-,-,0,-,0,0
ʑ̰ʲ,-,-,+,+,-,-,-,+,+,-,+,-,+,+,-,+,-,-,-,-,0,-,0,0
ɕʼː,-,-,+,+,-,-,-,+,-,-,+,-,+,+,-,+,-,-,-,-,0,+,0,0
ʑ̰ː,-,-,+,+,-,-,-,+,+,-,+,-,+,+,-,+,-,-,-,-,0,+,0,0
ʒ̰ˠ,-,-,+,+,-,-,-,+,+,-,+,-,+,+,-,+,-,+,-,-,0,-,0,0
ʑ̰ˠ,-,-,+,+,-,-,-,+,+,-,+,-,+,+,-,+,-,+,-,-,0,-,0,0
ʃʼʷ,-,-,+,+,-,-,-,+,-,-,+,-,+,+,-,+,-,+,+,-,0,-,0,0
ʃʷʼ,-,-,+,+,-,-,-,+,-,-,+,-,+,+,-,+,-,+,+,-,0,-,0,0
ɧʷʼ,-,-,+,+,-,-,-,-,-,-,+,-,+,+,-,+,-,+,+,-,0,-,0,0
ɕʷʼ,-,-,+,+,-,-,-,+,-,-,+,-,+,+,-,+,-,+,+,-,0,-,0,0
ɧʼʷ,-,-,+,+,-,-,-,-,-,-,+,-,+,+,-,+,-,+,+,-,0,-,0,0
ɕʼʷ,-,-,+,+,-,-,-,+,-,-,+,-,+,+,-,+,-,+,+,-,0,-,0,0
ʒ̰ʷ,-,-,+,+,-,-,-,+,+,-,+,-,+,+,-,+,-,+,+,-,0,-,0,0
ʑ̰ʷ,-,-,+,+,-,-,-,+,+,-,+,-,+,+,-,+,-,+,+,-,0,-,0,0
sʲʼ,-,-,+,+,-,-,-,+,-,-,+,+,+,-,-,+,-,-,-,-,0,-,0,0
sʼʲ,-,-,+,+,-,-,-,+,-,-,+,+,+,-,-,+,-,-,-,-,0,-,0,0
z̰ʲ,-,-,+,+,-,-,-,+,+,-,+,+,+,-,-,+,-,-,-,-,0,-,0,0
z̰ˠ,-,-,+,+,-,-,-,+,+,-,+,+,+,-,-,+,-,+,-,-,0,-,0,0
sʷʼ,-,-,+,+,-,-,-,+,-,-,+,+,+,-,-,+,-,+,+,-,0,-,0,0
sʼʷ,-,-,+,+,-,-,-,+,-,-,+,+,+,-,-,+,-,+,+,-,0,-,0,0
z̰ʷ,-,-,+,+,-,-,-,+,+,-,+,+,+,-,-,+,-,+,+,-,0,-,0,0
θʲʼ,-,-,+,+,-,-,-,-,-,-,+,+,+,+,-,+,-,-,-,-,0,-,0,0
θʼʲ,-,-,+,+,-,-,-,-,-,-,+,+,+,+,-,+,-,-,-,-,0,-,0,0
ð̰ʲ,-,-,+,+,-,-,-,-,+,-,+,+,+,+,-,+,-,-,-,-,0,-,0,0
ð̰ˠ,-,-,+,+,-,-,-,-,+,-,+,+,+,+,-,+,-,+,-,-,0,-,0,0
θʷʼ,-,-,+,+,-,-,-,-,-,-,+,+,+,+,-,+,-,+,+,-,0,-,0,0
θʼʷ,-,-,+,+,-,-,-,-,-,-,+,+,+,+,-,+,-,+,+,-,0,-,0,0
ð̰ʷ,-,-,+,+,-,-,-,-,+,-,+,+,+,+,-,+,-,+,+,-,0,-,0,0
fʲʼ,-,-,+,+,-,-,-,+,-,-,+,+,-,0,+,+,-,-,-,-,0,-,0,0
ɸʲʼ,-,-,+,+,-,-,-,-,-,-,+,+,-,0,+,+,-,-,-,-,0,-,0,0
fʼʲ,-,-,+,+,-,-,-,+,-,-,+,+,-,0,+,+,-,-,-,-,0,-,0,0
ɸʼʲ,-,-,+,+,-,-,-,-,-,-,+,+,-,0,+,+,-,-,-,-,0,-,0,0
v̰ʲ,-,-,+,+,-,-,-,+,+,-,+,+,-,0,+,+,-,-,-,-,0,-,0,0
β̰ʲ,-,-,+,+,-,-,-,-,+,-,+,+,-,0,+,+,-,-,-,-,0,-,0,0
v̰ˠ,-,-,+,+,-,-,-,+,+,-,+,+,-,0,+,+,-,+,-,-,0,-,0,0
β̰ˠ,-,-,+,+,-,-,-,-,+,-,+,+,-,0,+,+,-,+,-,-,0,-,0,0
fʷʼ,-,-,+,+,-,-,-,+,-,-,+,+,-,0,+,+,-,+,+,-,0,-,0,0
ɸʷʼ,-,-,+,+,-,-,-,-,-,-,+,+,-,0,+,+,-,+,+,-,0,-,0,0
fʼʷ,-,-,+,+,-,-,-,+,-,-,+,+,-,0,+,+,-,+,+,-,0,-,0,0
ɸʼʷ,-,-,+,+,-,-,-,-,-,-,+,+,-,0,+,+,-,+,+,-,0,-,0,0
v̰ʷ,-,-,+,+,-,-,-,+,+,-,+,+,-,0,+,+,-,+,+,-,0,-,0,0
β̰ʷ,-,-,+,+,-,-,-,-,+,-,+,+,-,0,+,+,-,+,+,-,0,-,0,0
ħʲʼ,-,-,+,+,-,-,-,-,-,-,+,-,-,0,-,+,+,-,-,-,0,-,0,0
ħʼʲ,-,-,+,+,-,-,-,-,-,-,+,-,-,0,-,+,+,-,-,-,0,-,0,0
ʕ̰ʲ,-,-,+,+,-,-,-,-,+,-,+,-,-,0,-,+,+,-,-,-,0,-,0,0
xˤʼ,-,-,+,+,-,-,-,-,-,-,+,-,-,0,-,+,+,+,-,-,0,-,0,0
çˤʼ,-,-,+,+,-,-,-,-,-,-,+,-,-,0,-,+,+,+,-,-,0,-,0,0
ʕ̰ˠ,-,-,+,+,-,-,-,-,+,-,+,-,-,0,-,+,+,+,-,-,0,-,0,0
ɣ̰ˤ,-,-,+,+,-,-,-,-,+,-,+,-,-,0,-,+,+,+,-,-,0,-,0,0
ʝ̰ˤ,-,-,+,+,-,-,-,-,+,-,+,-,-,0,-,+,+,+,-,-,0,-,0,0
xʷˤʼ,-,-,+,+,-,-,-,-,-,-,+,-,-,0,-,+,+,+,+,-,0,-,0,0
çʷˤʼ,-,-,+,+,-,-,-,-,-,-,+,-,-,0,-,+,+,+,+,-,0,-,0,0
ħʷˤʼ,-,-,+,+,-,-,-,-,-,-,+,-,-,0,-,+,+,+,+,-,0,-,0,0
χʷˤʼ,-,-,+,+,-,-,-,+,-,-,+,-,-,0,-,+,+,+,+,-,0,-,0,0
ħʼʷ,-,-,+,+,-,-,-,-,-,-,+,-,-,0,-,+,+,+,+,-,0,-,0,0
ħʷʼ,-,-,+,+,-,-,-,-,-,-,+,-,-,0,-,+,+,+,+,-,0,-,0,0
ʕ̰ʷ,-,-,+,+,-,-,-,-,+,-,+,-,-,0,-,+,+,+,+,-,0,-,0,0
ʂʷˤʼ,-,-,+,+,-,-,-,+,-,-,+,-,+,-,-,+,+,+,+,-,0,-,0,0
ɧˤʼ,-,-,+,+,-,-,-,-,-,-,+,-,+,+,-,+,+,+,-,-,0,-,0,0
ɕˤʼ,-,-,+,+,-,-,-,+,-,-,+,-,+,+,-,+,+,+,-,-,0,-,0,0
ʑ̰ˤ,-,-,+,+,-,-,-,+,+,-,+,-,+,+,-,+,+,+,-,-,0,-,0,0
ʃʷˤʼ,-,-,+,+,-,-,-,+,-,-,+,-,+,+,-,+,+,+,+,-,0,-,0,0
ɧʷˤʼ,-,-,+,+,-,-,-,-,-,-,+,-,+,+,-,+,+,+,+,-,0,-,0,0
ɕʷˤʼ,-,-,+,+,-,-,-,+,-,-,+,-,+,+,-,+,+,+,+,-,0,-,0,0
sʷˤʼ,-,-,+,+,-,-,-,+,-,-,+,+,+,-,-,+,+,+,+,-,0,-,0,0
θʷˤʼ,-,-,+,+,-,-,-,-,-,-,+,+,+,+,-,+,+,+,+,-,0,-,0,0
fʷˤʼ,-,-,+,+,-,-,-,+,-,-,+,+,-,0,+,+,+,+,+,-,0,-,0,0
ɸʷˤʼ,-,-,+,+,-,-,-,-,-,-,+,+,-,0,+,+,+,+,+,-,0,-,0,0
ɦ̠̊,-,-,+,+,-,-,-,-,-,+,-,-,-,0,-,-,-,+,-,-,0,-,0,0
h̠̊,-,-,+,+,-,-,-,-,-,+,-,-,-,0,-,-,-,+,-,-,0,-,0,0
h̟,-,-,+,+,-,-,-,-,-,+,-,-,-,0,-,-,-,+,-,-,0,-,0,0
h̠̊˔,-,-,+,+,-,-,-,-,-,+,-,-,-,0,-,-,-,+,-,-,0,-,0,0
ɦ̠̊˔,-,-,+,+,-,-,-,-,-,+,-,-,-,0,-,-,-,+,-,-,0,-,0,0
ɦ̝̊,-,-,+,+,-,-,-,-,-,+,-,-,-,0,-,-,-,+,-,-,0,-,0,0
h̝̊,-,-,+,+,-,-,-,-,-,+,-,-,-,0,-,-,-,+,-,-,0,-,0,0
h̠,-,-,+,+,-,-,-,-,-,+,-,-,-,0,-,-,-,+,-,-,0,-,0,0
χ̠ʰ,-,-,+,+,-,-,-,+,-,+,-,-,-,0,-,-,-,+,-,-,0,-,0,0
ʁ̤̥,-,-,+,+,-,-,-,+,-,+,-,-,-,0,-,-,-,+,-,-,0,-,0,0
h̝,-,-,+,+,-,-,-,-,-,+,-,-,-,0,-,-,-,+,-,-,0,-,0,0
ɦ̤̥,-,-,+,+,-,-,-,-,-,+,-,-,-,0,-,-,-,+,-,-,0,-,0,0
h̠ʰ,-,-,+,+,-,-,-,-,-,+,-,-,-,0,-,-,-,+,-,-,0,-,0,0
h˔,-,-,+,+,-,-,-,-,-,+,-,-,-,0,-,-,-,+,-,-,0,-,0,0
h̞,-,-,+,+,-,-,-,-,-,+,-,-,-,0,-,-,-,+,-,-,0,-,0,0
h,-,-,+,+,-,-,-,-,-,+,-,-,-,0,-,-,-,+,-,-,0,-,0,0
h̥,-,-,+,+,-,-,-,-,-,+,-,-,-,0,-,-,-,+,-,-,0,-,0,0
ɦ̥,-,-,+,+,-,-,-,-,-,+,-,-,-,0,-,-,-,+,-,-,0,-,0,0
h̊,-,-,+,+,-,-,-,-,-,+,-,-,-,0,-,-,-,+,-,-,0,-,0,0
ɦ̊,-,-,+,+,-,-,-,-,-,+,-,-,-,0,-,-,-,+,-,-,0,-,0,0
χʰ,-,-,+,+,-,-,-,+,-,+,-,-,-,0,-,-,-,+,-,-,0,-,0,0
hʰ,-,-,+,+,-,-,-,-,-,+,-,-,-,0,-,-,-,+,-,-,0,-,0,0
ɦ̟,-,-,+,+,-,-,-,-,+,+,-,-,-,0,-,-,-,+,-,-,0,-,0,0
ɦ̠,-,-,+,+,-,-,-,-,+,+,-,-,-,0,-,-,-,+,-,-,0,-,0,0
ʁ̤,-,-,+,+,-,-,-,+,+,+,-,-,-,0,-,-,-,+,-,-,0,-,0,0
ɦ̤,-,-,+,+,-,-,-,-,+,+,-,-,-,0,-,-,-,+,-,-,0,-,0,0
ɦ̝,-,-,+,+,-,-,-,-,+,+,-,-,-,0,-,-,-,+,-,-,0,-,0,0
ɦ˔,-,-,+,+,-,-,-,-,+,+,-,-,-,0,-,-,-,+,-,-,0,-,0,0
ɦ̞,-,-,+,+,-,-,-,-,+,+,-,-,-,0,-,-,-,+,-,-,0,-,0,0
ɦ,-,-,+,+,-,-,-,-,+,+,-,-,-,0,-,-,-,+,-,-,0,-,0,0
h̬,-,-,+,+,-,-,-,-,+,+,-,-,-,0,-,-,-,+,-,-,0,-,0,0
h̥ː,-,-,+,+,-,-,-,-,-,+,-,-,-,0,-,-,-,+,-,-,0,+,0,0
ɦ̥ː,-,-,+,+,-,-,-,-,-,+,-,-,-,0,-,-,-,+,-,-,0,+,0,0
h̟ː,-,-,+,+,-,-,-,-,-,+,-,-,-,0,-,-,-,+,-,-,0,+,0,0
hː,-,-,+,+,-,-,-,-,-,+,-,-,-,0,-,-,-,+,-,-,0,+,0,0
h̝ː,-,-,+,+,-,-,-,-,-,+,-,-,-,0,-,-,-,+,-,-,0,+,0,0
hˑ,-,-,+,+,-,-,-,-,-,+,-,-,-,0,-,-,-,+,-,-,0,+,0,0
h̞ː,-,-,+,+,-,-,-,-,-,+,-,-,-,0,-,-,-,+,-,-,0,+,0,0
χʰː,-,-,+,+,-,-,-,+,-,+,-,-,-,0,-,-,-,+,-,-,0,+,0,0
hʰː,-,-,+,+,-,-,-,-,-,+,-,-,-,0,-,-,-,+,-,-,0,+,0,0
ɦ̟ː,-,-,+,+,-,-,-,-,+,+,-,-,-,0,-,-,-,+,-,-,0,+,0,0
ɦː,-,-,+,+,-,-,-,-,+,+,-,-,-,0,-,-,-,+,-,-,0,+,0,0
ɦ̝ː,-,-,+,+,-,-,-,-,+,+,-,-,-,0,-,-,-,+,-,-,0,+,0,0
ɦˑ,-,-,+,+,-,-,-,-,+,+,-,-,-,0,-,-,-,+,-,-,0,+,0,0
ɦ̞ː,-,-,+,+,-,-,-,-,+,+,-,-,-,0,-,-,-,+,-,-,0,+,0,0
ʁ̤ː,-,-,+,+,-,-,-,+,+,+,-,-,-,0,-,-,-,+,-,-,0,+,0,0
ɦ̤ː,-,-,+,+,-,-,-,-,+,+,-,-,-,0,-,-,-,+,-,-,0,+,0,0
ʂ̠ʰ,-,-,+,+,-,-,-,+,-,+,-,-,+,-,-,-,-,-,-,-,0,-,0,0
ʐ̤̥,-,-,+,+,-,-,-,+,-,+,-,-,+,-,-,-,-,-,-,-,0,-,0,0
ʂʰ,-,-,+,+,-,-,-,+,-,+,-,-,+,-,-,-,-,-,-,-,0,-,0,0
ʐ̤,-,-,+,+,-,-,-,+,+,+,-,-,+,-,-,-,-,-,-,-,0,-,0,0
ʂʰː,-,-,+,+,-,-,-,+,-,+,-,-,+,-,-,-,-,-,-,-,0,+,0,0
ʐ̤ː,-,-,+,+,-,-,-,+,+,+,-,-,+,-,-,-,-,-,-,-,0,+,0,0
ʃ̠ʰ,-,-,+,+,-,-,-,+,-,+,-,-,+,+,-,-,-,-,-,-,0,-,0,0
ʒ̤̥,-,-,+,+,-,-,-,+,-,+,-,-,+,+,-,-,-,-,-,-,0,-,0,0
ʃʰ,-,-,+,+,-,-,-,+,-,+,-,-,+,+,-,-,-,-,-,-,0,-,0,0
ʒ̤,-,-,+,+,-,-,-,+,+,+,-,-,+,+,-,-,-,-,-,-,0,-,0,0
ʃʰː,-,-,+,+,-,-,-,+,-,+,-,-,+,+,-,-,-,-,-,-,0,+,0,0
ʒ̤ː,-,-,+,+,-,-,-,+,+,+,-,-,+,+,-,-,-,-,-,-,0,+,0,0
s̠ʰ,-,-,+,+,-,-,-,+,-,+,-,+,+,-,-,-,-,-,-,-,0,-,0,0
z̤̥,-,-,+,+,-,-,-,+,-,+,-,+,+,-,-,-,-,-,-,-,0,-,0,0
sʰ,-,-,+,+,-,-,-,+,-,+,-,+,+,-,-,-,-,-,-,-,0,-,0,0
z̤,-,-,+,+,-,-,-,+,+,+,-,+,+,-,-,-,-,-,-,-,0,-,0,0
sʰː,-,-,+,+,-,-,-,+,-,+,-,+,+,-,-,-,-,-,-,-,0,+,0,0
z̤ː,-,-,+,+,-,-,-,+,+,+,-,+,+,-,-,-,-,-,-,-,0,+,0,0
θ̠ʰ,-,-,+,+,-,-,-,-,-,+,-,+,+,+,-,-,-,-,-,-,0,-,0,0
ð̤̥,-,-,+,+,-,-,-,-,-,+,-,+,+,+,-,-,-,-,-,-,0,-,0,0
θʰ,-,-,+,+,-,-,-,-,-,+,-,+,+,+,-,-,-,-,-,-,0,-,0,0
ð̤,-,-,+,+,-,-,-,-,+,+,-,+,+,+,-,-,-,-,-,-,0,-,0,0
θʰː,-,-,+,+,-,-,-,-,-,+,-,+,+,+,-,-,-,-,-,-,0,+,0,0
ð̤ː,-,-,+,+,-,-,-,-,+,+,-,+,+,+,-,-,-,-,-,-,0,+,0,0
f̠ʰ,-,-,+,+,-,-,-,+,-,+,-,+,-,0,+,-,-,-,-,-,0,-,0,0
ɸ̠ʰ,-,-,+,+,-,-,-,-,-,+,-,+,-,0,+,-,-,-,-,-,0,-,0,0
v̤̥,-,-,+,+,-,-,-,+,-,+,-,+,-,0,+,-,-,-,-,-,0,-,0,0
β̤̥,-,-,+,+,-,-,-,-,-,+,-,+,-,0,+,-,-,-,-,-,0,-,0,0
fʰ,-,-,+,+,-,-,-,+,-,+,-,+,-,0,+,-,-,-,-,-,0,-,0,0
ɸʰ,-,-,+,+,-,-,-,-,-,+,-,+,-,0,+,-,-,-,-,-,0,-,0,0
v̤,-,-,+,+,-,-,-,+,+,+,-,+,-,0,+,-,-,-,-,-,0,-,0,0
β̤,-,-,+,+,-,-,-,-,+,+,-,+,-,0,+,-,-,-,-,-,0,-,0,0
fʰː,-,-,+,+,-,-,-,+,-,+,-,+,-,0,+,-,-,-,-,-,0,+,0,0
ɸʰː,-,-,+,+,-,-,-,-,-,+,-,+,-,0,+,-,-,-,-,-,0,+,0,0
v̤ː,-,-,+,+,-,-,-,+,+,+,-,+,-,0,+,-,-,-,-,-,0,+,0,0
β̤ː,-,-,+,+,-,-,-,-,+,+,-,+,-,0,+,-,-,-,-,-,0,+,0,0
h̥ˤ,-,-,+,+,-,-,-,-,-,+,-,-,-,0,-,-,+,+,-,-,0,-,0,0
ɦ̥ˤ,-,-,+,+,-,-,-,-,-,+,-,-,-,0,-,-,+,+,-,-,0,-,0,0
ħʰˤ,-,-,+,+,-,-,-,-,-,+,-,-,-,0,-,-,+,+,-,-,0,-,0,0
χʰˤ,-,-,+,+,-,-,-,+,-,+,-,-,-,0,-,-,+,+,-,-,0,-,0,0
hʰˤ,-,-,+,+,-,-,-,-,-,+,-,-,-,0,-,-,+,+,-,-,0,-,0,0
χˤʰ,-,-,+,+,-,-,-,+,-,+,-,-,-,0,-,-,+,+,-,-,0,-,0,0
hˤʰ,-,-,+,+,-,-,-,-,-,+,-,-,-,0,-,-,+,+,-,-,0,-,0,0
ħ̠ʰ,-,-,+,+,-,-,-,-,-,+,-,-,-,0,-,-,+,+,-,-,0,-,0,0
hˤ,-,-,+,+,-,-,-,-,-,+,-,-,-,0,-,-,+,+,-,-,0,-,0,0
ʕ̤̥,-,-,+,+,-,-,-,-,-,+,-,-,-,0,-,-,+,+,-,-,0,-,0,0
ħʰ,-,-,+,+,-,-,-,-,-,+,-,-,-,0,-,-,+,+,-,-,0,-,0,0
ʕ̤,-,-,+,+,-,-,-,-,+,+,-,-,-,0,-,-,+,+,-,-,0,-,0,0
ɦˤ,-,-,+,+,-,-,-,-,+,+,-,-,-,0,-,-,+,+,-,-,0,-,0,0
ʁ̤ˤ,-,-,+,+,-,-,-,+,+,+,-,-,-,0,-,-,+,+,-,-,0,-,0,0
ʕ̤ˤ,-,-,+,+,-,-,-,-,+,+,-,-,-,0,-,-,+,+,-,-,0,-,0,0
ɦ̤ˤ,-,-,+,+,-,-,-,-,+,+,-,-,-,0,-,-,+,+,-,-,0,-,0,0
ħʰː,-,-,+,+,-,-,-,-,-,+,-,-,-,0,-,-,+,+,-,-,0,+,0,0
hˤː,-,-,+,+,-,-,-,-,-,+,-,-,-,0,-,-,+,+,-,-,0,+,0,0
hːˤ,-,-,+,+,-,-,-,-,-,+,-,-,-,0,-,-,+,+,-,-,0,+,0,0
ɦˤː,-,-,+,+,-,-,-,-,+,+,-,-,-,0,-,-,+,+,-,-,0,+,0,0
ɦːˤ,-,-,+,+,-,-,-,-,+,+,-,-,-,0,-,-,+,+,-,-,0,+,0,0
ʕ̤ː,-,-,+,+,-,-,-,-,+,+,-,-,-,0,-,-,+,+,-,-,0,+,0,0
ʂʰˤ,-,-,+,+,-,-,-,+,-,+,-,-,+,-,-,-,+,+,-,-,0,-,0,0
ʂˤʰ,-,-,+,+,-,-,-,+,-,+,-,-,+,-,-,-,+,+,-,-,0,-,0,0
ʐ̤ˤ,-,-,+,+,-,-,-,+,+,+,-,-,+,-,-,-,+,+,-,-,0,-,0,0
ʃʰˤ,-,-,+,+,-,-,-,+,-,+,-,-,+,+,-,-,+,+,-,-,0,-,0,0
ʃˤʰ,-,-,+,+,-,-,-,+,-,+,-,-,+,+,-,-,+,+,-,-,0,-,0,0
ʒ̤ˤ,-,-,+,+,-,-,-,+,+,+,-,-,+,+,-,-,+,+,-,-,0,-,0,0
sʰˤ,-,-,+,+,-,-,-,+,-,+,-,+,+,-,-,-,+,+,-,-,0,-,0,0
sˤʰ,-,-,+,+,-,-,-,+,-,+,-,+,+,-,-,-,+,+,-,-,0,-,0,0
z̤ˤ,-,-,+,+,-,-,-,+,+,+,-,+,+,-,-,-,+,+,-,-,0,-,0,0
θʰˤ,-,-,+,+,-,-,-,-,-,+,-,+,+,+,-,-,+,+,-,-,0,-,0,0
θˤʰ,-,-,+,+,-,-,-,-,-,+,-,+,+,+,-,-,+,+,-,-,0,-,0,0
ð̤ˤ,-,-,+,+,-,-,-,-,+,+,-,+,+,+,-,-,+,+,-,-,0,-,0,0
fʰˤ,-,-,+,+,-,-,-,+,-,+,-,+,-,0,+,-,+,+,-,-,0,-,0,0
ɸʰˤ,-,-,+,+,-,-,-,-,-,+,-,+,-,0,+,-,+,+,-,-,0,-,0,0
fˤʰ,-,-,+,+,-,-,-,+,-,+,-,+,-,0,+,-,+,+,-,-,0,-,0,0
ɸˤʰ,-,-,+,+,-,-,-,-,-,+,-,+,-,0,+,-,+,+,-,-,0,-,0,0
v̤ˤ,-,-,+,+,-,-,-,+,+,+,-,+,-,0,+,-,+,+,-,-,0,-,0,0
β̤ˤ,-,-,+,+,-,-,-,-,+,+,-,+,-,0,+,-,+,+,-,-,0,-,0,0
xʰʲ,-,-,+,+,-,-,-,-,-,+,-,-,-,0,-,+,-,-,-,-,0,-,0,0
çʰʲ,-,-,+,+,-,-,-,-,-,+,-,-,-,0,-,+,-,-,-,-,0,-,0,0
χʰʲ,-,-,+,+,-,-,-,+,-,+,-,-,-,0,-,+,-,-,-,-,0,-,0,0
hʰʲ,-,-,+,+,-,-,-,-,-,+,-,-,-,0,-,+,-,-,-,-,0,-,0,0
xʲʰ,-,-,+,+,-,-,-,-,-,+,-,-,-,0,-,+,-,-,-,-,0,-,0,0
çʲʰ,-,-,+,+,-,-,-,-,-,+,-,-,-,0,-,+,-,-,-,-,0,-,0,0
χʲʰ,-,-,+,+,-,-,-,+,-,+,-,-,-,0,-,+,-,-,-,-,0,-,0,0
hʲʰ,-,-,+,+,-,-,-,-,-,+,-,-,-,0,-,+,-,-,-,-,0,-,0,0
hʲ,-,-,+,+,-,-,-,-,-,+,-,-,-,0,-,+,-,-,-,-,0,-,0,0
ç̠ʰ,-,-,+,+,-,-,-,-,-,+,-,-,-,0,-,+,-,-,-,-,0,-,0,0
ʝ̤̥,-,-,+,+,-,-,-,-,-,+,-,-,-,0,-,+,-,-,-,-,0,-,0,0
çʰ,-,-,+,+,-,-,-,-,-,+,-,-,-,0,-,+,-,-,-,-,0,-,0,0
h̥ʲ,-,-,+,+,-,-,-,-,-,+,-,-,-,0,-,+,-,-,-,-,0,-,0,0
ɦ̥ʲ,-,-,+,+,-,-,-,-,-,+,-,-,-,0,-,+,-,-,-,-,0,-,0,0
ɦʲ,-,-,+,+,-,-,-,-,+,+,-,-,-,0,-,+,-,-,-,-,0,-,0,0
ʝ̤,-,-,+,+,-,-,-,-,+,+,-,-,-,0,-,+,-,-,-,-,0,-,0,0
ɣ̤ʲ,-,-,+,+,-,-,-,-,+,+,-,-,-,0,-,+,-,-,-,-,0,-,0,0
ʁ̤ʲ,-,-,+,+,-,-,-,+,+,+,-,-,-,0,-,+,-,-,-,-,0,-,0,0
ʝ̤ʲ,-,-,+,+,-,-,-,-,+,+,-,-,-,0,-,+,-,-,-,-,0,-,0,0
ɦ̤ʲ,-,-,+,+,-,-,-,-,+,+,-,-,-,0,-,+,-,-,-,-,0,-,0,0
hʲː,-,-,+,+,-,-,-,-,-,+,-,-,-,0,-,+,-,-,-,-,0,+,0,0
çʰː,-,-,+,+,-,-,-,-,-,+,-,-,-,0,-,+,-,-,-,-,0,+,0,0
hːʲ,-,-,+,+,-,-,-,-,-,+,-,-,-,0,-,+,-,-,-,-,0,+,0,0
ɦʲː,-,-,+,+,-,-,-,-,+,+,-,-,-,0,-,+,-,-,-,-,0,+,0,0
ɦːʲ,-,-,+,+,-,-,-,-,+,+,-,-,-,0,-,+,-,-,-,-,0,+,0,0
ʝ̤ː,-,-,+,+,-,-,-,-,+,+,-,-,-,0,-,+,-,-,-,-,0,+,0,0
hᶣ,-,-,+,+,-,-,-,-,-,+,-,-,-,0,-,+,-,-,+,-,0,-,0,0
xʰᶣ,-,-,+,+,-,-,-,-,-,+,-,-,-,0,-,+,-,-,+,-,0,-,0,0
çʰᶣ,-,-,+,+,-,-,-,-,-,+,-,-,-,0,-,+,-,-,+,-,0,-,0,0
χʰᶣ,-,-,+,+,-,-,-,+,-,+,-,-,-,0,-,+,-,-,+,-,0,-,0,0
hʰᶣ,-,-,+,+,-,-,-,-,-,+,-,-,-,0,-,+,-,-,+,-,0,-,0,0
ɦᶣ,-,-,+,+,-,-,-,-,+,+,-,-,-,0,-,+,-,-,+,-,0,-,0,0
xʰˠ,-,-,+,+,-,-,-,-,-,+,-,-,-,0,-,+,-,+,-,-,0,-,0,0
çʰˠ,-,-,+,+,-,-,-,-,-,+,-,-,-,0,-,+,-,+,-,-,0,-,0,0
χʰˠ,-,-,+,+,-,-,-,+,-,+,-,-,-,0,-,+,-,+,-,-,0,-,0,0
hʰˠ,-,-,+,+,-,-,-,-,-,+,-,-,-,0,-,+,-,+,-,-,0,-,0,0
hˠ,-,-,+,+,-,-,-,-,-,+,-,-,-,0,-,+,-,+,-,-,0,-,0,0
x̠ʰ,-,-,+,+,-,-,-,-,-,+,-,-,-,0,-,+,-,+,-,-,0,-,0,0
ɣ̤̥,-,-,+,+,-,-,-,-,-,+,-,-,-,0,-,+,-,+,-,-,0,-,0,0
xʰ,-,-,+,+,-,-,-,-,-,+,-,-,-,0,-,+,-,+,-,-,0,-,0,0
h̥ˠ,-,-,+,+,-,-,-,-,-,+,-,-,-,0,-,+,-,+,-,-,0,-,0,0
ɦ̥ˠ,-,-,+,+,-,-,-,-,-,+,-,-,-,0,-,+,-,+,-,-,0,-,0,0
ɣ̤,-,-,+,+,-,-,-,-,+,+,-,-,-,0,-,+,-,+,-,-,0,-,0,0
ɦˠ,-,-,+,+,-,-,-,-,+,+,-,-,-,0,-,+,-,+,-,-,0,-,0,0
ɣ̤ˠ,-,-,+,+,-,-,-,-,+,+,-,-,-,0,-,+,-,+,-,-,0,-,0,0
ʁ̤ˠ,-,-,+,+,-,-,-,+,+,+,-,-,-,0,-,+,-,+,-,-,0,-,0,0
ʝ̤ˠ,-,-,+,+,-,-,-,-,+,+,-,-,-,0,-,+,-,+,-,-,0,-,0,0
ɦ̤ˠ,-,-,+,+,-,-,-,-,+,+,-,-,-,0,-,+,-,+,-,-,0,-,0,0
xʰː,-,-,+,+,-,-,-,-,-,+,-,-,-,0,-,+,-,+,-,-,0,+,0,0
hːˠ,-,-,+,+,-,-,-,-,-,+,-,-,-,0,-,+,-,+,-,-,0,+,0,0
ɦːˠ,-,-,+,+,-,-,-,-,+,+,-,-,-,0,-,+,-,+,-,-,0,+,0,0
ɣ̤ː,-,-,+,+,-,-,-,-,+,+,-,-,-,0,-,+,-,+,-,-,0,+,0,0
ɦ̠̊˔ʷ,-,-,+,+,-,-,-,-,-,+,-,-,-,0,-,+,-,+,+,-,0,-,0,0
h̠̊˔ʷ,-,-,+,+,-,-,-,-,-,+,-,-,-,0,-,+,-,+,+,-,0,-,0,0
hʲʷ,-,-,+,+,-,-,-,-,-,+,-,-,-,0,-,+,-,+,+,-,0,-,0,0
xʰʷ,-,-,+,+,-,-,-,-,-,+,-,-,-,0,-,+,-,+,+,-,0,-,0,0
çʰʷ,-,-,+,+,-,-,-,-,-,+,-,-,-,0,-,+,-,+,+,-,0,-,0,0
χʰʷ,-,-,+,+,-,-,-,+,-,+,-,-,-,0,-,+,-,+,+,-,0,-,0,0
hʰʷ,-,-,+,+,-,-,-,-,-,+,-,-,-,0,-,+,-,+,+,-,0,-,0,0
h̝̊ʷ,-,-,+,+,-,-,-,-,-,+,-,-,-,0,-,+,-,+,+,-,0,-,0,0
ɦ̝̊ʷ,-,-,+,+,-,-,-,-,-,+,-,-,-,0,-,+,-,+,+,-,0,-,0,0
h̝ʷ,-,-,+,+,-,-,-,-,-,+,-,-,-,0,-,+,-,+,+,-,0,-,0,0
xʲʷʰ,-,-,+,+,-,-,-,-,-,+,-,-,-,0,-,+,-,+,+,-,0,-,0,0
çʲʷʰ,-,-,+,+,-,-,-,-,-,+,-,-,-,0,-,+,-,+,+,-,0,-,0,0
χʲʷʰ,-,-,+,+,-,-,-,+,-,+,-,-,-,0,-,+,-,+,+,-,0,-,0,0
hʲʷʰ,-,-,+,+,-,-,-,-,-,+,-,-,-,0,-,+,-,+,+,-,0,-,0,0
h̠ʷ,-,-,+,+,-,-,-,-,-,+,-,-,-,0,-,+,-,+,+,-,0,-,0,0
hʷ,-,-,+,+,-,-,-,-,-,+,-,-,-,0,-,+,-,+,+,-,0,-,0,0
h̠˔ʷ,-,-,+,+,-,-,-,-,-,+,-,-,-,0,-,+,-,+,+,-,0,-,0,0
xʷʰ,-,-,+,+,-,-,-,-,-,+,-,-,-,0,-,+,-,+,+,-,0,-,0,0
çʷʰ,-,-,+,+,-,-,-,-,-,+,-,-,-,0,-,+,-,+,+,-,0,-,0,0
χʷʰ,-,-,+,+,-,-,-,+,-,+,-,-,-,0,-,+,-,+,+,-,0,-,0,0
hʷʰ,-,-,+,+,-,-,-,-,-,+,-,-,-,0,-,+,-,+,+,-,0,-,0,0
hʷˠ,-,-,+,+,-,-,-,-,-,+,-,-,-,0,-,+,-,+,+,-,0,-,0,0
xʷˠʰ,-,-,+,+,-,-,-,-,-,+,-,-,-,0,-,+,-,+,+,-,0,-,0,0
çʷˠʰ,-,-,+,+,-,-,-,-,-,+,-,-,-,0,-,+,-,+,+,-,0,-,0,0
χʷˠʰ,-,-,+,+,-,-,-,+,-,+,-,-,-,0,-,+,-,+,+,-,0,-,0,0
hʷˠʰ,-,-,+,+,-,-,-,-,-,+,-,-,-,0,-,+,-,+,+,-,0,-,0,0
h̥ʷ,-,-,+,+,-,-,-,-,-,+,-,-,-,0,-,+,-,+,+,-,0,-,0,0
ɦ̥ʷ,-,-,+,+,-,-,-,-,-,+,-,-,-,0,-,+,-,+,+,-,0,-,0,0
ɦʲʷ,-,-,+,+,-,-,-,-,+,+,-,-,-,0,-,+,-,+,+,-,0,-,0,0
ɦ̝ʷ,-,-,+,+,-,-,-,-,+,+,-,-,-,0,-,+,-,+,+,-,0,-,0,0
ɦ̠ʷ,-,-,+,+,-,-,-,-,+,+,-,-,-,0,-,+,-,+,+,-,0,-,0,0
ɦʷ,-,-,+,+,-,-,-,-,+,+,-,-,-,0,-,+,-,+,+,-,0,-,0,0
ɦ̠˔ʷ,-,-,+,+,-,-,-,-,+,+,-,-,-,0,-,+,-,+,+,-,0,-,0,0
ɣ̤ʷ,-,-,+,+,-,-,-,-,+,+,-,-,-,0,-,+,-,+,+,-,0,-,0,0
ʁ̤ʷ,-,-,+,+,-,-,-,+,+,+,-,-,-,0,-,+,-,+,+,-,0,-,0,0
ʝ̤ʷ,-,-,+,+,-,-,-,-,+,+,-,-,-,0,-,+,-,+,+,-,0,-,0,0
ɦ̤ʷ,-,-,+,+,-,-,-,-,+,+,-,-,-,0,-,+,-,+,+,-,0,-,0,0
ɦʷˠ,-,-,+,+,-,-,-,-,+,+,-,-,-,0,-,+,-,+,+,-,0,-,0,0
hʷː,-,-,+,+,-,-,-,-,-,+,-,-,-,0,-,+,-,+,+,-,0,+,0,0
hːʷ,-,-,+,+,-,-,-,-,-,+,-,-,-,0,-,+,-,+,+,-,0,+,0,0
xʷʰː,-,-,+,+,-,-,-,-,-,+,-,-,-,0,-,+,-,+,+,-,0,+,0,0
çʷʰː,-,-,+,+,-,-,-,-,-,+,-,-,-,0,-,+,-,+,+,-,0,+,0,0
χʷʰː,-,-,+,+,-,-,-,+,-,+,-,-,-,0,-,+,-,+,+,-,0,+,0,0
hʷʰː,-,-,+,+,-,-,-,-,-,+,-,-,-,0,-,+,-,+,+,-,0,+,0,0
ɦʷː,-,-,+,+,-,-,-,-,+,+,-,-,-,0,-,+,-,+,+,-,0,+,0,0
ɦːʷ,-,-,+,+,-,-,-,-,+,+,-,-,-,0,-,+,-,+,+,-,0,+,0,0
ʂʰʲ,-,-,+,+,-,-,-,+,-,+,-,-,+,-,-,+,-,-,-,-,0,-,0,0
ʂʲʰ,-,-,+,+,-,-,-,+,-,+,-,-,+,-,-,+,-,-,-,-,0,-,0,0
ʐ̤ʲ,-,-,+,+,-,-,-,+,+,+,-,-,+,-,-,+,-,-,-,-,0,-,0,0
ʂʰᶣ,-,-,+,+,-,-,-,+,-,+,-,-,+,-,-,+,-,-,+,-,0,-,0,0
ʂʰˠ,-,-,+,+,-,-,-,+,-,+,-,-,+,-,-,+,-,+,-,-,0,-,0,0
ʐ̤ˠ,-,-,+,+,-,-,-,+,+,+,-,-,+,-,-,+,-,+,-,-,0,-,0,0
ʂʰʷ,-,-,+,+,-,-,-,+,-,+,-,-,+,-,-,+,-,+,+,-,0,-,0,0
ʂʲʷʰ,-,-,+,+,-,-,-,+,-,+,-,-,+,-,-,+,-,+,+,-,0,-,0,0
ʂʷʰ,-,-,+,+,-,-,-,+,-,+,-,-,+,-,-,+,-,+,+,-,0,-,0,0
ʂʷˠʰ,-,-,+,+,-,-,-,+,-,+,-,-,+,-,-,+,-,+,+,-,0,-,0,0
ʐ̤ʷ,-,-,+,+,-,-,-,+,+,+,-,-,+,-,-,+,-,+,+,-,0,-,0,0
ʂʷʰː,-,-,+,+,-,-,-,+,-,+,-,-,+,-,-,+,-,+,+,-,0,+,0,0
ɧ̠ʰ,-,-,+,+,-,-,-,-,-,+,-,-,+,+,-,+,-,0,-,-,0,-,0,0
ɧʰ,-,-,+,+,-,-,-,-,-,+,-,-,+,+,-,+,-,0,-,-,0,-,0,0
ɧʰː,-,-,+,+,-,-,-,-,-,+,-,-,+,+,-,+,-,0,-,-,0,+,0,0
ʃʰʲ,-,-,+,+,-,-,-,+,-,+,-,-,+,+,-,+,-,-,-,-,0,-,0,0
ɧʰʲ,-,-,+,+,-,-,-,-,-,+,-,-,+,+,-,+,-,-,-,-,0,-,0,0
ɕʰʲ,-,-,+,+,-,-,-,+,-,+,-,-,+,+,-,+,-,-,-,-,0,-,0,0
ʃʲʰ,-,-,+,+,-,-,-,+,-,+,-,-,+,+,-,+,-,-,-,-,0,-,0,0
ɧʲʰ,-,-,+,+,-,-,-,-,-,+,-,-,+,+,-,+,-,-,-,-,0,-,0,0
ɕʲʰ,-,-,+,+,-,-,-,+,-,+,-,-,+,+,-,+,-,-,-,-,0,-,0,0
ɕ̠ʰ,-,-,+,+,-,-,-,+,-,+,-,-,+,+,-,+,-,-,-,-,0,-,0,0
ʑ̤̥,-,-,+,+,-,-,-,+,-,+,-,-,+,+,-,+,-,-,-,-,0,-,0,0
ɕʰ,-,-,+,+,-,-,-,+,-,+,-,-,+,+,-,+,-,-,-,-,0,-,0,0
ʑ̤,-,-,+,+,-,-,-,+,+,+,-,-,+,+,-,+,-,-,-,-,0,-,0,0
ʒ̤ʲ,-,-,+,+,-,-,-,+,+,+,-,-,+,+,-,+,-,-,-,-,0,-,0,0
ʑ̤ʲ,-,-,+,+,-,-,-,+,+,+,-,-,+,+,-,+,-,-,-,-,0,-,0,0
ɕʰː,-,-,+,+,-,-,-,+,-,+,-,-,+,+,-,+,-,-,-,-,0,+,0,0
ʑ̤ː,-,-,+,+,-,-,-,+,+,+,-,-,+,+,-,+,-,-,-,-,0,+,0,0
ʃʰᶣ,-,-,+,+,-,-,-,+,-,+,-,-,+,+,-,+,-,-,+,-,0,-,0,0
ɧʰᶣ,-,-,+,+,-,-,-,-,-,+,-,-,+,+,-,+,-,-,+,-,0,-,0,0
ɕʰᶣ,-,-,+,+,-,-,-,+,-,+,-,-,+,+,-,+,-,-,+,-,0,-,0,0
ʃʰˠ,-,-,+,+,-,-,-,+,-,+,-,-,+,+,-,+,-,+,-,-,0,-,0,0
ɧʰˠ,-,-,+,+,-,-,-,-,-,+,-,-,+,+,-,+,-,+,-,-,0,-,0,0
ɕʰˠ,-,-,+,+,-,-,-,+,-,+,-,-,+,+,-,+,-,+,-,-,0,-,0,0
ʒ̤ˠ,-,-,+,+,-,-,-,+,+,+,-,-,+,+,-,+,-,+,-,-,0,-,0,0
ʑ̤ˠ,-,-,+,+,-,-,-,+,+,+,-,-,+,+,-,+,-,+,-,-,0,-,0,0
ʃʰʷ,-,-,+,+,-,-,-,+,-,+,-,-,+,+,-,+,-,+,+,-,0,-,0,0
ɧʰʷ,-,-,+,+,-,-,-,-,-,+,-,-,+,+,-,+,-,+,+,-,0,-,0,0
ɕʰʷ,-,-,+,+,-,-,-,+,-,+,-,-,+,+,-,+,-,+,+,-,0,-,0,0
ʃʲʷʰ,-,-,+,+,-,-,-,+,-,+,-,-,+,+,-,+,-,+,+,-,0,-,0,0
ɧʲʷʰ,-,-,+,+,-,-,-,-,-,+,-,-,+,+,-,+,-,+,+,-,0,-,0,0
ɕʲʷʰ,-,-,+,+,-,-,-,+,-,+,-,-,+,+,-,+,-,+,+,-,0,-,0,0
ʃʷʰ,-,-,+,+,-,-,-,+,-,+,-,-,+,+,-,+,-,+,+,-,0,-,0,0
ɧʷʰ,-,-,+,+,-,-,-,-,-,+,-,-,+,+,-,+,-,+,+,-,0,-,0,0
ɕʷʰ,-,-,+,+,-,-,-,+,-,+,-,-,+,+,-,+,-,+,+,-,0,-,0,0
ʃʷˠʰ,-,-,+,+,-,-,-,+,-,+,-,-,+,+,-,+,-,+,+,-,0,-,0,0
ɧʷˠʰ,-,-,+,+,-,-,-,-,-,+,-,-,+,+,-,+,-,+,+,-,0,-,0,0
ɕʷˠʰ,-,-,+,+,-,-,-,+,-,+,-,-,+,+,-,+,-,+,+,-,0,-,0,0
ʒ̤ʷ,-,-,+,+,-,-,-,+,+,+,-,-,+,+,-,+,-,+,+,-,0,-,0,0
ʑ̤ʷ,-,-,+,+,-,-,-,+,+,+,-,-,+,+,-,+,-,+,+,-,0,-,0,0
ʃʷʰː,-,-,+,+,-,-,-,+,-,+,-,-,+,+,-,+,-,+,+,-,0,+,0,0
ɧʷʰː,-,-,+,+,-,-,-,-,-,+,-,-,+,+,-,+,-,+,+,-,0,+,0,0
ɕʷʰː,-,-,+,+,-,-,-,+,-,+,-,-,+,+,-,+,-,+,+,-,0,+,0,0
sʰʲ,-,-,+,+,-,-,-,+,-,+,-,+,+,-,-,+,-,-,-,-,0,-,0,0
sʲʰ,-,-,+,+,-,-,-,+,-,+,-,+,+,-,-,+,-,-,-,-,0,-,0,0
z̤ʲ,-,-,+,+,-,-,-,+,+,+,-,+,+,-,-,+,-,-,-,-,0,-,0,0
sʰᶣ,-,-,+,+,-,-,-,+,-,+,-,+,+,-,-,+,-,-,+,-,0,-,0,0
sʰˠ,-,-,+,+,-,-,-,+,-,+,-,+,+,-,-,+,-,+,-,-,0,-,0,0
z̤ˠ,-,-,+,+,-,-,-,+,+,+,-,+,+,-,-,+,-,+,-,-,0,-,0,0
sʰʷ,-,-,+,+,-,-,-,+,-,+,-,+,+,-,-,+,-,+,+,-,0,-,0,0
sʲʷʰ,-,-,+,+,-,-,-,+,-,+,-,+,+,-,-,+,-,+,+,-,0,-,0,0
sʷʰ,-,-,+,+,-,-,-,+,-,+,-,+,+,-,-,+,-,+,+,-,0,-,0,0
sʷˠʰ,-,-,+,+,-,-,-,+,-,+,-,+,+,-,-,+,-,+,+,-,0,-,0,0
z̤ʷ,-,-,+,+,-,-,-,+,+,+,-,+,+,-,-,+,-,+,+,-,0,-,0,0
sʷʰː,-,-,+,+,-,-,-,+,-,+,-,+,+,-,-,+,-,+,+,-,0,+,0,0
θʰʲ,-,-,+,+,-,-,-,-,-,+,-,+,+,+,-,+,-,-,-,-,0,-,0,0
θʲʰ,-,-,+,+,-,-,-,-,-,+,-,+,+,+,-,+,-,-,-,-,0,-,0,0
ð̤ʲ,-,-,+,+,-,-,-,-,+,+,-,+,+,+,-,+,-,-,-,-,0,-,0,0
θʰᶣ,-,-,+,+,-,-,-,-,-,+,-,+,+,+,-,+,-,-,+,-,0,-,0,0
θʰˠ,-,-,+,+,-,-,-,-,-,+,-,+,+,+,-,+,-,+,-,-,0,-,0,0
ð̤ˠ,-,-,+,+,-,-,-,-,+,+,-,+,+,+,-,+,-,+,-,-,0,-,0,0
θʰʷ,-,-,+,+,-,-,-,-,-,+,-,+,+,+,-,+,-,+,+,-,0,-,0,0
θʲʷʰ,-,-,+,+,-,-,-,-,-,+,-,+,+,+,-,+,-,+,+,-,0,-,0,0
θʷʰ,-,-,+,+,-,-,-,-,-,+,-,+,+,+,-,+,-,+,+,-,0,-,0,0
θʷˠʰ,-,-,+,+,-,-,-,-,-,+,-,+,+,+,-,+,-,+,+,-,0,-,0,0
ð̤ʷ,-,-,+,+,-,-,-,-,+,+,-,+,+,+,-,+,-,+,+,-,0,-,0,0
θʷʰː,-,-,+,+,-,-,-,-,-,+,-,+,+,+,-,+,-,+,+,-,0,+,0,0
fʰʲ,-,-,+,+,-,-,-,+,-,+,-,+,-,0,+,+,-,-,-,-,0,-,0,0
ɸʰʲ,-,-,+,+,-,-,-,-,-,+,-,+,-,0,+,+,-,-,-,-,0,-,0,0
fʲʰ,-,-,+,+,-,-,-,+,-,+,-,+,-,0,+,+,-,-,-,-,0,-,0,0
ɸʲʰ,-,-,+,+,-,-,-,-,-,+,-,+,-,0,+,+,-,-,-,-,0,-,0,0
v̤ʲ,-,-,+,+,-,-,-,+,+,+,-,+,-,0,+,+,-,-,-,-,0,-,0,0
β̤ʲ,-,-,+,+,-,-,-,-,+,+,-,+,-,0,+,+,-,-,-,-,0,-,0,0
fʰˠ,-,-,+,+,-,-,-,+,-,+,-,+,-,0,+,+,-,+,-,-,0,-,0,0
ɸʰˠ,-,-,+,+,-,-,-,-,-,+,-,+,-,0,+,+,-,+,-,-,0,-,0,0
v̤ˠ,-,-,+,+,-,-,-,+,+,+,-,+,-,0,+,+,-,+,-,-,0,-,0,0
β̤ˠ,-,-,+,+,-,-,-,-,+,+,-,+,-,0,+,+,-,+,-,-,0,-,0,0
fʰʷ,-,-,+,+,-,-,-,+,-,+,-,+,-,0,+,+,-,+,+,-,0,-,0,0
ɸʰʷ,-,-,+,+,-,-,-,-,-,+,-,+,-,0,+,+,-,+,+,-,0,-,0,0
fʲʷʰ,-,-,+,+,-,-,-,+,-,+,-,+,-,0,+,+,-,+,+,-,0,-,0,0
ɸʲʷʰ,-,-,+,+,-,-,-,-,-,+,-,+,-,0,+,+,-,+,+,-,0,-,0,0
fʷʰ,-,-,+,+,-,-,-,+,-,+,-,+,-,0,+,+,-,+,+,-,0,-,0,0
ɸʷʰ,-,-,+,+,-,-,-,-,-,+,-,+,-,0,+,+,-,+,+,-,0,-,0,0
fʷˠʰ,-,-,+,+,-,-,-,+,-,+,-,+,-,0,+,+,-,+,+,-,0,-,0,0
ɸʷˠʰ,-,-,+,+,-,-,-,-,-,+,-,+,-,0,+,+,-,+,+,-,0,-,0,0
v̤ʷ,-,-,+,+,-,-,-,+,+,+,-,+,-,0,+,+,-,+,+,-,0,-,0,0
β̤ʷ,-,-,+,+,-,-,-,-,+,+,-,+,-,0,+,+,-,+,+,-,0,-,0,0
ɸʷʰː,-,-,+,+,-,-,-,-,-,+,-,+,-,0,+,+,-,+,+,-,0,+,0,0
fʷʰː,-,-,+,+,-,-,-,+,-,+,-,+,-,0,+,+,-,+,+,-,0,+,0,0
ħʰʲ,-,-,+,+,-,-,-,-,-,+,-,-,-,0,-,+,+,-,-,-,0,-,0,0
ħʲʰ,-,-,+,+,-,-,-,-,-,+,-,-,-,0,-,+,+,-,-,-,0,-,0,0
ʕ̤ʲ,-,-,+,+,-,-,-,-,+,+,-,-,-,0,-,+,+,-,-,-,0,-,0,0
ħʰᶣ,-,-,+,+,-,-,-,-,-,+,-,-,-,0,-,+,+,-,+,-,0,-,0,0
ħʰˠ,-,-,+,+,-,-,-,-,-,+,-,-,-,0,-,+,+,+,-,-,0,-,0,0
xʰˤ,-,-,+,+,-,-,-,-,-,+,-,-,-,0,-,+,+,+,-,-,0,-,0,0
çʰˤ,-,-,+,+,-,-,-,-,-,+,-,-,-,0,-,+,+,+,-,-,0,-,0,0
xˤʰ,-,-,+,+,-,-,-,-,-,+,-,-,-,0,-,+,+,+,-,-,0,-,0,0
çˤʰ,-,-,+,+,-,-,-,-,-,+,-,-,-,0,-,+,+,+,-,-,0,-,0,0
ʕ̤ˠ,-,-,+,+,-,-,-,-,+,+,-,-,-,0,-,+,+,+,-,-,0,-,0,0
ɣ̤ˤ,-,-,+,+,-,-,-,-,+,+,-,-,-,0,-,+,+,+,-,-,0,-,0,0
ʝ̤ˤ,-,-,+,+,-,-,-,-,+,+,-,-,-,0,-,+,+,+,-,-,0,-,0,0
xʷˤʰ,-,-,+,+,-,-,-,-,-,+,-,-,-,0,-,+,+,+,+,-,0,-,0,0
çʷˤʰ,-,-,+,+,-,-,-,-,-,+,-,-,-,0,-,+,+,+,+,-,0,-,0,0
ħʷˤʰ,-,-,+,+,-,-,-,-,-,+,-,-,-,0,-,+,+,+,+,-,0,-,0,0
χʷˤʰ,-,-,+,+,-,-,-,+,-,+,-,-,-,0,-,+,+,+,+,-,0,-,0,0
hʷˤʰ,-,-,+,+,-,-,-,-,-,+,-,-,-,0,-,+,+,+,+,-,0,-,0,0
ħʰʷ,-,-,+,+,-,-,-,-,-,+,-,-,-,0,-,+,+,+,+,-,0,-,0,0
ħʲʷʰ,-,-,+,+,-,-,-,-,-,+,-,-,-,0,-,+,+,+,+,-,0,-,0,0
ħʷʰ,-,-,+,+,-,-,-,-,-,+,-,-,-,0,-,+,+,+,+,-,0,-,0,0
ħʷˠʰ,-,-,+,+,-,-,-,-,-,+,-,-,-,0,-,+,+,+,+,-,0,-,0,0
hʷˤ,-,-,+,+,-,-,-,-,-,+,-,-,-,0,-,+,+,+,+,-,0,-,0,0
ʕ̤ʷ,-,-,+,+,-,-,-,-,+,+,-,-,-,0,-,+,+,+,+,-,0,-,0,0
ɦʷˤ,-,-,+,+,-,-,-,-,+,+,-,-,-,0,-,+,+,+,+,-,0,-,0,0
ħʷʰː,-,-,+,+,-,-,-,-,-,+,-,-,-,0,-,+,+,+,+,-,0,+,0,0
ʂʷˤʰ,-,-,+,+,-,-,-,+,-,+,-,-,+,-,-,+,+,+,+,-,0,-,0,0
ɧʰˤ,-,-,+,+,-,-,-,-,-,+,-,-,+,+,-,+,+,+,-,-,0,-,0,0
ɕʰˤ,-,-,+,+,-,-,-,+,-,+,-,-,+,+,-,+,+,+,-,-,0,-,0,0
ɧˤʰ,-,-,+,+,-,-,-,-,-,+,-,-,+,+,-,+,+,+,-,-,0,-,0,0
ɕˤʰ,-,-,+,+,-,-,-,+,-,+,-,-,+,+,-,+,+,+,-,-,0,-,0,0
ʑ̤ˤ,-,-,+,+,-,-,-,+,+,+,-,-,+,+,-,+,+,+,-,-,0,-,0,0
ʃʷˤʰ,-,-,+,+,-,-,-,+,-,+,-,-,+,+,-,+,+,+,+,-,0,-,0,0
ɧʷˤʰ,-,-,+,+,-,-,-,-,-,+,-,-,+,+,-,+,+,+,+,-,0,-,0,0
ɕʷˤʰ,-,-,+,+,-,-,-,+,-,+,-,-,+,+,-,+,+,+,+,-,0,-,0,0
sʷˤʰ,-,-,+,+,-,-,-,+,-,+,-,+,+,-,-,+,+,+,+,-,0,-,0,0
θʷˤʰ,-,-,+,+,-,-,-,-,-,+,-,+,+,+,-,+,+,+,+,-,0,-,0,0
fʷˤʰ,-,-,+,+,-,-,-,+,-,+,-,+,-,0,+,+,+,+,+,-,0,-,0,0
ɸʷˤʰ,-,-,+,+,-,-,-,-,-,+,-,+,-,0,+,+,+,+,+,-,0,-,0,0
hʼ,-,-,+,+,-,-,-,-,-,+,+,-,-,0,-,-,-,+,-,-,0,-,0,0
ɦ̰,-,-,+,+,-,-,-,-,+,+,+,-,-,0,-,-,-,+,-,-,0,-,0,0
hʼː,-,-,+,+,-,-,-,-,-,+,+,-,-,0,-,-,-,+,-,-,0,+,0,0
ɦ̰ː,-,-,+,+,-,-,-,-,+,+,+,-,-,0,-,-,-,+,-,-,0,+,0,0
hˤʼ,-,-,+,+,-,-,-,-,-,+,+,-,-,0,-,-,+,+,-,-,0,-,0,0
ɦ̰ˤ,-,-,+,+,-,-,-,-,+,+,+,-,-,0,-,-,+,+,-,-,0,-,0,0
hʲʼ,-,-,+,+,-,-,-,-,-,+,+,-,-,0,-,+,-,-,-,-,0,-,0,0
hʼʲ,-,-,+,+,-,-,-,-,-,+,+,-,-,0,-,+,-,-,-,-,0,-,0,0
ɦ̰ʲ,-,-,+,+,-,-,-,-,+,+,+,-,-,0,-,+,-,-,-,-,0,-,0,0
ɦ̰ˠ,-,-,+,+,-,-,-,-,+,+,+,-,-,0,-,+,-,+,-,-,0,-,0,0
hʷʼ,-,-,+,+,-,-,-,-,-,+,+,-,-,0,-,+,-,+,+,-,0,-,0,0
hʼʷ,-,-,+,+,-,-,-,-,-,+,+,-,-,0,-,+,-,+,+,-,0,-,0,0
ɦ̰ʷ,-,-,+,+,-,-,-,-,+,+,+,-,-,0,-,+,-,+,+,-,0,-,0,0
hʷˤʼ,-,-,+,+,-,-,-,-,-,+,+,-,-,0,-,+,+,+,+,-,0,-,0,0
ɮ̠̊,-,-,+,+,-,+,-,-,-,-,-,-,+,-,-,0,0,0,-,-,0,-,0,0
ɮ̠̊˔,-,-,+,+,-,+,-,-,-,-,-,-,+,-,-,0,0,0,-,-,0,-,0,0
ɮ̝̊,-,-,+,+,-,+,-,-,-,-,-,-,+,-,-,0,0,0,-,-,0,-,0,0
ɮ̥,-,-,+,+,-,+,-,-,-,-,-,-,+,-,-,0,0,0,-,-,0,-,0,0
ɮ̊,-,-,+,+,-,+,-,-,-,-,-,-,+,-,-,0,0,0,-,-,0,-,0,0
ɮ̟,-,-,+,+,-,+,-,-,+,-,-,-,+,-,-,0,0,0,-,-,0,-,0,0
ɮ̠,-,-,+,+,-,+,-,-,+,-,-,-,+,-,-,0,0,0,-,-,0,-,0,0
ɮ̝,-,-,+,+,-,+,-,-,+,-,-,-,+,-,-,0,0,0,-,-,0,-,0,0
ɮ˔,-,-,+,+,-,+,-,-,+,-,-,-,+,-,-,0,0,0,-,-,0,-,0,0
ɮ̞,-,-,+,+,-,+,-,-,+,-,-,-,+,-,-,0,0,0,-,-,0,-,0,0
ɮ,-,-,+,+,-,+,-,-,+,-,-,-,+,-,-,0,0,0,-,-,0,-,0,0
ɮ̺,-,-,+,+,-,+,-,-,+,-,-,-,+,-,-,0,0,0,-,-,0,-,0,0
ɮ̥ː,-,-,+,+,-,+,-,-,-,-,-,-,+,-,-,0,0,0,-,-,0,+,0,0
ɮ̟ː,-,-,+,+,-,+,-,-,+,-,-,-,+,-,-,0,0,0,-,-,0,+,0,0
ɮː,-,-,+,+,-,+,-,-,+,-,-,-,+,-,-,0,0,0,-,-,0,+,0,0
ɮˑ,-,-,+,+,-,+,-,-,+,-,-,-,+,-,-,0,0,0,-,-,0,+,0,0
ɮ̝ː,-,-,+,+,-,+,-,-,+,-,-,-,+,-,-,0,0,0,-,-,0,+,0,0
ɮ̞ː,-,-,+,+,-,+,-,-,+,-,-,-,+,-,-,0,0,0,-,-,0,+,0,0
ɮ̻,-,-,+,+,-,+,-,-,+,-,-,-,+,+,-,0,0,0,-,-,0,-,0,0
ɮ̻̝ː,-,-,+,+,-,+,-,-,+,-,-,-,+,+,-,0,0,0,-,-,0,+,0,0
ɬ̠̊,-,-,+,+,-,+,-,-,-,-,-,+,+,-,-,0,0,0,-,-,0,-,0,0
ɬ̟,-,-,+,+,-,+,-,-,-,-,-,+,+,-,-,0,0,0,-,-,0,-,0,0
ɬ̠̊˔,-,-,+,+,-,+,-,-,-,-,-,+,+,-,-,0,0,0,-,-,0,-,0,0
ɬ̝̊,-,-,+,+,-,+,-,-,-,-,-,+,+,-,-,0,0,0,-,-,0,-,0,0
ɬ̠,-,-,+,+,-,+,-,-,-,-,-,+,+,-,-,0,0,0,-,-,0,-,0,0
ɬ̝,-,-,+,+,-,+,-,-,-,-,-,+,+,-,-,0,0,0,-,-,0,-,0,0
ɬ˔,-,-,+,+,-,+,-,-,-,-,-,+,+,-,-,0,0,0,-,-,0,-,0,0
ɬ̞,-,-,+,+,-,+,-,-,-,-,-,+,+,-,-,0,0,0,-,-,0,-,0,0
ɬ̥,-,-,+,+,-,+,-,-,-,-,-,+,+,-,-,0,0,0,-,-,0,-,0,0
ɬ,-,-,+,+,-,+,-,-,-,-,-,+,+,-,-,0,0,0,-,-,0,-,0,0
ɬ̺,-,-,+,+,-,+,-,-,-,-,-,+,+,-,-,0,0,0,-,-,0,-,0,0
ɬ̊,-,-,+,+,-,+,-,-,-,-,-,+,+,-,-,0,0,0,-,-,0,-,0,0
ɬ̬,-,-,+,+,-,+,-,-,+,-,-,+,+,-,-,0,0,0,-,-,0,-,0,0
ɬ̥ː,-,-,+,+,-,+,-,-,-,-,-,+,+,-,-,0,0,0,-,-,0,+,0,0
ɬ̟ː,-,-,+,+,-,+,-,-,-,-,-,+,+,-,-,0,0,0,-,-,0,+,0,0
ɬː,-,-,+,+,-,+,-,-,-,-,-,+,+,-,-,0,0,0,-,-,0,+,0,0
ɬˑ,-,-,+,+,-,+,-,-,-,-,-,+,+,-,-,0,0,0,-,-,0,+,0,0
ɬ̝ː,-,-,+,+,-,+,-,-,-,-,-,+,+,-,-,0,0,0,-,-,0,+,0,0
ɬ̞ː,-,-,+,+,-,+,-,-,-,-,-,+,+,-,-,0,0,0,-,-,0,+,0,0
ɬ̪̊,-,-,+,+,-,+,-,-,-,-,-,+,+,+,-,0,0,0,-,-,0,-,0,0
ɬ̪,-,-,+,+,-,+,-,-,-,-,-,+,+,+,-,0,0,0,-,-,0,-,0,0
ɬ̻,-,-,+,+,-,+,-,-,-,-,-,+,+,+,-,0,0,0,-,-,0,-,0,0
ɬ̻̝ː,-,-,+,+,-,+,-,-,-,-,-,+,+,+,-,0,0,0,-,-,0,+,0,0
ɬ̼,-,-,+,+,-,+,-,-,-,-,-,+,+,-,+,0,0,0,-,-,0,-,0,0
ɮ̥ˤ,-,-,+,+,-,+,-,-,-,-,-,-,+,-,-,0,+,+,-,-,0,-,0,0
ɮˤ,-,-,+,+,-,+,-,-,+,-,-,-,+,-,-,0,+,+,-,-,0,-,0,0
ɮˤː,-,-,+,+,-,+,-,-,+,-,-,-,+,-,-,0,+,+,-,-,0,+,0,0
ɮːˤ,-,-,+,+,-,+,-,-,+,-,-,-,+,-,-,0,+,+,-,-,0,+,0,0
ɬ̥ˤ,-,-,+,+,-,+,-,-,-,-,-,+,+,-,-,0,+,+,-,-,0,-,0,0
ɬˤ,-,-,+,+,-,+,-,-,-,-,-,+,+,-,-,0,+,+,-,-,0,-,0,0
ɬˤː,-,-,+,+,-,+,-,-,-,-,-,+,+,-,-,0,+,+,-,-,0,+,0,0
ɬːˤ,-,-,+,+,-,+,-,-,-,-,-,+,+,-,-,0,+,+,-,-,0,+,0,0
ɮ̥ʲ,-,-,+,+,-,+,-,-,-,-,-,-,+,-,-,+,0,-,-,-,0,-,0,0
ɮʲ,-,-,+,+,-,+,-,-,+,-,-,-,+,-,-,+,0,-,-,-,0,-,0,0
ɮʲː,-,-,+,+,-,+,-,-,+,-,-,-,+,-,-,+,0,-,-,-,0,+,0,0
ɮːʲ,-,-,+,+,-,+,-,-,+,-,-,-,+,-,-,+,0,-,-,-,0,+,0,0
ɮᶣ,-,-,+,+,-,+,-,-,+,-,-,-,+,-,-,+,0,-,+,-,0,-,0,0
ɮ̥ˠ,-,-,+,+,-,+,-,-,-,-,-,-,+,-,-,+,0,+,-,-,0,-,0,0
ɮˠ,-,-,+,+,-,+,-,-,+,-,-,-,+,-,-,+,0,+,-,-,0,-,0,0
ɮ̴,-,-,+,+,-,+,-,-,+,-,-,-,+,-,-,+,0,+,-,-,0,-,0,0
ɮːˠ,-,-,+,+,-,+,-,-,+,-,-,-,+,-,-,+,0,+,-,-,0,+,0,0
ɮ̠̊˔ʷ,-,-,+,+,-,+,-,-,-,-,-,-,+,-,-,+,0,+,+,-,0,-,0,0
ɮ̝̊ʷ,-,-,+,+,-,+,-,-,-,-,-,-,+,-,-,+,0,+,+,-,0,-,0,0
ɮ̥ʷ,-,-,+,+,-,+,-,-,-,-,-,-,+,-,-,+,0,+,+,-,0,-,0,0
ɮʲʷ,-,-,+,+,-,+,-,-,+,-,-,-,+,-,-,+,0,+,+,-,0,-,0,0
ɮ̝ʷ,-,-,+,+,-,+,-,-,+,-,-,-,+,-,-,+,0,+,+,-,0,-,0,0
ɮ̠ʷ,-,-,+,+,-,+,-,-,+,-,-,-,+,-,-,+,0,+,+,-,0,-,0,0
ɮʷ,-,-,+,+,-,+,-,-,+,-,-,-,+,-,-,+,0,+,+,-,0,-,0,0
ɮ̠˔ʷ,-,-,+,+,-,+,-,-,+,-,-,-,+,-,-,+,0,+,+,-,0,-,0,0
ɮʷˠ,-,-,+,+,-,+,-,-,+,-,-,-,+,-,-,+,0,+,+,-,0,-,0,0
ɮʷː,-,-,+,+,-,+,-,-,+,-,-,-,+,-,-,+,0,+,+,-,0,+,0,0
ɮːʷ,-,-,+,+,-,+,-,-,+,-,-,-,+,-,-,+,0,+,+,-,0,+,0,0
ɬʲ,-,-,+,+,-,+,-,-,-,-,-,+,+,-,-,+,0,-,-,-,0,-,0,0
ɬ̥ʲ,-,-,+,+,-,+,-,-,-,-,-,+,+,-,-,+,0,-,-,-,0,-,0,0
ɬʲː,-,-,+,+,-,+,-,-,-,-,-,+,+,-,-,+,0,-,-,-,0,+,0,0
ɬːʲ,-,-,+,+,-,+,-,-,-,-,-,+,+,-,-,+,0,-,-,-,0,+,0,0
ɬᶣ,-,-,+,+,-,+,-,-,-,-,-,+,+,-,-,+,0,-,+,-,0,-,0,0
ɬˠ,-,-,+,+,-,+,-,-,-,-,-,+,+,-,-,+,0,+,-,-,0,-,0,0
ɬ̴,-,-,+,+,-,+,-,-,-,-,-,+,+,-,-,+,0,+,-,-,0,-,0,0
ɬ̥ˠ,-,-,+,+,-,+,-,-,-,-,-,+,+,-,-,+,0,+,-,-,0,-,0,0
ɬːˠ,-,-,+,+,-,+,-,-,-,-,-,+,+,-,-,+,0,+,-,-,0,+,0,0
ɬ̠̊˔ʷ,-,-,+,+,-,+,-,-,-,-,-,+,+,-,-,+,0,+,+,-,0,-,0,0
ɬʲʷ,-,-,+,+,-,+,-,-,-,-,-,+,+,-,-,+,0,+,+,-,0,-,0,0
ɬ̝̊ʷ,-,-,+,+,-,+,-,-,-,-,-,+,+,-,-,+,0,+,+,-,0,-,0,0
ɬ̝ʷ,-,-,+,+,-,+,-,-,-,-,-,+,+,-,-,+,0,+,+,-,0,-,0,0
ɬ̠ʷ,-,-,+,+,-,+,-,-,-,-,-,+,+,-,-,+,0,+,+,-,0,-,0,0
ɬʷ,-,-,+,+,-,+,-,-,-,-,-,+,+,-,-,+,0,+,+,-,0,-,0,0
ɬ̠˔ʷ,-,-,+,+,-,+,-,-,-,-,-,+,+,-,-,+,0,+,+,-,0,-,0,0
ɬʷˠ,-,-,+,+,-,+,-,-,-,-,-,+,+,-,-,+,0,+,+,-,0,-,0,0
ɬ̥ʷ,-,-,+,+,-,+,-,-,-,-,-,+,+,-,-,+,0,+,+,-,0,-,0,0
ɬʷː,-,-,+,+,-,+,-,-,-,-,-,+,+,-,-,+,0,+,+,-,0,+,0,0
ɬːʷ,-,-,+,+,-,+,-,-,-,-,-,+,+,-,-,+,0,+,+,-,0,+,0,0
ɮʷˤ,-,-,+,+,-,+,-,-,+,-,-,-,+,-,-,+,+,+,+,-,0,-,0,0
ɬʷˤ,-,-,+,+,-,+,-,-,-,-,-,+,+,-,-,+,+,+,+,-,0,-,0,0
ɮ̰,-,-,+,+,-,+,-,-,+,-,+,-,+,-,-,0,0,0,-,-,0,-,0,0
ɮ̰ː,-,-,+,+,-,+,-,-,+,-,+,-,+,-,-,0,0,0,-,-,0,+,0,0
ɬʼ,-,-,+,+,-,+,-,-,-,-,+,+,+,-,-,0,0,0,-,-,0,-,0,0
ɬʼː,-,-,+,+,-,+,-,-,-,-,+,+,+,-,-,0,0,0,-,-,0,+,0,0
ɮ̰ˤ,-,-,+,+,-,+,-,-,+,-,+,-,+,-,-,0,+,+,-,-,0,-,0,0
ɬˤʼ,-,-,+,+,-,+,-,-,-,-,+,+,+,-,-,0,+,+,-,-,0,-,0,0
ɮ̰ʲ,-,-,+,+,-,+,-,-,+,-,+,-,+,-,-,+,0,-,-,-,0,-,0,0
ɮ̰ˠ,-,-,+,+,-,+,-,-,+,-,+,-,+,-,-,+,0,+,-,-,0,-,0,0
ɮ̰ʷ,-,-,+,+,-,+,-,-,+,-,+,-,+,-,-,+,0,+,+,-,0,-,0,0
ɬʲʼ,-,-,+,+,-,+,-,-,-,-,+,+,+,-,-,+,0,-,-,-,0,-,0,0
ɬʼʲ,-,-,+,+,-,+,-,-,-,-,+,+,+,-,-,+,0,-,-,-,0,-,0,0
ɬʷʼ,-,-,+,+,-,+,-,-,-,-,+,+,+,-,-,+,0,+,+,-,0,-,0,0
ɬʼʷ,-,-,+,+,-,+,-,-,-,-,+,+,+,-,-,+,0,+,+,-,0,-,0,0
ɬʷˤʼ,-,-,+,+,-,+,-,-,-,-,+,+,+,-,-,+,+,+,+,-,0,-,0,0
ɮ̤̥,-,-,+,+,-,+,-,-,-,+,-,-,+,-,-,0,0,0,-,-,0,-,0,0
ɮ̤,-,-,+,+,-,+,-,-,+,+,-,-,+,-,-,0,0,0,-,-,0,-,0,0
ɮ̤ː,-,-,+,+,-,+,-,-,+,+,-,-,+,-,-,0,0,0,-,-,0,+,0,0
ɬ̠ʰ,-,-,+,+,-,+,-,-,-,+,-,+,+,-,-,0,0,0,-,-,0,-,0,0
ɬʰ,-,-,+,+,-,+,-,-,-,+,-,+,+,-,-,0,0,0,-,-,0,-,0,0
ɬʰː,-,-,+,+,-,+,-,-,-,+,-,+,+,-,-,0,0,0,-,-,0,+,0,0
ɮ̤ˤ,-,-,+,+,-,+,-,-,+,+,-,-,+,-,-,0,+,+,-,-,0,-,0,0
ɬʰˤ,-,-,+,+,-,+,-,-,-,+,-,+,+,-,-,0,+,+,-,-,0,-,0,0
ɬˤʰ,-,-,+,+,-,+,-,-,-,+,-,+,+,-,-,0,+,+,-,-,0,-,0,0
ɮ̤ʲ,-,-,+,+,-,+,-,-,+,+,-,-,+,-,-,+,0,-,-,-,0,-,0,0
ɮ̤ˠ,-,-,+,+,-,+,-,-,+,+,-,-,+,-,-,+,0,+,-,-,0,-,0,0
ɮ̤ʷ,-,-,+,+,-,+,-,-,+,+,-,-,+,-,-,+,0,+,+,-,0,-,0,0
ɬʰʲ,-,-,+,+,-,+,-,-,-,+,-,+,+,-,-,+,0,-,-,-,0,-,0,0
ɬʲʰ,-,-,+,+,-,+,-,-,-,+,-,+,+,-,-,+,0,-,-,-,0,-,0,0
ɬʰᶣ,-,-,+,+,-,+,-,-,-,+,-,+,+,-,-,+,0,-,+,-,0,-,0,0
ɬʰˠ,-,-,+,+,-,+,-,-,-,+,-,+,+,-,-,+,0,+,-,-,0,-,0,0
ɬʰʷ,-,-,+,+,-,+,-,-,-,+,-,+,+,-,-,+,0,+,+,-,0,-,0,0
ɬʲʷʰ,-,-,+,+,-,+,-,-,-,+,-,+,+,-,-,+,0,+,+,-,0,-,0,0
ɬʷʰ,-,-,+,+,-,+,-,-,-,+,-,+,+,-,-,+,0,+,+,-,0,-,0,0
ɬʷˠʰ,-,-,+,+,-,+,-,-,-,+,-,+,+,-,-,+,0,+,+,-,0,-,0,0
ɬʷʰː,-,-,+,+,-,+,-,-,-,+,-,+,+,-,-,+,0,+,+,-,0,+,0,0
ɬʷˤʰ,-,-,+,+,-,+,-,-,-,+,-,+,+,-,-,+,+,+,+,-,0,-,0,0
ʁ̃,-,-,+,+,-,-,+,+,+,-,-,-,-,0,-,-,-,+,-,-,0,-,0,0
ʁ̃ː,-,-,+,+,-,-,+,+,+,-,-,-,-,0,-,-,-,+,-,-,0,+,0,0
ʁ̃ˑ,-,-,+,+,-,-,+,+,+,-,-,-,-,0,-,-,-,+,-,-,0,+,0,0
ʐ̃,-,-,+,+,-,-,+,+,+,-,-,-,+,-,-,-,-,-,-,-,0,-,0,0
ʐ̃ː,-,-,+,+,-,-,+,+,+,-,-,-,+,-,-,-,-,-,-,-,0,+,0,0
ʐ̃ˑ,-,-,+,+,-,-,+,+,+,-,-,-,+,-,-,-,-,-,-,-,0,+,0,0
ʒ̃,-,-,+,+,-,-,+,+,+,-,-,-,+,+,-,-,-,-,-,-,0,-,0,0
ʒ̃ː,-,-,+,+,-,-,+,+,+,-,-,-,+,+,-,-,-,-,-,-,0,+,0,0
ʒ̃ˑ,-,-,+,+,-,-,+,+,+,-,-,-,+,+,-,-,-,-,-,-,0,+,0,0
z̃,-,-,+,+,-,-,+,+,+,-,-,+,+,-,-,-,-,-,-,-,0,-,0,0
z̃ː,-,-,+,+,-,-,+,+,+,-,-,+,+,-,-,-,-,-,-,-,0,+,0,0
z̃ˑ,-,-,+,+,-,-,+,+,+,-,-,+,+,-,-,-,-,-,-,-,0,+,0,0
ð̃,-,-,+,+,-,-,+,-,+,-,-,+,+,+,-,-,-,-,-,-,0,-,0,0
ð̃ː,-,-,+,+,-,-,+,-,+,-,-,+,+,+,-,-,-,-,-,-,0,+,0,0
ð̃ˑ,-,-,+,+,-,-,+,-,+,-,-,+,+,+,-,-,-,-,-,-,0,+,0,0
ṽ,-,-,+,+,-,-,+,+,+,-,-,+,-,0,+,-,-,-,-,-,0,-,0,0
β̃,-,-,+,+,-,-,+,-,+,-,-,+,-,0,+,-,-,-,-,-,0,-,0,0
ṽː,-,-,+,+,-,-,+,+,+,-,-,+,-,0,+,-,-,-,-,-,0,+,0,0
β̃ː,-,-,+,+,-,-,+,-,+,-,-,+,-,0,+,-,-,-,-,-,0,+,0,0
ṽˑ,-,-,+,+,-,-,+,+,+,-,-,+,-,0,+,-,-,-,-,-,0,+,0,0
β̃ˑ,-,-,+,+,-,-,+,-,+,-,-,+,-,0,+,-,-,-,-,-,0,+,0,0
ʁ̃ˤ,-,-,+,+,-,-,+,+,+,-,-,-,-,0,-,-,+,+,-,-,0,-,0,0
ʕ̃ˤ,-,-,+,+,-,-,+,-,+,-,-,-,-,0,-,-,+,+,-,-,0,-,0,0
ʕ̃,-,-,+,+,-,-,+,-,+,-,-,-,-,0,-,-,+,+,-,-,0,-,0,0
ʕ̃ː,-,-,+,+,-,-,+,-,+,-,-,-,-,0,-,-,+,+,-,-,0,+,0,0
ʕ̃ˑ,-,-,+,+,-,-,+,-,+,-,-,-,-,0,-,-,+,+,-,-,0,+,0,0
ʐ̃ˤ,-,-,+,+,-,-,+,+,+,-,-,-,+,-,-,-,+,+,-,-,0,-,0,0
ʒ̃ˤ,-,-,+,+,-,-,+,+,+,-,-,-,+,+,-,-,+,+,-,-,0,-,0,0
z̃ˤ,-,-,+,+,-,-,+,+,+,-,-,+,+,-,-,-,+,+,-,-,0,-,0,0
ð̃ˤ,-,-,+,+,-,-,+,-,+,-,-,+,+,+,-,-,+,+,-,-,0,-,0,0
ṽˤ,-,-,+,+,-,-,+,+,+,-,-,+,-,0,+,-,+,+,-,-,0,-,0,0
β̃ˤ,-,-,+,+,-,-,+,-,+,-,-,+,-,0,+,-,+,+,-,-,0,-,0,0
ʝ̃,-,-,+,+,-,-,+,-,+,-,-,-,-,0,-,+,-,-,-,-,0,-,0,0
ʝ̃ː,-,-,+,+,-,-,+,-,+,-,-,-,-,0,-,+,-,-,-,-,0,+,0,0
ʝ̃ˑ,-,-,+,+,-,-,+,-,+,-,-,-,-,0,-,+,-,-,-,-,0,+,0,0
ɣ̃,-,-,+,+,-,-,+,-,+,-,-,-,-,0,-,+,-,+,-,-,0,-,0,0
ɣ̃ː,-,-,+,+,-,-,+,-,+,-,-,-,-,0,-,+,-,+,-,-,0,+,0,0
ɣ̃ˑ,-,-,+,+,-,-,+,-,+,-,-,-,-,0,-,+,-,+,-,-,0,+,0,0
ʑ̃,-,-,+,+,-,-,+,+,+,-,-,-,+,+,-,+,-,-,-,-,0,-,0,0
ʑ̃ː,-,-,+,+,-,-,+,+,+,-,-,-,+,+,-,+,-,-,-,-,0,+,0,0
ʑ̃ˑ,-,-,+,+,-,-,+,+,+,-,-,-,+,+,-,+,-,-,-,-,0,+,0,0
ɣ̃ˤ,-,-,+,+,-,-,+,-,+,-,-,-,-,0,-,+,+,+,-,-,0,-,0,0
ʝ̃ˤ,-,-,+,+,-,-,+,-,+,-,-,-,-,0,-,+,+,+,-,-,0,-,0,0
ʑ̃ˤ,-,-,+,+,-,-,+,+,+,-,-,-,+,+,-,+,+,+,-,-,0,-,0,0
ʁ̰̃,-,-,+,+,-,-,+,+,+,-,+,-,-,0,-,-,-,+,-,-,0,-,0,0
ʐ̰̃,-,-,+,+,-,-,+,+,+,-,+,-,+,-,-,-,-,-,-,-,0,-,0,0
ʒ̰̃,-,-,+,+,-,-,+,+,+,-,+,-,+,+,-,-,-,-,-,-,0,-,0,0
z̰̃,-,-,+,+,-,-,+,+,+,-,+,+,+,-,-,-,-,-,-,-,0,-,0,0
ð̰̃,-,-,+,+,-,-,+,-,+,-,+,+,+,+,-,-,-,-,-,-,0,-,0,0
ṽ̰,-,-,+,+,-,-,+,+,+,-,+,+,-,0,+,-,-,-,-,-,0,-,0,0
β̰̃,-,-,+,+,-,-,+,-,+,-,+,+,-,0,+,-,-,-,-,-,0,-,0,0
ʕ̰̃,-,-,+,+,-,-,+,-,+,-,+,-,-,0,-,-,+,+,-,-,0,-,0,0
ʝ̰̃,-,-,+,+,-,-,+,-,+,-,+,-,-,0,-,+,-,-,-,-,0,-,0,0
ɣ̰̃,-,-,+,+,-,-,+,-,+,-,+,-,-,0,-,+,-,+,-,-,0,-,0,0
ʑ̰̃,-,-,+,+,-,-,+,+,+,-,+,-,+,+,-,+,-,-,-,-,0,-,0,0
ɦ̃,-,-,+,+,-,-,+,-,+,+,-,-,-,0,-,-,-,+,-,-,0,-,0,0
ɦ̃ː,-,-,+,+,-,-,+,-,+,+,-,-,-,0,-,-,-,+,-,-,0,+,0,0
ɦ̃ˑ,-,-,+,+,-,-,+,-,+,+,-,-,-,0,-,-,-,+,-,-,0,+,0,0
ɦ̃ˤ,-,-,+,+,-,-,+,-,+,+,-,-,-,0,-,-,+,+,-,-,0,-,0,0
ɦ̰̃,-,-,+,+,-,-,+,-,+,+,+,-,-,0,-,-,-,+,-,-,0,-,0,0
ɮ̃,-,-,+,+,-,+,+,-,+,-,-,-,+,-,-,0,0,0,-,-,0,-,0,0
ɮ̃ː,-,-,+,+,-,+,+,-,+,-,-,-,+,-,-,0,0,0,-,-,0,+,0,0
ɮ̃ˑ,-,-,+,+,-,+,+,-,+,-,-,-,+,-,-,0,0,0,-,-,0,+,0,0
ɮ̃ˤ,-,-,+,+,-,+,+,-,+,-,-,-,+,-,-,0,+,+,-,-,0,-,0,0
ɮ̰̃,-,-,+,+,-,+,+,-,+,-,+,-,+,-,-,0,0,0,-,-,0,-,0,0
ɱ̠̊,-,+,+,-,0,-,+,-,-,-,-,+,-,0,+,0,0,0,-,-,0,-,0,0
ɱ̥,-,+,+,-,0,-,+,-,-,-,-,+,-,0,+,0,0,0,-,-,0,-,0,0
ɱ̊,-,+,+,-,0,-,+,-,-,-,-,+,-,0,+,0,0,0,-,-,0,-,0,0
ɱ̟,-,+,+,-,0,-,+,-,+,-,-,+,-,0,+,0,0,0,-,-,0,-,0,0
ɱ̠,-,+,+,-,0,-,+,-,+,-,-,+,-,0,+,0,0,0,-,-,0,-,0,0
ɱ,-,+,+,-,0,-,+,-,+,-,-,+,-,0,+,0,0,0,-,-,0,-,0,0
ɱ̥ː,-,+,+,-,0,-,+,-,-,-,-,+,-,0,+,0,0,0,-,-,0,+,0,0
ɱ̟ː,-,+,+,-,0,-,+,-,+,-,-,+,-,0,+,0,0,0,-,-,0,+,0,0
ɱː,-,+,+,-,0,-,+,-,+,-,-,+,-,0,+,0,0,0,-,-,0,+,0,0
ɱˑ,-,+,+,-,0,-,+,-,+,-,-,+,-,0,+,0,0,0,-,-,0,+,0,0
ɱ̥ˤ,-,+,+,-,0,-,+,-,-,-,-,+,-,0,+,0,+,+,-,-,0,-,0,0
ɱˤ,-,+,+,-,0,-,+,-,+,-,-,+,-,0,+,0,+,+,-,-,0,-,0,0
ɱˤː,-,+,+,-,0,-,+,-,+,-,-,+,-,0,+,0,+,+,-,-,0,+,0,0
ɱːˤ,-,+,+,-,0,-,+,-,+,-,-,+,-,0,+,0,+,+,-,-,0,+,0,0
ɱ̥ʲ,-,+,+,-,0,-,+,-,-,-,-,+,-,0,+,+,0,-,-,-,0,-,0,0
ɱʲ,-,+,+,-,0,-,+,-,+,-,-,+,-,0,+,+,0,-,-,-,0,-,0,0
ɱʲː,-,+,+,-,0,-,+,-,+,-,-,+,-,0,+,+,0,-,-,-,0,+,0,0
ɱːʲ,-,+,+,-,0,-,+,-,+,-,-,+,-,0,+,+,0,-,-,-,0,+,0,0
ɱ̥ˠ,-,+,+,-,0,-,+,-,-,-,-,+,-,0,+,+,0,+,-,-,0,-,0,0
ɱˠ,-,+,+,-,0,-,+,-,+,-,-,+,-,0,+,+,0,+,-,-,0,-,0,0
ɱːˠ,-,+,+,-,0,-,+,-,+,-,-,+,-,0,+,+,0,+,-,-,0,+,0,0
ɱ̥ʷ,-,+,+,-,0,-,+,-,-,-,-,+,-,0,+,+,0,+,+,-,0,-,0,0
ɱʲʷ,-,+,+,-,0,-,+,-,+,-,-,+,-,0,+,+,0,+,+,-,0,-,0,0
ɱ̠ʷ,-,+,+,-,0,-,+,-,+,-,-,+,-,0,+,+,0,+,+,-,0,-,0,0
ɱʷ,-,+,+,-,0,-,+,-,+,-,-,+,-,0,+,+,0,+,+,-,0,-,0,0
ɱʷˠ,-,+,+,-,0,-,+,-,+,-,-,+,-,0,+,+,0,+,+,-,0,-,0,0
ɱʷː,-,+,+,-,0,-,+,-,+,-,-,+,-,0,+,+,0,+,+,-,0,+,0,0
ɱːʷ,-,+,+,-,0,-,+,-,+,-,-,+,-,0,+,+,0,+,+,-,0,+,0,0
ɱʷˤ,-,+,+,-,0,-,+,-,+,-,-,+,-,0,+,+,+,+,+,-,0,-,0,0
ɱ̰,-,+,+,-,0,-,+,-,+,-,+,+,-,0,+,0,0,0,-,-,0,-,0,0
ɱ̰ː,-,+,+,-,0,-,+,-,+,-,+,+,-,0,+,0,0,0,-,-,0,+,0,0
ɱ̰ˤ,-,+,+,-,0,-,+,-,+,-,+,+,-,0,+,0,+,+,-,-,0,-,0,0
ɱ̰ʲ,-,+,+,-,0,-,+,-,+,-,+,+,-,0,+,+,0,-,-,-,0,-,0,0
ɱ̰ˠ,-,+,+,-,0,-,+,-,+,-,+,+,-,0,+,+,0,+,-,-,0,-,0,0
ɱ̰ʷ,-,+,+,-,0,-,+,-,+,-,+,+,-,0,+,+,0,+,+,-,0,-,0,0
ɱ̤̥,-,+,+,-,0,-,+,-,-,+,-,+,-,0,+,0,0,0,-,-,0,-,0,0
ɱ̤,-,+,+,-,0,-,+,-,+,+,-,+,-,0,+,0,0,0,-,-,0,-,0,0
ɱ̠ʰ,-,+,+,-,0,-,+,-,+,+,-,+,-,0,+,0,0,0,-,-,0,-,0,0
ɱʰ,-,+,+,-,0,-,+,-,+,+,-,+,-,0,+,0,0,0,-,-,0,-,0,0
ɱʰː,-,+,+,-,0,-,+,-,+,+,-,+,-,0,+,0,0,0,-,-,0,+,0,0
ɱ̤ː,-,+,+,-,0,-,+,-,+,+,-,+,-,0,+,0,0,0,-,-,0,+,0,0
ɱʰˤ,-,+,+,-,0,-,+,-,+,+,-,+,-,0,+,0,+,+,-,-,0,-,0,0
ɱˤʰ,-,+,+,-,0,-,+,-,+,+,-,+,-,0,+,0,+,+,-,-,0,-,0,0
ɱ̤ˤ,-,+,+,-,0,-,+,-,+,+,-,+,-,0,+,0,+,+,-,-,0,-,0,0
ɱʰʲ,-,+,+,-,0,-,+,-,+,+,-,+,-,0,+,+,0,-,-,-,0,-,0,0
ɱʲʰ,-,+,+,-,0,-,+,-,+,+,-,+,-,0,+,+,0,-,-,-,0,-,0,0
ɱ̤ʲ,-,+,+,-,0,-,+,-,+,+,-,+,-,0,+,+,0,-,-,-,0,-,0,0
ɱʰˠ,-,+,+,-,0,-,+,-,+,+,-,+,-,0,+,+,0,+,-,-,0,-,0,0
ɱ̤ˠ,-,+,+,-,0,-,+,-,+,+,-,+,-,0,+,+,0,+,-,-,0,-,0,0
ɱʰʷ,-,+,+,-,0,-,+,-,+,+,-,+,-,0,+,+,0,+,+,-,0,-,0,0
ɱʲʷʰ,-,+,+,-,0,-,+,-,+,+,-,+,-,0,+,+,0,+,+,-,0,-,0,0
ɱʷʰ,-,+,+,-,0,-,+,-,+,+,-,+,-,0,+,+,0,+,+,-,0,-,0,0
ɱ̤ʷ,-,+,+,-,0,-,+,-,+,+,-,+,-,0,+,+,0,+,+,-,0,-,0,0
ɱʷˠʰ,-,+,+,-,0,-,+,-,+,+,-,+,-,0,+,+,0,+,+,-,0,-,0,0
ɱʷʰː,-,+,+,-,0,-,+,-,+,+,-,+,-,0,+,+,0,+,+,-,0,+,0,0
ɱʷˤʰ,-,+,+,-,0,-,+,-,+,+,-,+,-,0,+,+,+,+,+,-,0,-,0,0
ɴ̠̊,-,+,+,-,-,-,+,-,-,-,-,-,-,0,-,-,-,+,-,-,0,-,0,0
ɴ̥,-,+,+,-,-,-,+,-,-,-,-,-,-,0,-,-,-,+,-,-,0,-,0,0
ɴ̊,-,+,+,-,-,-,+,-,-,-,-,-,-,0,-,-,-,+,-,-,0,-,0,0
ɴ̟,-,+,+,-,-,-,+,-,+,-,-,-,-,0,-,-,-,+,-,-,0,-,0,0
ɴ̠,-,+,+,-,-,-,+,-,+,-,-,-,-,0,-,-,-,+,-,-,0,-,0,0
ɴ,-,+,+,-,-,-,+,-,+,-,-,-,-,0,-,-,-,+,-,-,0,-,0,0
ɴ̥ː,-,+,+,-,-,-,+,-,-,-,-,-,-,0,-,-,-,+,-,-,0,+,0,0
ɴ̟ː,-,+,+,-,-,-,+,-,+,-,-,-,-,0,-,-,-,+,-,-,0,+,0,0
ɴː,-,+,+,-,-,-,+,-,+,-,-,-,-,0,-,-,-,+,-,-,0,+,0,0
ɴˑ,-,+,+,-,-,-,+,-,+,-,-,-,-,0,-,-,-,+,-,-,0,+,0,0
ɳ̠̊,-,+,+,-,-,-,+,-,-,-,-,-,+,0,-,-,-,-,-,-,0,-,0,0
ɳ̥,-,+,+,-,-,-,+,-,-,-,-,-,+,0,-,-,-,-,-,-,0,-,0,0
ɳ̊,-,+,+,-,-,-,+,-,-,-,-,-,+,0,-,-,-,-,-,-,0,-,0,0
ɳ̟,-,+,+,-,-,-,+,-,+,-,-,-,+,0,-,-,-,-,-,-,0,-,0,0
ɳ̠,-,+,+,-,-,-,+,-,+,-,-,-,+,0,-,-,-,-,-,-,0,-,0,0
ɳ,-,+,+,-,-,-,+,-,+,-,-,-,+,0,-,-,-,-,-,-,0,-,0,0
ɳ̥ː,-,+,+,-,-,-,+,-,-,-,-,-,+,0,-,-,-,-,-,-,0,+,0,0
ɳ̟ː,-,+,+,-,-,-,+,-,+,-,-,-,+,0,-,-,-,-,-,-,0,+,0,0
ɳː,-,+,+,-,-,-,+,-,+,-,-,-,+,0,-,-,-,-,-,-,0,+,0,0
ɳˑ,-,+,+,-,-,-,+,-,+,-,-,-,+,0,-,-,-,-,-,-,0,+,0,0
ɳ̺,-,+,+,-,-,-,+,-,+,-,-,-,+,-,-,-,-,-,-,-,0,-,0,0
ɳ̻,-,+,+,-,-,-,+,-,+,-,-,-,+,+,-,-,-,-,-,-,0,-,0,0
n̠̊,-,+,+,-,-,-,+,-,-,-,-,+,+,-,-,-,-,-,-,-,0,-,0,0
n̥,-,+,+,-,-,-,+,-,-,-,-,+,+,-,-,-,-,-,-,-,0,-,0,0
n̊,-,+,+,-,-,-,+,-,-,-,-,+,+,-,-,-,-,-,-,-,0,-,0,0
n̟,-,+,+,-,-,-,+,-,+,-,-,+,+,-,-,-,-,-,-,-,0,-,0,0
n̠,-,+,+,-,-,-,+,-,+,-,-,+,+,-,-,-,-,-,-,-,0,-,0,0
n,-,+,+,-,-,-,+,-,+,-,-,+,+,-,-,-,-,-,-,-,0,-,0,0
n̺,-,+,+,-,-,-,+,-,+,-,-,+,+,-,-,-,-,-,-,-,0,-,0,0
n̪̺,-,+,+,-,-,-,+,-,+,-,-,+,+,-,-,-,-,-,-,-,0,-,0,0
n̥ː,-,+,+,-,-,-,+,-,-,-,-,+,+,-,-,-,-,-,-,-,0,+,0,0
n̟ː,-,+,+,-,-,-,+,-,+,-,-,+,+,-,-,-,-,-,-,-,0,+,0,0
nː,-,+,+,-,-,-,+,-,+,-,-,+,+,-,-,-,-,-,-,-,0,+,0,0
nˑ,-,+,+,-,-,-,+,-,+,-,-,+,+,-,-,-,-,-,-,-,0,+,0,0
n̪̠̊,-,+,+,-,-,-,+,-,-,-,-,+,+,+,-,-,-,-,-,-,0,-,0,0
n̪̊,-,+,+,-,-,-,+,-,-,-,-,+,+,+,-,-,-,-,-,-,0,-,0,0
n̪̪̊,-,+,+,-,-,-,+,-,-,-,-,+,+,+,-,-,-,-,-,-,0,-,0,0
n̪̥,-,+,+,-,-,-,+,-,-,-,-,+,+,+,-,-,-,-,-,-,0,-,0,0
n̪̊,-,+,+,-,-,-,+,-,-,-,-,+,+,+,-,-,-,-,-,-,0,-,0,0
n̪̟,-,+,+,-,-,-,+,-,+,-,-,+,+,+,-,-,-,-,-,-,0,-,0,0
n̪̠,-,+,+,-,-,-,+,-,+,-,-,+,+,+,-,-,-,-,-,-,0,-,0,0
n̪,-,+,+,-,-,-,+,-,+,-,-,+,+,+,-,-,-,-,-,-,0,-,0,0
n̪̪,-,+,+,-,-,-,+,-,+,-,-,+,+,+,-,-,-,-,-,-,0,-,0,0
n̪,-,+,+,-,-,-,+,-,+,-,-,+,+,+,-,-,-,-,-,-,0,-,0,0
n̻,-,+,+,-,-,-,+,-,+,-,-,+,+,+,-,-,-,-,-,-,0,-,0,0
n̪̻,-,+,+,-,-,-,+,-,+,-,-,+,+,+,-,-,-,-,-,-,0,-,0,0
n̪̥ː,-,+,+,-,-,-,+,-,-,-,-,+,+,+,-,-,-,-,-,-,0,+,0,0
n̪̟ː,-,+,+,-,-,-,+,-,+,-,-,+,+,+,-,-,-,-,-,-,0,+,0,0
n̪ː,-,+,+,-,-,-,+,-,+,-,-,+,+,+,-,-,-,-,-,-,0,+,0,0
n̪ˑ,-,+,+,-,-,-,+,-,+,-,-,+,+,+,-,-,-,-,-,-,0,+,0,0
m̠̊,-,+,+,-,-,-,+,-,-,-,-,+,-,0,+,-,-,-,-,-,0,-,0,0
m̥,-,+,+,-,-,-,+,-,-,-,-,+,-,0,+,-,-,-,-,-,0,-,0,0
m̊,-,+,+,-,-,-,+,-,-,-,-,+,-,0,+,-,-,-,-,-,0,-,0,0
m̟,-,+,+,-,-,-,+,-,+,-,-,+,-,0,+,-,-,-,-,-,0,-,0,0
m̠,-,+,+,-,-,-,+,-,+,-,-,+,-,0,+,-,-,-,-,-,0,-,0,0
m,-,+,+,-,-,-,+,-,+,-,-,+,-,0,+,-,-,-,-,-,0,-,0,0
m̥ː,-,+,+,-,-,-,+,-,-,-,-,+,-,0,+,-,-,-,-,-,0,+,0,0
m̟ː,-,+,+,-,-,-,+,-,+,-,-,+,-,0,+,-,-,-,-,-,0,+,0,0
mː,-,+,+,-,-,-,+,-,+,-,-,+,-,0,+,-,-,-,-,-,0,+,0,0
mˑ,-,+,+,-,-,-,+,-,+,-,-,+,-,0,+,-,-,-,-,-,0,+,0,0
n̼,-,+,+,-,-,-,+,-,+,-,-,+,+,-,+,-,-,-,-,-,0,-,0,0
n̪̼,-,+,+,-,-,-,+,-,+,-,-,+,+,+,+,-,-,-,-,-,0,-,0,0
ɴ̥ˤ,-,+,+,-,-,-,+,-,-,-,-,-,-,0,-,-,+,+,-,-,0,-,0,0
ɴˤ,-,+,+,-,-,-,+,-,+,-,-,-,-,0,-,-,+,+,-,-,0,-,0,0
ɴˤː,-,+,+,-,-,-,+,-,+,-,-,-,-,0,-,-,+,+,-,-,0,+,0,0
ɴːˤ,-,+,+,-,-,-,+,-,+,-,-,-,-,0,-,-,+,+,-,-,0,+,0,0
ɳ̥ˤ,-,+,+,-,-,-,+,-,-,-,-,-,+,0,-,-,+,+,-,-,0,-,0,0
ɳˤ,-,+,+,-,-,-,+,-,+,-,-,-,+,0,-,-,+,+,-,-,0,-,0,0
ɳˤː,-,+,+,-,-,-,+,-,+,-,-,-,+,0,-,-,+,+,-,-,0,+,0,0
ɳːˤ,-,+,+,-,-,-,+,-,+,-,-,-,+,0,-,-,+,+,-,-,0,+,0,0
n̥ˤ,-,+,+,-,-,-,+,-,-,-,-,+,+,-,-,-,+,+,-,-,0,-,0,0
nˤ,-,+,+,-,-,-,+,-,+,-,-,+,+,-,-,-,+,+,-,-,0,-,0,0
nˤː,-,+,+,-,-,-,+,-,+,-,-,+,+,-,-,-,+,+,-,-,0,+,0,0
nːˤ,-,+,+,-,-,-,+,-,+,-,-,+,+,-,-,-,+,+,-,-,0,+,0,0
n̪̥ˤ,-,+,+,-,-,-,+,-,-,-,-,+,+,+,-,-,+,+,-,-,0,-,0,0
n̪ˤ,-,+,+,-,-,-,+,-,+,-,-,+,+,+,-,-,+,+,-,-,0,-,0,0
n̪ˤː,-,+,+,-,-,-,+,-,+,-,-,+,+,+,-,-,+,+,-,-,0,+,0,0
n̪ːˤ,-,+,+,-,-,-,+,-,+,-,-,+,+,+,-,-,+,+,-,-,0,+,0,0
m̥ˤ,-,+,+,-,-,-,+,-,-,-,-,+,-,0,+,-,+,+,-,-,0,-,0,0
mˤ,-,+,+,-,-,-,+,-,+,-,-,+,-,0,+,-,+,+,-,-,0,-,0,0
mˤː,-,+,+,-,-,-,+,-,+,-,-,+,-,0,+,-,+,+,-,-,0,+,0,0
mːˤ,-,+,+,-,-,-,+,-,+,-,-,+,-,0,+,-,+,+,-,-,0,+,0,0
ɲ̠̊,-,+,+,-,-,-,+,-,-,-,-,-,-,0,-,+,-,-,-,-,0,-,0,0
ɲ̥,-,+,+,-,-,-,+,-,-,-,-,-,-,0,-,+,-,-,-,-,0,-,0,0
ɲ̊,-,+,+,-,-,-,+,-,-,-,-,-,-,0,-,+,-,-,-,-,0,-,0,0
ŋ̥ʲ,-,+,+,-,-,-,+,-,-,-,-,-,-,0,-,+,-,-,-,-,0,-,0,0
ɴ̥ʲ,-,+,+,-,-,-,+,-,-,-,-,-,-,0,-,+,-,-,-,-,0,-,0,0
ɲ̥ʲ,-,+,+,-,-,-,+,-,-,-,-,-,-,0,-,+,-,-,-,-,0,-,0,0
ɲ̟,-,+,+,-,-,-,+,-,+,-,-,-,-,0,-,+,-,-,-,-,0,-,0,0
ɲ̠,-,+,+,-,-,-,+,-,+,-,-,-,-,0,-,+,-,-,-,-,0,-,0,0
ŋʲ,-,+,+,-,-,-,+,-,+,-,-,-,-,0,-,+,-,-,-,-,0,-,0,0
ɴʲ,-,+,+,-,-,-,+,-,+,-,-,-,-,0,-,+,-,-,-,-,0,-,0,0
ɲʲ,-,+,+,-,-,-,+,-,+,-,-,-,-,0,-,+,-,-,-,-,0,-,0,0
ɲ,-,+,+,-,-,-,+,-,+,-,-,-,-,0,-,+,-,-,-,-,0,-,0,0
ɲ̥ː,-,+,+,-,-,-,+,-,-,-,-,-,-,0,-,+,-,-,-,-,0,+,0,0
ɲ̟ː,-,+,+,-,-,-,+,-,+,-,-,-,-,0,-,+,-,-,-,-,0,+,0,0
ŋʲː,-,+,+,-,-,-,+,-,+,-,-,-,-,0,-,+,-,-,-,-,0,+,0,0
ɴʲː,-,+,+,-,-,-,+,-,+,-,-,-,-,0,-,+,-,-,-,-,0,+,0,0
ɲʲː,-,+,+,-,-,-,+,-,+,-,-,-,-,0,-,+,-,-,-,-,0,+,0,0
ɲː,-,+,+,-,-,-,+,-,+,-,-,-,-,0,-,+,-,-,-,-,0,+,0,0
ɲˑ,-,+,+,-,-,-,+,-,+,-,-,-,-,0,-,+,-,-,-,-,0,+,0,0
ŋːʲ,-,+,+,-,-,-,+,-,+,-,-,-,-,0,-,+,-,-,-,-,0,+,0,0
ɴːʲ,-,+,+,-,-,-,+,-,+,-,-,-,-,0,-,+,-,-,-,-,0,+,0,0
ɲːʲ,-,+,+,-,-,-,+,-,+,-,-,-,-,0,-,+,-,-,-,-,0,+,0,0
ŋᶣ,-,+,+,-,-,-,+,-,+,-,-,-,-,0,-,+,-,-,+,-,0,-,0,0
ɴᶣ,-,+,+,-,-,-,+,-,+,-,-,-,-,0,-,+,-,-,+,-,0,-,0,0
ɲᶣ,-,+,+,-,-,-,+,-,+,-,-,-,-,0,-,+,-,-,+,-,0,-,0,0
ŋ̠̊,-,+,+,-,-,-,+,-,-,-,-,-,-,0,-,+,-,+,-,-,0,-,0,0
ŋ̥,-,+,+,-,-,-,+,-,-,-,-,-,-,0,-,+,-,+,-,-,0,-,0,0
ŋ̊,-,+,+,-,-,-,+,-,-,-,-,-,-,0,-,+,-,+,-,-,0,-,0,0
ŋ̥ˠ,-,+,+,-,-,-,+,-,-,-,-,-,-,0,-,+,-,+,-,-,0,-,0,0
ɴ̥ˠ,-,+,+,-,-,-,+,-,-,-,-,-,-,0,-,+,-,+,-,-,0,-,0,0
ɲ̥ˠ,-,+,+,-,-,-,+,-,-,-,-,-,-,0,-,+,-,+,-,-,0,-,0,0
ŋ̟,-,+,+,-,-,-,+,-,+,-,-,-,-,0,-,+,-,+,-,-,0,-,0,0
ŋ̠,-,+,+,-,-,-,+,-,+,-,-,-,-,0,-,+,-,+,-,-,0,-,0,0
ɴˠ,-,+,+,-,-,-,+,-,+,-,-,-,-,0,-,+,-,+,-,-,0,-,0,0
ɲˠ,-,+,+,-,-,-,+,-,+,-,-,-,-,0,-,+,-,+,-,-,0,-,0,0
ŋ,-,+,+,-,-,-,+,-,+,-,-,-,-,0,-,+,-,+,-,-,0,-,0,0
ŋ̥ː,-,+,+,-,-,-,+,-,-,-,-,-,-,0,-,+,-,+,-,-,0,+,0,0
ŋ̟ː,-,+,+,-,-,-,+,-,+,-,-,-,-,0,-,+,-,+,-,-,0,+,0,0
ŋː,-,+,+,-,-,-,+,-,+,-,-,-,-,0,-,+,-,+,-,-,0,+,0,0
ŋˑ,-,+,+,-,-,-,+,-,+,-,-,-,-,0,-,+,-,+,-,-,0,+,0,0
ŋːˠ,-,+,+,-,-,-,+,-,+,-,-,-,-,0,-,+,-,+,-,-,0,+,0,0
ɴːˠ,-,+,+,-,-,-,+,-,+,-,-,-,-,0,-,+,-,+,-,-,0,+,0,0
ɲːˠ,-,+,+,-,-,-,+,-,+,-,-,-,-,0,-,+,-,+,-,-,0,+,0,0
ŋ̥ʷ,-,+,+,-,-,-,+,-,-,-,-,-,-,0,-,+,-,+,+,-,0,-,0,0
ɴ̥ʷ,-,+,+,-,-,-,+,-,-,-,-,-,-,0,-,+,-,+,+,-,0,-,0,0
ɲ̥ʷ,-,+,+,-,-,-,+,-,-,-,-,-,-,0,-,+,-,+,+,-,0,-,0,0
ŋʲʷ,-,+,+,-,-,-,+,-,+,-,-,-,-,0,-,+,-,+,+,-,0,-,0,0
ɴʲʷ,-,+,+,-,-,-,+,-,+,-,-,-,-,0,-,+,-,+,+,-,0,-,0,0
ɲʲʷ,-,+,+,-,-,-,+,-,+,-,-,-,-,0,-,+,-,+,+,-,0,-,0,0
ŋ̠ʷ,-,+,+,-,-,-,+,-,+,-,-,-,-,0,-,+,-,+,+,-,0,-,0,0
ɴ̠ʷ,-,+,+,-,-,-,+,-,+,-,-,-,-,0,-,+,-,+,+,-,0,-,0,0
ɲ̠ʷ,-,+,+,-,-,-,+,-,+,-,-,-,-,0,-,+,-,+,+,-,0,-,0,0
ŋʷ,-,+,+,-,-,-,+,-,+,-,-,-,-,0,-,+,-,+,+,-,0,-,0,0
ɴʷ,-,+,+,-,-,-,+,-,+,-,-,-,-,0,-,+,-,+,+,-,0,-,0,0
ɲʷ,-,+,+,-,-,-,+,-,+,-,-,-,-,0,-,+,-,+,+,-,0,-,0,0
ŋʷˠ,-,+,+,-,-,-,+,-,+,-,-,-,-,0,-,+,-,+,+,-,0,-,0,0
ɴʷˠ,-,+,+,-,-,-,+,-,+,-,-,-,-,0,-,+,-,+,+,-,0,-,0,0
ɲʷˠ,-,+,+,-,-,-,+,-,+,-,-,-,-,0,-,+,-,+,+,-,0,-,0,0
ŋʷː,-,+,+,-,-,-,+,-,+,-,-,-,-,0,-,+,-,+,+,-,0,+,0,0
ɴʷː,-,+,+,-,-,-,+,-,+,-,-,-,-,0,-,+,-,+,+,-,0,+,0,0
ɲʷː,-,+,+,-,-,-,+,-,+,-,-,-,-,0,-,+,-,+,+,-,0,+,0,0
ŋːʷ,-,+,+,-,-,-,+,-,+,-,-,-,-,0,-,+,-,+,+,-,0,+,0,0
ɴːʷ,-,+,+,-,-,-,+,-,+,-,-,-,-,0,-,+,-,+,+,-,0,+,0,0
ɲːʷ,-,+,+,-,-,-,+,-,+,-,-,-,-,0,-,+,-,+,+,-,0,+,0,0
ɳ̥ʲ,-,+,+,-,-,-,+,-,-,-,-,-,+,0,-,+,-,-,-,-,0,-,0,0
ɳʲ,-,+,+,-,-,-,+,-,+,-,-,-,+,0,-,+,-,-,-,-,0,-,0,0
ɳʲː,-,+,+,-,-,-,+,-,+,-,-,-,+,0,-,+,-,-,-,-,0,+,0,0
ɳːʲ,-,+,+,-,-,-,+,-,+,-,-,-,+,0,-,+,-,-,-,-,0,+,0,0
ɳᶣ,-,+,+,-,-,-,+,-,+,-,-,-,+,0,-,+,-,-,+,-,0,-,0,0
ɳ̥ˠ,-,+,+,-,-,-,+,-,-,-,-,-,+,0,-,+,-,+,-,-,0,-,0,0
ɳˠ,-,+,+,-,-,-,+,-,+,-,-,-,+,0,-,+,-,+,-,-,0,-,0,0
ɳːˠ,-,+,+,-,-,-,+,-,+,-,-,-,+,0,-,+,-,+,-,-,0,+,0,0
ɳ̥ʷ,-,+,+,-,-,-,+,-,-,-,-,-,+,0,-,+,-,+,+,-,0,-,0,0
ɳʲʷ,-,+,+,-,-,-,+,-,+,-,-,-,+,0,-,+,-,+,+,-,0,-,0,0
ɳ̠ʷ,-,+,+,-,-,-,+,-,+,-,-,-,+,0,-,+,-,+,+,-,0,-,0,0
ɳʷ,-,+,+,-,-,-,+,-,+,-,-,-,+,0,-,+,-,+,+,-,0,-,0,0
ɳʷˠ,-,+,+,-,-,-,+,-,+,-,-,-,+,0,-,+,-,+,+,-,0,-,0,0
ɳʷː,-,+,+,-,-,-,+,-,+,-,-,-,+,0,-,+,-,+,+,-,0,+,0,0
ɳːʷ,-,+,+,-,-,-,+,-,+,-,-,-,+,0,-,+,-,+,+,-,0,+,0,0
n̥ʲ,-,+,+,-,-,-,+,-,-,-,-,+,+,-,-,+,-,-,-,-,0,-,0,0
nʲ,-,+,+,-,-,-,+,-,+,-,-,+,+,-,-,+,-,-,-,-,0,-,0,0
nʲː,-,+,+,-,-,-,+,-,+,-,-,+,+,-,-,+,-,-,-,-,0,+,0,0
nːʲ,-,+,+,-,-,-,+,-,+,-,-,+,+,-,-,+,-,-,-,-,0,+,0,0
nᶣ,-,+,+,-,-,-,+,-,+,-,-,+,+,-,-,+,-,-,+,-,0,-,0,0
n̥ˠ,-,+,+,-,-,-,+,-,-,-,-,+,+,-,-,+,-,+,-,-,0,-,0,0
nˠ,-,+,+,-,-,-,+,-,+,-,-,+,+,-,-,+,-,+,-,-,0,-,0,0
nːˠ,-,+,+,-,-,-,+,-,+,-,-,+,+,-,-,+,-,+,-,-,0,+,0,0
n̥ʷ,-,+,+,-,-,-,+,-,-,-,-,+,+,-,-,+,-,+,+,-,0,-,0,0
nʲʷ,-,+,+,-,-,-,+,-,+,-,-,+,+,-,-,+,-,+,+,-,0,-,0,0
n̠ʷ,-,+,+,-,-,-,+,-,+,-,-,+,+,-,-,+,-,+,+,-,0,-,0,0
nʷ,-,+,+,-,-,-,+,-,+,-,-,+,+,-,-,+,-,+,+,-,0,-,0,0
nʷˠ,-,+,+,-,-,-,+,-,+,-,-,+,+,-,-,+,-,+,+,-,0,-,0,0
nʷː,-,+,+,-,-,-,+,-,+,-,-,+,+,-,-,+,-,+,+,-,0,+,0,0
nːʷ,-,+,+,-,-,-,+,-,+,-,-,+,+,-,-,+,-,+,+,-,0,+,0,0
n̪̥ʲ,-,+,+,-,-,-,+,-,-,-,-,+,+,+,-,+,-,-,-,-,0,-,0,0
n̪ʲ,-,+,+,-,-,-,+,-,+,-,-,+,+,+,-,+,-,-,-,-,0,-,0,0
n̪ʲː,-,+,+,-,-,-,+,-,+,-,-,+,+,+,-,+,-,-,-,-,0,+,0,0
n̪ːʲ,-,+,+,-,-,-,+,-,+,-,-,+,+,+,-,+,-,-,-,-,0,+,0,0
n̪ᶣ,-,+,+,-,-,-,+,-,+,-,-,+,+,+,-,+,-,-,+,-,0,-,0,0
n̪̥ˠ,-,+,+,-,-,-,+,-,-,-,-,+,+,+,-,+,-,+,-,-,0,-,0,0
n̪ˠ,-,+,+,-,-,-,+,-,+,-,-,+,+,+,-,+,-,+,-,-,0,-,0,0
n̪ːˠ,-,+,+,-,-,-,+,-,+,-,-,+,+,+,-,+,-,+,-,-,0,+,0,0
n̪̥ʷ,-,+,+,-,-,-,+,-,-,-,-,+,+,+,-,+,-,+,+,-,0,-,0,0
n̪ʲʷ,-,+,+,-,-,-,+,-,+,-,-,+,+,+,-,+,-,+,+,-,0,-,0,0
n̪̠ʷ,-,+,+,-,-,-,+,-,+,-,-,+,+,+,-,+,-,+,+,-,0,-,0,0
n̪ʷ,-,+,+,-,-,-,+,-,+,-,-,+,+,+,-,+,-,+,+,-,0,-,0,0
n̪ʷˠ,-,+,+,-,-,-,+,-,+,-,-,+,+,+,-,+,-,+,+,-,0,-,0,0
n̪ʷː,-,+,+,-,-,-,+,-,+,-,-,+,+,+,-,+,-,+,+,-,0,+,0,0
n̪ːʷ,-,+,+,-,-,-,+,-,+,-,-,+,+,+,-,+,-,+,+,-,0,+,0,0
m̥ʲ,-,+,+,-,-,-,+,-,-,-,-,+,-,0,+,+,-,-,-,-,0,-,0,0
mʲ,-,+,+,-,-,-,+,-,+,-,-,+,-,0,+,+,-,-,-,-,0,-,0,0
mʲː,-,+,+,-,-,-,+,-,+,-,-,+,-,0,+,+,-,-,-,-,0,+,0,0
mːʲ,-,+,+,-,-,-,+,-,+,-,-,+,-,0,+,+,-,-,-,-,0,+,0,0
m̥ˠ,-,+,+,-,-,-,+,-,-,-,-,+,-,0,+,+,-,+,-,-,0,-,0,0
mˠ,-,+,+,-,-,-,+,-,+,-,-,+,-,0,+,+,-,+,-,-,0,-,0,0
mːˠ,-,+,+,-,-,-,+,-,+,-,-,+,-,0,+,+,-,+,-,-,0,+,0,0
m̥ʷ,-,+,+,-,-,-,+,-,-,-,-,+,-,0,+,+,-,+,+,-,0,-,0,0
mʲʷ,-,+,+,-,-,-,+,-,+,-,-,+,-,0,+,+,-,+,+,-,0,-,0,0
m̠ʷ,-,+,+,-,-,-,+,-,+,-,-,+,-,0,+,+,-,+,+,-,0,-,0,0
mʷ,-,+,+,-,-,-,+,-,+,-,-,+,-,0,+,+,-,+,+,-,0,-,0,0
mʷˠ,-,+,+,-,-,-,+,-,+,-,-,+,-,0,+,+,-,+,+,-,0,-,0,0
mʷː,-,+,+,-,-,-,+,-,+,-,-,+,-,0,+,+,-,+,+,-,0,+,0,0
mːʷ,-,+,+,-,-,-,+,-,+,-,-,+,-,0,+,+,-,+,+,-,0,+,0,0
ŋ̥ˤ,-,+,+,-,-,-,+,-,-,-,-,-,-,0,-,+,+,+,-,-,0,-,0,0
ɲ̥ˤ,-,+,+,-,-,-,+,-,-,-,-,-,-,0,-,+,+,+,-,-,0,-,0,0
ŋˤ,-,+,+,-,-,-,+,-,+,-,-,-,-,0,-,+,+,+,-,-,0,-,0,0
ɲˤ,-,+,+,-,-,-,+,-,+,-,-,-,-,0,-,+,+,+,-,-,0,-,0,0
ŋˤː,-,+,+,-,-,-,+,-,+,-,-,-,-,0,-,+,+,+,-,-,0,+,0,0
ɲˤː,-,+,+,-,-,-,+,-,+,-,-,-,-,0,-,+,+,+,-,-,0,+,0,0
ŋːˤ,-,+,+,-,-,-,+,-,+,-,-,-,-,0,-,+,+,+,-,-,0,+,0,0
ɲːˤ,-,+,+,-,-,-,+,-,+,-,-,-,-,0,-,+,+,+,-,-,0,+,0,0
ŋʷˤ,-,+,+,-,-,-,+,-,+,-,-,-,-,0,-,+,+,+,+,-,0,-,0,0
ɴʷˤ,-,+,+,-,-,-,+,-,+,-,-,-,-,0,-,+,+,+,+,-,0,-,0,0
ɲʷˤ,-,+,+,-,-,-,+,-,+,-,-,-,-,0,-,+,+,+,+,-,0,-,0,0
ɳʷˤ,-,+,+,-,-,-,+,-,+,-,-,-,+,0,-,+,+,+,+,-,0,-,0,0
nʷˤ,-,+,+,-,-,-,+,-,+,-,-,+,+,-,-,+,+,+,+,-,0,-,0,0
n̪ʷˤ,-,+,+,-,-,-,+,-,+,-,-,+,+,+,-,+,+,+,+,-,0,-,0,0
mʷˤ,-,+,+,-,-,-,+,-,+,-,-,+,-,0,+,+,+,+,+,-,0,-,0,0
ɴ̰,-,+,+,-,-,-,+,-,+,-,+,-,-,0,-,-,-,+,-,-,0,-,0,0
ɴ̰ː,-,+,+,-,-,-,+,-,+,-,+,-,-,0,-,-,-,+,-,-,0,+,0,0
ɳ̰,-,+,+,-,-,-,+,-,+,-,+,-,+,0,-,-,-,-,-,-,0,-,0,0
ɳ̰ː,-,+,+,-,-,-,+,-,+,-,+,-,+,0,-,-,-,-,-,-,0,+,0,0
n̰,-,+,+,-,-,-,+,-,+,-,+,+,+,-,-,-,-,-,-,-,0,-,0,0
n̰ː,-,+,+,-,-,-,+,-,+,-,+,+,+,-,-,-,-,-,-,-,0,+,0,0
n̪̰,-,+,+,-,-,-,+,-,+,-,+,+,+,+,-,-,-,-,-,-,0,-,0,0
n̪̰ː,-,+,+,-,-,-,+,-,+,-,+,+,+,+,-,-,-,-,-,-,0,+,0,0
m̰,-,+,+,-,-,-,+,-,+,-,+,+,-,0,+,-,-,-,-,-,0,-,0,0
m̰ː,-,+,+,-,-,-,+,-,+,-,+,+,-,0,+,-,-,-,-,-,0,+,0,0
ɴ̰ˤ,-,+,+,-,-,-,+,-,+,-,+,-,-,0,-,-,+,+,-,-,0,-,0,0
ɳ̰ˤ,-,+,+,-,-,-,+,-,+,-,+,-,+,0,-,-,+,+,-,-,0,-,0,0
n̰ˤ,-,+,+,-,-,-,+,-,+,-,+,+,+,-,-,-,+,+,-,-,0,-,0,0
n̪̰ˤ,-,+,+,-,-,-,+,-,+,-,+,+,+,+,-,-,+,+,-,-,0,-,0,0
m̰ˤ,-,+,+,-,-,-,+,-,+,-,+,+,-,0,+,-,+,+,-,-,0,-,0,0
ɲ̰,-,+,+,-,-,-,+,-,+,-,+,-,-,0,-,+,-,-,-,-,0,-,0,0
ŋ̰ʲ,-,+,+,-,-,-,+,-,+,-,+,-,-,0,-,+,-,-,-,-,0,-,0,0
ɴ̰ʲ,-,+,+,-,-,-,+,-,+,-,+,-,-,0,-,+,-,-,-,-,0,-,0,0
ɲ̰ʲ,-,+,+,-,-,-,+,-,+,-,+,-,-,0,-,+,-,-,-,-,0,-,0,0
ɲ̰ː,-,+,+,-,-,-,+,-,+,-,+,-,-,0,-,+,-,-,-,-,0,+,0,0
ŋ̰ˠ,-,+,+,-,-,-,+,-,+,-,+,-,-,0,-,+,-,+,-,-,0,-,0,0
ɴ̰ˠ,-,+,+,-,-,-,+,-,+,-,+,-,-,0,-,+,-,+,-,-,0,-,0,0
ɲ̰ˠ,-,+,+,-,-,-,+,-,+,-,+,-,-,0,-,+,-,+,-,-,0,-,0,0
ŋ̰,-,+,+,-,-,-,+,-,+,-,+,-,-,0,-,+,-,+,-,-,0,-,0,0
ŋ̰ː,-,+,+,-,-,-,+,-,+,-,+,-,-,0,-,+,-,+,-,-,0,+,0,0
ŋ̰ʷ,-,+,+,-,-,-,+,-,+,-,+,-,-,0,-,+,-,+,+,-,0,-,0,0
ɴ̰ʷ,-,+,+,-,-,-,+,-,+,-,+,-,-,0,-,+,-,+,+,-,0,-,0,0
ɲ̰ʷ,-,+,+,-,-,-,+,-,+,-,+,-,-,0,-,+,-,+,+,-,0,-,0,0
ɳ̰ʲ,-,+,+,-,-,-,+,-,+,-,+,-,+,0,-,+,-,-,-,-,0,-,0,0
ɳ̰ˠ,-,+,+,-,-,-,+,-,+,-,+,-,+,0,-,+,-,+,-,-,0,-,0,0
ɳ̰ʷ,-,+,+,-,-,-,+,-,+,-,+,-,+,0,-,+,-,+,+,-,0,-,0,0
n̰ʲ,-,+,+,-,-,-,+,-,+,-,+,+,+,-,-,+,-,-,-,-,0,-,0,0
n̰ˠ,-,+,+,-,-,-,+,-,+,-,+,+,+,-,-,+,-,+,-,-,0,-,0,0
n̰ʷ,-,+,+,-,-,-,+,-,+,-,+,+,+,-,-,+,-,+,+,-,0,-,0,0
n̪̰ʲ,-,+,+,-,-,-,+,-,+,-,+,+,+,+,-,+,-,-,-,-,0,-,0,0
n̪̰ˠ,-,+,+,-,-,-,+,-,+,-,+,+,+,+,-,+,-,+,-,-,0,-,0,0
n̪̰ʷ,-,+,+,-,-,-,+,-,+,-,+,+,+,+,-,+,-,+,+,-,0,-,0,0
m̰ʲ,-,+,+,-,-,-,+,-,+,-,+,+,-,0,+,+,-,-,-,-,0,-,0,0
m̰ˠ,-,+,+,-,-,-,+,-,+,-,+,+,-,0,+,+,-,+,-,-,0,-,0,0
m̰ʷ,-,+,+,-,-,-,+,-,+,-,+,+,-,0,+,+,-,+,+,-,0,-,0,0
ŋ̰ˤ,-,+,+,-,-,-,+,-,+,-,+,-,-,0,-,+,+,+,-,-,0,-,0,0
ɲ̰ˤ,-,+,+,-,-,-,+,-,+,-,+,-,-,0,-,+,+,+,-,-,0,-,0,0
ɴ̤̥,-,+,+,-,-,-,+,-,-,+,-,-,-,0,-,-,-,+,-,-,0,-,0,0
ɴ̤,-,+,+,-,-,-,+,-,+,+,-,-,-,0,-,-,-,+,-,-,0,-,0,0
ɴ̠ʰ,-,+,+,-,-,-,+,-,+,+,-,-,-,0,-,-,-,+,-,-,0,-,0,0
ɴʰ,-,+,+,-,-,-,+,-,+,+,-,-,-,0,-,-,-,+,-,-,0,-,0,0
ɴʰː,-,+,+,-,-,-,+,-,+,+,-,-,-,0,-,-,-,+,-,-,0,+,0,0
ɴ̤ː,-,+,+,-,-,-,+,-,+,+,-,-,-,0,-,-,-,+,-,-,0,+,0,0
ɳ̤̥,-,+,+,-,-,-,+,-,-,+,-,-,+,0,-,-,-,-,-,-,0,-,0,0
ɳ̤,-,+,+,-,-,-,+,-,+,+,-,-,+,0,-,-,-,-,-,-,0,-,0,0
ɳ̠ʰ,-,+,+,-,-,-,+,-,+,+,-,-,+,0,-,-,-,-,-,-,0,-,0,0
ɳʰ,-,+,+,-,-,-,+,-,+,+,-,-,+,0,-,-,-,-,-,-,0,-,0,0
ɳʰː,-,+,+,-,-,-,+,-,+,+,-,-,+,0,-,-,-,-,-,-,0,+,0,0
ɳ̤ː,-,+,+,-,-,-,+,-,+,+,-,-,+,0,-,-,-,-,-,-,0,+,0,0
n̤̥,-,+,+,-,-,-,+,-,-,+,-,+,+,-,-,-,-,-,-,-,0,-,0,0
n̤,-,+,+,-,-,-,+,-,+,+,-,+,+,-,-,-,-,-,-,-,0,-,0,0
n̠ʰ,-,+,+,-,-,-,+,-,+,+,-,+,+,-,-,-,-,-,-,-,0,-,0,0
nʰ,-,+,+,-,-,-,+,-,+,+,-,+,+,-,-,-,-,-,-,-,0,-,0,0
nʰː,-,+,+,-,-,-,+,-,+,+,-,+,+,-,-,-,-,-,-,-,0,+,0,0
n̤ː,-,+,+,-,-,-,+,-,+,+,-,+,+,-,-,-,-,-,-,-,0,+,0,0
n̪̤̥,-,+,+,-,-,-,+,-,-,+,-,+,+,+,-,-,-,-,-,-,0,-,0,0
n̪̤,-,+,+,-,-,-,+,-,+,+,-,+,+,+,-,-,-,-,-,-,0,-,0,0
n̪̠ʰ,-,+,+,-,-,-,+,-,+,+,-,+,+,+,-,-,-,-,-,-,0,-,0,0
n̪ʰ,-,+,+,-,-,-,+,-,+,+,-,+,+,+,-,-,-,-,-,-,0,-,0,0
n̪ʰː,-,+,+,-,-,-,+,-,+,+,-,+,+,+,-,-,-,-,-,-,0,+,0,0
n̪̤ː,-,+,+,-,-,-,+,-,+,+,-,+,+,+,-,-,-,-,-,-,0,+,0,0
m̤̥,-,+,+,-,-,-,+,-,-,+,-,+,-,0,+,-,-,-,-,-,0,-,0,0
m̤,-,+,+,-,-,-,+,-,+,+,-,+,-,0,+,-,-,-,-,-,0,-,0,0
m̠ʰ,-,+,+,-,-,-,+,-,+,+,-,+,-,0,+,-,-,-,-,-,0,-,0,0
mʰ,-,+,+,-,-,-,+,-,+,+,-,+,-,0,+,-,-,-,-,-,0,-,0,0
mʰː,-,+,+,-,-,-,+,-,+,+,-,+,-,0,+,-,-,-,-,-,0,+,0,0
m̤ː,-,+,+,-,-,-,+,-,+,+,-,+,-,0,+,-,-,-,-,-,0,+,0,0
ɴʰˤ,-,+,+,-,-,-,+,-,+,+,-,-,-,0,-,-,+,+,-,-,0,-,0,0
ɴˤʰ,-,+,+,-,-,-,+,-,+,+,-,-,-,0,-,-,+,+,-,-,0,-,0,0
ɴ̤ˤ,-,+,+,-,-,-,+,-,+,+,-,-,-,0,-,-,+,+,-,-,0,-,0,0
ɳʰˤ,-,+,+,-,-,-,+,-,+,+,-,-,+,0,-,-,+,+,-,-,0,-,0,0
ɳˤʰ,-,+,+,-,-,-,+,-,+,+,-,-,+,0,-,-,+,+,-,-,0,-,0,0
ɳ̤ˤ,-,+,+,-,-,-,+,-,+,+,-,-,+,0,-,-,+,+,-,-,0,-,0,0
nʰˤ,-,+,+,-,-,-,+,-,+,+,-,+,+,-,-,-,+,+,-,-,0,-,0,0
nˤʰ,-,+,+,-,-,-,+,-,+,+,-,+,+,-,-,-,+,+,-,-,0,-,0,0
n̤ˤ,-,+,+,-,-,-,+,-,+,+,-,+,+,-,-,-,+,+,-,-,0,-,0,0
n̪ʰˤ,-,+,+,-,-,-,+,-,+,+,-,+,+,+,-,-,+,+,-,-,0,-,0,0
n̪ˤʰ,-,+,+,-,-,-,+,-,+,+,-,+,+,+,-,-,+,+,-,-,0,-,0,0
n̪̤ˤ,-,+,+,-,-,-,+,-,+,+,-,+,+,+,-,-,+,+,-,-,0,-,0,0
mʰˤ,-,+,+,-,-,-,+,-,+,+,-,+,-,0,+,-,+,+,-,-,0,-,0,0
mˤʰ,-,+,+,-,-,-,+,-,+,+,-,+,-,0,+,-,+,+,-,-,0,-,0,0
m̤ˤ,-,+,+,-,-,-,+,-,+,+,-,+,-,0,+,-,+,+,-,-,0,-,0,0
ɲ̤̥,-,+,+,-,-,-,+,-,-,+,-,-,-,0,-,+,-,-,-,-,0,-,0,0
ŋʰʲ,-,+,+,-,-,-,+,-,+,+,-,-,-,0,-,+,-,-,-,-,0,-,0,0
ɴʰʲ,-,+,+,-,-,-,+,-,+,+,-,-,-,0,-,+,-,-,-,-,0,-,0,0
ɲʰʲ,-,+,+,-,-,-,+,-,+,+,-,-,-,0,-,+,-,-,-,-,0,-,0,0
ŋʲʰ,-,+,+,-,-,-,+,-,+,+,-,-,-,0,-,+,-,-,-,-,0,-,0,0
ɴʲʰ,-,+,+,-,-,-,+,-,+,+,-,-,-,0,-,+,-,-,-,-,0,-,0,0
ɲʲʰ,-,+,+,-,-,-,+,-,+,+,-,-,-,0,-,+,-,-,-,-,0,-,0,0
ɲ̤,-,+,+,-,-,-,+,-,+,+,-,-,-,0,-,+,-,-,-,-,0,-,0,0
ɲ̠ʰ,-,+,+,-,-,-,+,-,+,+,-,-,-,0,-,+,-,-,-,-,0,-,0,0
ŋ̤ʲ,-,+,+,-,-,-,+,-,+,+,-,-,-,0,-,+,-,-,-,-,0,-,0,0
ɴ̤ʲ,-,+,+,-,-,-,+,-,+,+,-,-,-,0,-,+,-,-,-,-,0,-,0,0
ɲ̤ʲ,-,+,+,-,-,-,+,-,+,+,-,-,-,0,-,+,-,-,-,-,0,-,0,0
ɲʰ,-,+,+,-,-,-,+,-,+,+,-,-,-,0,-,+,-,-,-,-,0,-,0,0
ɲʰː,-,+,+,-,-,-,+,-,+,+,-,-,-,0,-,+,-,-,-,-,0,+,0,0
ɲ̤ː,-,+,+,-,-,-,+,-,+,+,-,-,-,0,-,+,-,-,-,-,0,+,0,0
ŋʰᶣ,-,+,+,-,-,-,+,-,+,+,-,-,-,0,-,+,-,-,+,-,0,-,0,0
ɴʰᶣ,-,+,+,-,-,-,+,-,+,+,-,-,-,0,-,+,-,-,+,-,0,-,0,0
ɲʰᶣ,-,+,+,-,-,-,+,-,+,+,-,-,-,0,-,+,-,-,+,-,0,-,0,0
ŋ̤̥,-,+,+,-,-,-,+,-,-,+,-,-,-,0,-,+,-,+,-,-,0,-,0,0
ŋʰˠ,-,+,+,-,-,-,+,-,+,+,-,-,-,0,-,+,-,+,-,-,0,-,0,0
ɴʰˠ,-,+,+,-,-,-,+,-,+,+,-,-,-,0,-,+,-,+,-,-,0,-,0,0
ɲʰˠ,-,+,+,-,-,-,+,-,+,+,-,-,-,0,-,+,-,+,-,-,0,-,0,0
ŋ̤,-,+,+,-,-,-,+,-,+,+,-,-,-,0,-,+,-,+,-,-,0,-,0,0
ŋ̠ʰ,-,+,+,-,-,-,+,-,+,+,-,-,-,0,-,+,-,+,-,-,0,-,0,0
ŋ̤ˠ,-,+,+,-,-,-,+,-,+,+,-,-,-,0,-,+,-,+,-,-,0,-,0,0
ɴ̤ˠ,-,+,+,-,-,-,+,-,+,+,-,-,-,0,-,+,-,+,-,-,0,-,0,0
ɲ̤ˠ,-,+,+,-,-,-,+,-,+,+,-,-,-,0,-,+,-,+,-,-,0,-,0,0
ŋʰ,-,+,+,-,-,-,+,-,+,+,-,-,-,0,-,+,-,+,-,-,0,-,0,0
ŋʰː,-,+,+,-,-,-,+,-,+,+,-,-,-,0,-,+,-,+,-,-,0,+,0,0
ŋ̤ː,-,+,+,-,-,-,+,-,+,+,-,-,-,0,-,+,-,+,-,-,0,+,0,0
ŋʰʷ,-,+,+,-,-,-,+,-,+,+,-,-,-,0,-,+,-,+,+,-,0,-,0,0
ɴʰʷ,-,+,+,-,-,-,+,-,+,+,-,-,-,0,-,+,-,+,+,-,0,-,0,0
ɲʰʷ,-,+,+,-,-,-,+,-,+,+,-,-,-,0,-,+,-,+,+,-,0,-,0,0
ŋʲʷʰ,-,+,+,-,-,-,+,-,+,+,-,-,-,0,-,+,-,+,+,-,0,-,0,0
ɴʲʷʰ,-,+,+,-,-,-,+,-,+,+,-,-,-,0,-,+,-,+,+,-,0,-,0,0
ɲʲʷʰ,-,+,+,-,-,-,+,-,+,+,-,-,-,0,-,+,-,+,+,-,0,-,0,0
ŋʷʰ,-,+,+,-,-,-,+,-,+,+,-,-,-,0,-,+,-,+,+,-,0,-,0,0
ɴʷʰ,-,+,+,-,-,-,+,-,+,+,-,-,-,0,-,+,-,+,+,-,0,-,0,0
ɲʷʰ,-,+,+,-,-,-,+,-,+,+,-,-,-,0,-,+,-,+,+,-,0,-,0,0
ŋ̤ʷ,-,+,+,-,-,-,+,-,+,+,-,-,-,0,-,+,-,+,+,-,0,-,0,0
ɴ̤ʷ,-,+,+,-,-,-,+,-,+,+,-,-,-,0,-,+,-,+,+,-,0,-,0,0
ɲ̤ʷ,-,+,+,-,-,-,+,-,+,+,-,-,-,0,-,+,-,+,+,-,0,-,0,0
ŋʷˠʰ,-,+,+,-,-,-,+,-,+,+,-,-,-,0,-,+,-,+,+,-,0,-,0,0
ɴʷˠʰ,-,+,+,-,-,-,+,-,+,+,-,-,-,0,-,+,-,+,+,-,0,-,0,0
ɲʷˠʰ,-,+,+,-,-,-,+,-,+,+,-,-,-,0,-,+,-,+,+,-,0,-,0,0
ŋʷʰː,-,+,+,-,-,-,+,-,+,+,-,-,-,0,-,+,-,+,+,-,0,+,0,0
ɴʷʰː,-,+,+,-,-,-,+,-,+,+,-,-,-,0,-,+,-,+,+,-,0,+,0,0
ɲʷʰː,-,+,+,-,-,-,+,-,+,+,-,-,-,0,-,+,-,+,+,-,0,+,0,0
ɳʰʲ,-,+,+,-,-,-,+,-,+,+,-,-,+,0,-,+,-,-,-,-,0,-,0,0
ɳʲʰ,-,+,+,-,-,-,+,-,+,+,-,-,+,0,-,+,-,-,-,-,0,-,0,0
ɳ̤ʲ,-,+,+,-,-,-,+,-,+,+,-,-,+,0,-,+,-,-,-,-,0,-,0,0
ɳʰᶣ,-,+,+,-,-,-,+,-,+,+,-,-,+,0,-,+,-,-,+,-,0,-,0,0
ɳʰˠ,-,+,+,-,-,-,+,-,+,+,-,-,+,0,-,+,-,+,-,-,0,-,0,0
ɳ̤ˠ,-,+,+,-,-,-,+,-,+,+,-,-,+,0,-,+,-,+,-,-,0,-,0,0
ɳʰʷ,-,+,+,-,-,-,+,-,+,+,-,-,+,0,-,+,-,+,+,-,0,-,0,0
ɳʲʷʰ,-,+,+,-,-,-,+,-,+,+,-,-,+,0,-,+,-,+,+,-,0,-,0,0
ɳʷʰ,-,+,+,-,-,-,+,-,+,+,-,-,+,0,-,+,-,+,+,-,0,-,0,0
ɳ̤ʷ,-,+,+,-,-,-,+,-,+,+,-,-,+,0,-,+,-,+,+,-,0,-,0,0
ɳʷˠʰ,-,+,+,-,-,-,+,-,+,+,-,-,+,0,-,+,-,+,+,-,0,-,0,0
ɳʷʰː,-,+,+,-,-,-,+,-,+,+,-,-,+,0,-,+,-,+,+,-,0,+,0,0
nʰʲ,-,+,+,-,-,-,+,-,+,+,-,+,+,-,-,+,-,-,-,-,0,-,0,0
nʲʰ,-,+,+,-,-,-,+,-,+,+,-,+,+,-,-,+,-,-,-,-,0,-,0,0
n̤ʲ,-,+,+,-,-,-,+,-,+,+,-,+,+,-,-,+,-,-,-,-,0,-,0,0
nʰᶣ,-,+,+,-,-,-,+,-,+,+,-,+,+,-,-,+,-,-,+,-,0,-,0,0
nʰˠ,-,+,+,-,-,-,+,-,+,+,-,+,+,-,-,+,-,+,-,-,0,-,0,0
n̤ˠ,-,+,+,-,-,-,+,-,+,+,-,+,+,-,-,+,-,+,-,-,0,-,0,0
nʰʷ,-,+,+,-,-,-,+,-,+,+,-,+,+,-,-,+,-,+,+,-,0,-,0,0
nʲʷʰ,-,+,+,-,-,-,+,-,+,+,-,+,+,-,-,+,-,+,+,-,0,-,0,0
nʷʰ,-,+,+,-,-,-,+,-,+,+,-,+,+,-,-,+,-,+,+,-,0,-,0,0
n̤ʷ,-,+,+,-,-,-,+,-,+,+,-,+,+,-,-,+,-,+,+,-,0,-,0,0
nʷˠʰ,-,+,+,-,-,-,+,-,+,+,-,+,+,-,-,+,-,+,+,-,0,-,0,0
nʷʰː,-,+,+,-,-,-,+,-,+,+,-,+,+,-,-,+,-,+,+,-,0,+,0,0
n̪ʰʲ,-,+,+,-,-,-,+,-,+,+,-,+,+,+,-,+,-,-,-,-,0,-,0,0
n̪ʲʰ,-,+,+,-,-,-,+,-,+,+,-,+,+,+,-,+,-,-,-,-,0,-,0,0
n̪̤ʲ,-,+,+,-,-,-,+,-,+,+,-,+,+,+,-,+,-,-,-,-,0,-,0,0
n̪ʰᶣ,-,+,+,-,-,-,+,-,+,+,-,+,+,+,-,+,-,-,+,-,0,-,0,0
n̪ʰˠ,-,+,+,-,-,-,+,-,+,+,-,+,+,+,-,+,-,+,-,-,0,-,0,0
n̪̤ˠ,-,+,+,-,-,-,+,-,+,+,-,+,+,+,-,+,-,+,-,-,0,-,0,0
n̪ʰʷ,-,+,+,-,-,-,+,-,+,+,-,+,+,+,-,+,-,+,+,-,0,-,0,0
n̪ʲʷʰ,-,+,+,-,-,-,+,-,+,+,-,+,+,+,-,+,-,+,+,-,0,-,0,0
n̪ʷʰ,-,+,+,-,-,-,+,-,+,+,-,+,+,+,-,+,-,+,+,-,0,-,0,0
n̪̤ʷ,-,+,+,-,-,-,+,-,+,+,-,+,+,+,-,+,-,+,+,-,0,-,0,0
n̪ʷˠʰ,-,+,+,-,-,-,+,-,+,+,-,+,+,+,-,+,-,+,+,-,0,-,0,0
n̪ʷʰː,-,+,+,-,-,-,+,-,+,+,-,+,+,+,-,+,-,+,+,-,0,+,0,0
mʰʲ,-,+,+,-,-,-,+,-,+,+,-,+,-,0,+,+,-,-,-,-,0,-,0,0
mʲʰ,-,+,+,-,-,-,+,-,+,+,-,+,-,0,+,+,-,-,-,-,0,-,0,0
m̤ʲ,-,+,+,-,-,-,+,-,+,+,-,+,-,0,+,+,-,-,-,-,0,-,0,0
mʰˠ,-,+,+,-,-,-,+,-,+,+,-,+,-,0,+,+,-,+,-,-,0,-,0,0
m̤ˠ,-,+,+,-,-,-,+,-,+,+,-,+,-,0,+,+,-,+,-,-,0,-,0,0
mʰʷ,-,+,+,-,-,-,+,-,+,+,-,+,-,0,+,+,-,+,+,-,0,-,0,0
mʲʷʰ,-,+,+,-,-,-,+,-,+,+,-,+,-,0,+,+,-,+,+,-,0,-,0,0
mʷʰ,-,+,+,-,-,-,+,-,+,+,-,+,-,0,+,+,-,+,+,-,0,-,0,0
m̤ʷ,-,+,+,-,-,-,+,-,+,+,-,+,-,0,+,+,-,+,+,-,0,-,0,0
mʷˠʰ,-,+,+,-,-,-,+,-,+,+,-,+,-,0,+,+,-,+,+,-,0,-,0,0
mʷʰː,-,+,+,-,-,-,+,-,+,+,-,+,-,0,+,+,-,+,+,-,0,+,0,0
ŋʰˤ,-,+,+,-,-,-,+,-,+,+,-,-,-,0,-,+,+,+,-,-,0,-,0,0
ɲʰˤ,-,+,+,-,-,-,+,-,+,+,-,-,-,0,-,+,+,+,-,-,0,-,0,0
ŋˤʰ,-,+,+,-,-,-,+,-,+,+,-,-,-,0,-,+,+,+,-,-,0,-,0,0
ɲˤʰ,-,+,+,-,-,-,+,-,+,+,-,-,-,0,-,+,+,+,-,-,0,-,0,0
ŋ̤ˤ,-,+,+,-,-,-,+,-,+,+,-,-,-,0,-,+,+,+,-,-,0,-,0,0
ɲ̤ˤ,-,+,+,-,-,-,+,-,+,+,-,-,-,0,-,+,+,+,-,-,0,-,0,0
ŋʷˤʰ,-,+,+,-,-,-,+,-,+,+,-,-,-,0,-,+,+,+,+,-,0,-,0,0
ɴʷˤʰ,-,+,+,-,-,-,+,-,+,+,-,-,-,0,-,+,+,+,+,-,0,-,0,0
ɲʷˤʰ,-,+,+,-,-,-,+,-,+,+,-,-,-,0,-,+,+,+,+,-,0,-,0,0
ɳʷˤʰ,-,+,+,-,-,-,+,-,+,+,-,-,+,0,-,+,+,+,+,-,0,-,0,0
nʷˤʰ,-,+,+,-,-,-,+,-,+,+,-,+,+,-,-,+,+,+,+,-,0,-,0,0
n̪ʷˤʰ,-,+,+,-,-,-,+,-,+,+,-,+,+,+,-,+,+,+,+,-,0,-,0,0
mʷˤʰ,-,+,+,-,-,-,+,-,+,+,-,+,-,0,+,+,+,+,+,-,0,-,0,0
ʋ̠̊,-,+,-,+,0,-,-,-,-,-,-,+,-,0,+,0,0,0,-,-,0,-,0,0
ʋ̠̊˔,-,+,-,+,0,-,-,-,-,-,-,+,-,0,+,0,0,0,-,-,0,-,0,0
ʋ̝̊,-,+,-,+,0,-,-,-,-,-,-,+,-,0,+,0,0,0,-,-,0,-,0,0
ʋ̥,-,+,-,+,0,-,-,-,-,-,-,+,-,0,+,0,0,0,-,-,0,-,0,0
ʋ̊,-,+,-,+,0,-,-,-,-,-,-,+,-,0,+,0,0,0,-,-,0,-,0,0
ʋ̟,-,+,-,+,0,-,-,-,+,-,-,+,-,0,+,0,0,0,-,-,0,-,0,0
ʋ̠,-,+,-,+,0,-,-,-,+,-,-,+,-,0,+,0,0,0,-,-,0,-,0,0
ʋ̝,-,+,-,+,0,-,-,-,+,-,-,+,-,0,+,0,0,0,-,-,0,-,0,0
ʋ˔,-,+,-,+,0,-,-,-,+,-,-,+,-,0,+,0,0,0,-,-,0,-,0,0
ʋ̞,-,+,-,+,0,-,-,-,+,-,-,+,-,0,+,0,0,0,-,-,0,-,0,0
ʋ,-,+,-,+,0,-,-,-,+,-,-,+,-,0,+,0,0,0,-,-,0,-,0,0
ʋ̥ː,-,+,-,+,0,-,-,-,-,-,-,+,-,0,+,0,0,0,-,-,0,+,0,0
ʋ̟ː,-,+,-,+,0,-,-,-,+,-,-,+,-,0,+,0,0,0,-,-,0,+,0,0
ʋː,-,+,-,+,0,-,-,-,+,-,-,+,-,0,+,0,0,0,-,-,0,+,0,0
ʋ̝ː,-,+,-,+,0,-,-,-,+,-,-,+,-,0,+,0,0,0,-,-,0,+,0,0
ʋˑ,-,+,-,+,0,-,-,-,+,-,-,+,-,0,+,0,0,0,-,-,0,+,0,0
ʋ̞ː,-,+,-,+,0,-,-,-,+,-,-,+,-,0,+,0,0,0,-,-,0,+,0,0
ʋ̥ˤ,-,+,-,+,0,-,-,-,-,-,-,+,-,0,+,0,+,+,-,-,0,-,0,0
ʋˤ,-,+,-,+,0,-,-,-,+,-,-,+,-,0,+,0,+,+,-,-,0,-,0,0
ʋˤː,-,+,-,+,0,-,-,-,+,-,-,+,-,0,+,0,+,+,-,-,0,+,0,0
ʋːˤ,-,+,-,+,0,-,-,-,+,-,-,+,-,0,+,0,+,+,-,-,0,+,0,0
ɘ̯,-,+,-,+,0,-,-,-,+,-,-,0,-,0,-,-,-,-,-,-,+,-,0,0
ɘ̯ː,-,+,-,+,0,-,-,-,+,-,-,0,-,0,-,-,-,-,-,-,+,+,0,0
ɤ̯,-,+,-,+,0,-,-,-,+,-,-,0,-,0,-,-,-,+,-,-,+,-,0,0
ɤ̯ː,-,+,-,+,0,-,-,-,+,-,-,0,-,0,-,-,-,+,-,-,+,+,0,0
ɞ̯,-,+,-,+,0,-,-,-,+,-,-,0,-,0,+,-,-,-,+,-,-,-,0,0
ɞ̯ː,-,+,-,+,0,-,-,-,+,-,-,0,-,0,+,-,-,-,+,-,-,+,0,0
ɵ̯,-,+,-,+,0,-,-,-,+,-,-,0,-,0,+,-,-,-,+,-,+,-,0,0
ɵ̯ː,-,+,-,+,0,-,-,-,+,-,-,0,-,0,+,-,-,-,+,-,+,+,0,0
ɑ̯,-,+,-,+,0,-,-,-,+,-,-,0,-,0,-,-,+,+,-,-,+,-,0,0
ɑ̯ː,-,+,-,+,0,-,-,-,+,-,-,0,-,0,-,-,+,+,-,-,+,+,0,0
ʋ̥ʲ,-,+,-,+,0,-,-,-,-,-,-,+,-,0,+,+,0,-,-,-,0,-,0,0
ʋʲ,-,+,-,+,0,-,-,-,+,-,-,+,-,0,+,+,0,-,-,-,0,-,0,0
ʋʲː,-,+,-,+,0,-,-,-,+,-,-,+,-,0,+,+,0,-,-,-,0,+,0,0
ʋːʲ,-,+,-,+,0,-,-,-,+,-,-,+,-,0,+,+,0,-,-,-,0,+,0,0
ʋ̥ˠ,-,+,-,+,0,-,-,-,-,-,-,+,-,0,+,+,0,+,-,-,0,-,0,0
ʋˠ,-,+,-,+,0,-,-,-,+,-,-,+,-,0,+,+,0,+,-,-,0,-,0,0
ʋːˠ,-,+,-,+,0,-,-,-,+,-,-,+,-,0,+,+,0,+,-,-,0,+,0,0
ʋ̠̊˔ʷ,-,+,-,+,0,-,-,-,-,-,-,+,-,0,+,+,0,+,+,-,0,-,0,0
ʋ̝̊ʷ,-,+,-,+,0,-,-,-,-,-,-,+,-,0,+,+,0,+,+,-,0,-,0,0
ʋ̥ʷ,-,+,-,+,0,-,-,-,-,-,-,+,-,0,+,+,0,+,+,-,0,-,0,0
ʋʲʷ,-,+,-,+,0,-,-,-,+,-,-,+,-,0,+,+,0,+,+,-,0,-,0,0
ʋ̝ʷ,-,+,-,+,0,-,-,-,+,-,-,+,-,0,+,+,0,+,+,-,0,-,0,0
ʋ̠ʷ,-,+,-,+,0,-,-,-,+,-,-,+,-,0,+,+,0,+,+,-,0,-,0,0
ʋʷ,-,+,-,+,0,-,-,-,+,-,-,+,-,0,+,+,0,+,+,-,0,-,0,0
ʋ̠˔ʷ,-,+,-,+,0,-,-,-,+,-,-,+,-,0,+,+,0,+,+,-,0,-,0,0
ʋʷˠ,-,+,-,+,0,-,-,-,+,-,-,+,-,0,+,+,0,+,+,-,0,-,0,0
ʋʷː,-,+,-,+,0,-,-,-,+,-,-,+,-,0,+,+,0,+,+,-,0,+,0,0
ʋːʷ,-,+,-,+,0,-,-,-,+,-,-,+,-,0,+,+,0,+,+,-,0,+,0,0
ɘ̯ʷ,-,+,-,+,0,-,-,-,+,-,-,0,-,0,-,+,-,+,+,-,+,-,0,0
ɤ̯ʷ,-,+,-,+,0,-,-,-,+,-,-,0,-,0,-,+,-,+,+,-,+,-,0,0
ɰ̥ʲ,-,+,-,+,0,-,-,-,-,-,-,-,-,0,-,+,-,-,-,-,+,-,0,0
ɰʲ,-,+,-,+,0,-,-,-,+,-,-,-,-,0,-,+,-,-,-,-,+,-,0,0
ɰʲː,-,+,-,+,0,-,-,-,+,-,-,-,-,0,-,+,-,-,-,-,+,+,0,0
ɰːʲ,-,+,-,+,0,-,-,-,+,-,-,-,-,0,-,+,-,-,-,-,+,+,0,0
ɰᶣ,-,+,-,+,0,-,-,-,+,-,-,-,-,0,-,+,-,-,+,-,+,-,0,0
ɘ˞̯,-,+,-,+,0,-,-,-,+,-,-,-,-,0,-,+,-,-,+,-,+,-,0,0
ɰ̠̊,-,+,-,+,0,-,-,-,-,-,-,-,-,0,-,+,-,+,-,-,+,-,0,0
ɰ̠̊˔,-,+,-,+,0,-,-,-,-,-,-,-,-,0,-,+,-,+,-,-,+,-,0,0
ɰ̝̊,-,+,-,+,0,-,-,-,-,-,-,-,-,0,-,+,-,+,-,-,+,-,0,0
ɰ̥,-,+,-,+,0,-,-,-,-,-,-,-,-,0,-,+,-,+,-,-,+,-,0,0
ɰ̊,-,+,-,+,0,-,-,-,-,-,-,-,-,0,-,+,-,+,-,-,+,-,0,0
ɰ̥ˠ,-,+,-,+,0,-,-,-,-,-,-,-,-,0,-,+,-,+,-,-,+,-,0,0
ɰ̟,-,+,-,+,0,-,-,-,+,-,-,-,-,0,-,+,-,+,-,-,+,-,0,0
ɰ̠,-,+,-,+,0,-,-,-,+,-,-,-,-,0,-,+,-,+,-,-,+,-,0,0
ɰ̝,-,+,-,+,0,-,-,-,+,-,-,-,-,0,-,+,-,+,-,-,+,-,0,0
ɰ˔,-,+,-,+,0,-,-,-,+,-,-,-,-,0,-,+,-,+,-,-,+,-,0,0
ɰ̞,-,+,-,+,0,-,-,-,+,-,-,-,-,0,-,+,-,+,-,-,+,-,0,0
ɰ,-,+,-,+,0,-,-,-,+,-,-,-,-,0,-,+,-,+,-,-,+,-,0,0
ɰ̥ː,-,+,-,+,0,-,-,-,-,-,-,-,-,0,-,+,-,+,-,-,+,+,0,0
ɰ̟ː,-,+,-,+,0,-,-,-,+,-,-,-,-,0,-,+,-,+,-,-,+,+,0,0
ɰː,-,+,-,+,0,-,-,-,+,-,-,-,-,0,-,+,-,+,-,-,+,+,0,0
ɰ̝ː,-,+,-,+,0,-,-,-,+,-,-,-,-,0,-,+,-,+,-,-,+,+,0,0
ɰˑ,-,+,-,+,0,-,-,-,+,-,-,-,-,0,-,+,-,+,-,-,+,+,0,0
ɰ̞ː,-,+,-,+,0,-,-,-,+,-,-,-,-,0,-,+,-,+,-,-,+,+,0,0
ɰːˠ,-,+,-,+,0,-,-,-,+,-,-,-,-,0,-,+,-,+,-,-,+,+,0,0
ɰ̠̊˔ʷ,-,+,-,+,0,-,-,-,-,-,-,-,-,0,-,+,-,+,+,-,+,-,0,0
ɰ̝̊ʷ,-,+,-,+,0,-,-,-,-,-,-,-,-,0,-,+,-,+,+,-,+,-,0,0
ɰ̥ʷ,-,+,-,+,0,-,-,-,-,-,-,-,-,0,-,+,-,+,+,-,+,-,0,0
ɰʲʷ,-,+,-,+,0,-,-,-,+,-,-,-,-,0,-,+,-,+,+,-,+,-,0,0
ɰ̝ʷ,-,+,-,+,0,-,-,-,+,-,-,-,-,0,-,+,-,+,+,-,+,-,0,0
ɤ˞̯,-,+,-,+,0,-,-,-,+,-,-,-,-,0,-,+,-,+,+,-,+,-,0,0
ɰ̠ʷ,-,+,-,+,0,-,-,-,+,-,-,-,-,0,-,+,-,+,+,-,+,-,0,0
ɰʷ,-,+,-,+,0,-,-,-,+,-,-,-,-,0,-,+,-,+,+,-,+,-,0,0
ɰ̠˔ʷ,-,+,-,+,0,-,-,-,+,-,-,-,-,0,-,+,-,+,+,-,+,-,0,0
ɰʷˠ,-,+,-,+,0,-,-,-,+,-,-,-,-,0,-,+,-,+,+,-,+,-,0,0
ɰʷː,-,+,-,+,0,-,-,-,+,-,-,-,-,0,-,+,-,+,+,-,+,+,0,0
ɰːʷ,-,+,-,+,0,-,-,-,+,-,-,-,-,0,-,+,-,+,+,-,+,+,0,0
ɞ̯ʷ,-,+,-,+,0,-,-,-,+,-,-,0,-,0,+,+,-,+,+,-,-,-,0,0
ʉ̯,-,+,-,+,0,-,-,-,+,-,-,0,-,0,+,+,-,+,+,-,+,-,0,0
ɵ̯ʷ,-,+,-,+,0,-,-,-,+,-,-,0,-,0,+,+,-,+,+,-,+,-,0,0
ʉ̯ʷ,-,+,-,+,0,-,-,-,+,-,-,0,-,0,+,+,-,+,+,-,+,-,0,0
ʉ̯ː,-,+,-,+,0,-,-,-,+,-,-,0,-,0,+,+,-,+,+,-,+,+,0,0
ɞ˞̯,-,+,-,+,0,-,-,-,+,-,-,-,-,0,+,+,-,-,+,-,-,-,0,0
ɥ̠̊,-,+,-,+,0,-,-,-,-,-,-,-,-,0,+,+,-,-,+,-,+,-,0,0
ɥ̠̊˔,-,+,-,+,0,-,-,-,-,-,-,-,-,0,+,+,-,-,+,-,+,-,0,0
ɥ̝̊,-,+,-,+,0,-,-,-,-,-,-,-,-,0,+,+,-,-,+,-,+,-,0,0
ɥ̥,-,+,-,+,0,-,-,-,-,-,-,-,-,0,+,+,-,-,+,-,+,-,0,0
ɥ̊,-,+,-,+,0,-,-,-,-,-,-,-,-,0,+,+,-,-,+,-,+,-,0,0
ɥ̥ʲ,-,+,-,+,0,-,-,-,-,-,-,-,-,0,+,+,-,-,+,-,+,-,0,0
ɥ̟,-,+,-,+,0,-,-,-,+,-,-,-,-,0,+,+,-,-,+,-,+,-,0,0
ɥ̠,-,+,-,+,0,-,-,-,+,-,-,-,-,0,+,+,-,-,+,-,+,-,0,0
ɵ˞̯,-,+,-,+,0,-,-,-,+,-,-,-,-,0,+,+,-,-,+,-,+,-,0,0
ɥ̝,-,+,-,+,0,-,-,-,+,-,-,-,-,0,+,+,-,-,+,-,+,-,0,0
ɥ˔,-,+,-,+,0,-,-,-,+,-,-,-,-,0,+,+,-,-,+,-,+,-,0,0
ɥ̞,-,+,-,+,0,-,-,-,+,-,-,-,-,0,+,+,-,-,+,-,+,-,0,0
ɥ,-,+,-,+,0,-,-,-,+,-,-,-,-,0,+,+,-,-,+,-,+,-,0,0
ɥ̥ː,-,+,-,+,0,-,-,-,-,-,-,-,-,0,+,+,-,-,+,-,+,+,0,0
ɥ̟ː,-,+,-,+,0,-,-,-,+,-,-,-,-,0,+,+,-,-,+,-,+,+,0,0
ɥː,-,+,-,+,0,-,-,-,+,-,-,-,-,0,+,+,-,-,+,-,+,+,0,0
ɥ̝ː,-,+,-,+,0,-,-,-,+,-,-,-,-,0,+,+,-,-,+,-,+,+,0,0
ɥˑ,-,+,-,+,0,-,-,-,+,-,-,-,-,0,+,+,-,-,+,-,+,+,0,0
ɥ̞ː,-,+,-,+,0,-,-,-,+,-,-,-,-,0,+,+,-,-,+,-,+,+,0,0
ɥːʲ,-,+,-,+,0,-,-,-,+,-,-,-,-,0,+,+,-,-,+,-,+,+,0,0
ɥ̠̊˔ʷ,-,+,-,+,0,-,-,-,-,-,-,-,-,0,+,+,-,+,+,-,+,-,0,0
ɥ̝̊ʷ,-,+,-,+,0,-,-,-,-,-,-,-,-,0,+,+,-,+,+,-,+,-,0,0
ɥ̥ʷ,-,+,-,+,0,-,-,-,-,-,-,-,-,0,+,+,-,+,+,-,+,-,0,0
ɥ̥ˠ,-,+,-,+,0,-,-,-,-,-,-,-,-,0,+,+,-,+,+,-,+,-,0,0
ɥ̝ʷ,-,+,-,+,0,-,-,-,+,-,-,-,-,0,+,+,-,+,+,-,+,-,0,0
ɥˠ,-,+,-,+,0,-,-,-,+,-,-,-,-,0,+,+,-,+,+,-,+,-,0,0
ʉ˞̯,-,+,-,+,0,-,-,-,+,-,-,-,-,0,+,+,-,+,+,-,+,-,0,0
ɥ̠ʷ,-,+,-,+,0,-,-,-,+,-,-,-,-,0,+,+,-,+,+,-,+,-,0,0
ɥ̠˔ʷ,-,+,-,+,0,-,-,-,+,-,-,-,-,0,+,+,-,+,+,-,+,-,0,0
ɥːʷ,-,+,-,+,0,-,-,-,+,-,-,-,-,0,+,+,-,+,+,-,+,+,0,0
ɥːˠ,-,+,-,+,0,-,-,-,+,-,-,-,-,0,+,+,-,+,+,-,+,+,0,0
ɑ̯ʷ,-,+,-,+,0,-,-,-,+,-,-,0,-,0,-,+,+,+,+,-,+,-,0,0
ɰ̥ˤ,-,+,-,+,0,-,-,-,-,-,-,-,-,0,-,+,+,+,-,-,+,-,0,0
ɰˤ,-,+,-,+,0,-,-,-,+,-,-,-,-,0,-,+,+,+,-,-,+,-,0,0
ɰˤː,-,+,-,+,0,-,-,-,+,-,-,-,-,0,-,+,+,+,-,-,+,+,0,0
ɰːˤ,-,+,-,+,0,-,-,-,+,-,-,-,-,0,-,+,+,+,-,-,+,+,0,0
ɑ˞̯,-,+,-,+,0,-,-,-,+,-,-,-,-,0,-,+,+,+,+,-,+,-,0,0
ɰʷˤ,-,+,-,+,0,-,-,-,+,-,-,-,-,0,-,+,+,+,+,-,+,-,0,0
ɥ̥ˤ,-,+,-,+,0,-,-,-,-,-,-,-,-,0,+,+,+,+,+,-,+,-,0,0
ɥˤ,-,+,-,+,0,-,-,-,+,-,-,-,-,0,+,+,+,+,+,-,+,-,0,0
ɥˤː,-,+,-,+,0,-,-,-,+,-,-,-,-,0,+,+,+,+,+,-,+,+,0,0
ɥːˤ,-,+,-,+,0,-,-,-,+,-,-,-,-,0,+,+,+,+,+,-,+,+,0,0
ʋʷˤ,-,+,-,+,0,-,-,-,+,-,-,+,-,0,+,+,+,+,+,-,0,-,0,0
ʋ̰,-,+,-,+,0,-,-,-,+,-,+,+,-,0,+,0,0,0,-,-,0,-,0,0
ʋ̰ː,-,+,-,+,0,-,-,-,+,-,+,+,-,0,+,0,0,0,-,-,0,+,0,0
ʋ̰ˤ,-,+,-,+,0,-,-,-,+,-,+,+,-,0,+,0,+,+,-,-,0,-,0,0
ʋ̰ʲ,-,+,-,+,0,-,-,-,+,-,+,+,-,0,+,+,0,-,-,-,0,-,0,0
ʋ̰ˠ,-,+,-,+,0,-,-,-,+,-,+,+,-,0,+,+,0,+,-,-,0,-,0,0
ʋ̰ʷ,-,+,-,+,0,-,-,-,+,-,+,+,-,0,+,+,0,+,+,-,0,-,0,0
ɰ̰ʲ,-,+,-,+,0,-,-,-,+,-,+,-,-,0,-,+,-,-,-,-,+,-,0,0
ɰ̰ˠ,-,+,-,+,0,-,-,-,+,-,+,-,-,0,-,+,-,+,-,-,+,-,0,0
ɰ̰,-,+,-,+,0,-,-,-,+,-,+,-,-,0,-,+,-,+,-,-,+,-,0,0
ɰ̰ː,-,+,-,+,0,-,-,-,+,-,+,-,-,0,-,+,-,+,-,-,+,+,0,0
ɰ̰ʷ,-,+,-,+,0,-,-,-,+,-,+,-,-,0,-,+,-,+,+,-,+,-,0,0
ɥ̰,-,+,-,+,0,-,-,-,+,-,+,-,-,0,+,+,-,-,+,-,+,-,0,0
ɥ̰ʲ,-,+,-,+,0,-,-,-,+,-,+,-,-,0,+,+,-,-,+,-,+,-,0,0
ɥ̰ː,-,+,-,+,0,-,-,-,+,-,+,-,-,0,+,+,-,-,+,-,+,+,0,0
ɥ̰ˠ,-,+,-,+,0,-,-,-,+,-,+,-,-,0,+,+,-,+,+,-,+,-,0,0
ɥ̰ʷ,-,+,-,+,0,-,-,-,+,-,+,-,-,0,+,+,-,+,+,-,+,-,0,0
ɰ̰ˤ,-,+,-,+,0,-,-,-,+,-,+,-,-,0,-,+,+,+,-,-,+,-,0,0
ɥ̰ˤ,-,+,-,+,0,-,-,-,+,-,+,-,-,0,+,+,+,+,+,-,+,-,0,0
ʋ̤̥,-,+,-,+,0,-,-,-,-,+,-,+,-,0,+,0,0,0,-,-,0,-,0,0
ʋ̤,-,+,-,+,0,-,-,-,+,+,-,+,-,0,+,0,0,0,-,-,0,-,0,0
ʋ̠ʰ,-,+,-,+,0,-,-,-,+,+,-,+,-,0,+,0,0,0,-,-,0,-,0,0
ʋʰ,-,+,-,+,0,-,-,-,+,+,-,+,-,0,+,0,0,0,-,-,0,-,0,0
ʋʰː,-,+,-,+,0,-,-,-,+,+,-,+,-,0,+,0,0,0,-,-,0,+,0,0
ʋ̤ː,-,+,-,+,0,-,-,-,+,+,-,+,-,0,+,0,0,0,-,-,0,+,0,0
ʋʰˤ,-,+,-,+,0,-,-,-,+,+,-,+,-,0,+,0,+,+,-,-,0,-,0,0
ʋˤʰ,-,+,-,+,0,-,-,-,+,+,-,+,-,0,+,0,+,+,-,-,0,-,0,0
ʋ̤ˤ,-,+,-,+,0,-,-,-,+,+,-,+,-,0,+,0,+,+,-,-,0,-,0,0
ʋʰʲ,-,+,-,+,0,-,-,-,+,+,-,+,-,0,+,+,0,-,-,-,0,-,0,0
ʋʲʰ,-,+,-,+,0,-,-,-,+,+,-,+,-,0,+,+,0,-,-,-,0,-,0,0
ʋ̤ʲ,-,+,-,+,0,-,-,-,+,+,-,+,-,0,+,+,0,-,-,-,0,-,0,0
ʋʰˠ,-,+,-,+,0,-,-,-,+,+,-,+,-,0,+,+,0,+,-,-,0,-,0,0
ʋ̤ˠ,-,+,-,+,0,-,-,-,+,+,-,+,-,0,+,+,0,+,-,-,0,-,0,0
ʋʰʷ,-,+,-,+,0,-,-,-,+,+,-,+,-,0,+,+,0,+,+,-,0,-,0,0
ʋʲʷʰ,-,+,-,+,0,-,-,-,+,+,-,+,-,0,+,+,0,+,+,-,0,-,0,0
ʋʷʰ,-,+,-,+,0,-,-,-,+,+,-,+,-,0,+,+,0,+,+,-,0,-,0,0
ʋ̤ʷ,-,+,-,+,0,-,-,-,+,+,-,+,-,0,+,+,0,+,+,-,0,-,0,0
ʋʷˠʰ,-,+,-,+,0,-,-,-,+,+,-,+,-,0,+,+,0,+,+,-,0,-,0,0
ʋʷʰː,-,+,-,+,0,-,-,-,+,+,-,+,-,0,+,+,0,+,+,-,0,+,0,0
ɰʰʲ,-,+,-,+,0,-,-,-,+,+,-,-,-,0,-,+,-,-,-,-,+,-,0,0
ɰʲʰ,-,+,-,+,0,-,-,-,+,+,-,-,-,0,-,+,-,-,-,-,+,-,0,0
ɰ̤ʲ,-,+,-,+,0,-,-,-,+,+,-,-,-,0,-,+,-,-,-,-,+,-,0,0
ɰʰᶣ,-,+,-,+,0,-,-,-,+,+,-,-,-,0,-,+,-,-,+,-,+,-,0,0
ɰ̤̥,-,+,-,+,0,-,-,-,-,+,-,-,-,0,-,+,-,+,-,-,+,-,0,0
ɰʰˠ,-,+,-,+,0,-,-,-,+,+,-,-,-,0,-,+,-,+,-,-,+,-,0,0
ɰ̤,-,+,-,+,0,-,-,-,+,+,-,-,-,0,-,+,-,+,-,-,+,-,0,0
ɰ̠ʰ,-,+,-,+,0,-,-,-,+,+,-,-,-,0,-,+,-,+,-,-,+,-,0,0
ɰ̤ˠ,-,+,-,+,0,-,-,-,+,+,-,-,-,0,-,+,-,+,-,-,+,-,0,0
ɰʰ,-,+,-,+,0,-,-,-,+,+,-,-,-,0,-,+,-,+,-,-,+,-,0,0
ɰʰː,-,+,-,+,0,-,-,-,+,+,-,-,-,0,-,+,-,+,-,-,+,+,0,0
ɰ̤ː,-,+,-,+,0,-,-,-,+,+,-,-,-,0,-,+,-,+,-,-,+,+,0,0
ɰʰʷ,-,+,-,+,0,-,-,-,+,+,-,-,-,0,-,+,-,+,+,-,+,-,0,0
ɰʲʷʰ,-,+,-,+,0,-,-,-,+,+,-,-,-,0,-,+,-,+,+,-,+,-,0,0
ɰʷʰ,-,+,-,+,0,-,-,-,+,+,-,-,-,0,-,+,-,+,+,-,+,-,0,0
ɰ̤ʷ,-,+,-,+,0,-,-,-,+,+,-,-,-,0,-,+,-,+,+,-,+,-,0,0
ɰʷˠʰ,-,+,-,+,0,-,-,-,+,+,-,-,-,0,-,+,-,+,+,-,+,-,0,0
ɰʷʰː,-,+,-,+,0,-,-,-,+,+,-,-,-,0,-,+,-,+,+,-,+,+,0,0
ɥ̤̥,-,+,-,+,0,-,-,-,-,+,-,-,-,0,+,+,-,-,+,-,+,-,0,0
ɥʰʲ,-,+,-,+,0,-,-,-,+,+,-,-,-,0,+,+,-,-,+,-,+,-,0,0
ɥ̤,-,+,-,+,0,-,-,-,+,+,-,-,-,0,+,+,-,-,+,-,+,-,0,0
ɥ̠ʰ,-,+,-,+,0,-,-,-,+,+,-,-,-,0,+,+,-,-,+,-,+,-,0,0
ɥ̤ʲ,-,+,-,+,0,-,-,-,+,+,-,-,-,0,+,+,-,-,+,-,+,-,0,0
ɥʰ,-,+,-,+,0,-,-,-,+,+,-,-,-,0,+,+,-,-,+,-,+,-,0,0
ɥʰː,-,+,-,+,0,-,-,-,+,+,-,-,-,0,+,+,-,-,+,-,+,+,0,0
ɥ̤ː,-,+,-,+,0,-,-,-,+,+,-,-,-,0,+,+,-,-,+,-,+,+,0,0
ɥʰʷ,-,+,-,+,0,-,-,-,+,+,-,-,-,0,+,+,-,+,+,-,+,-,0,0
ɥʰˠ,-,+,-,+,0,-,-,-,+,+,-,-,-,0,+,+,-,+,+,-,+,-,0,0
ɥ̤ʷ,-,+,-,+,0,-,-,-,+,+,-,-,-,0,+,+,-,+,+,-,+,-,0,0
ɥ̤ˠ,-,+,-,+,0,-,-,-,+,+,-,-,-,0,+,+,-,+,+,-,+,-,0,0
ɰʰˤ,-,+,-,+,0,-,-,-,+,+,-,-,-,0,-,+,+,+,-,-,+,-,0,0
ɰˤʰ,-,+,-,+,0,-,-,-,+,+,-,-,-,0,-,+,+,+,-,-,+,-,0,0
ɰ̤ˤ,-,+,-,+,0,-,-,-,+,+,-,-,-,0,-,+,+,+,-,-,+,-,0,0
ɰʷˤʰ,-,+,-,+,0,-,-,-,+,+,-,-,-,0,-,+,+,+,+,-,+,-,0,0
ɥʰˤ,-,+,-,+,0,-,-,-,+,+,-,-,-,0,+,+,+,+,+,-,+,-,0,0
ɥˤʰ,-,+,-,+,0,-,-,-,+,+,-,-,-,0,+,+,+,+,+,-,+,-,0,0
ɥ̤ˤ,-,+,-,+,0,-,-,-,+,+,-,-,-,0,+,+,+,+,+,-,+,-,0,0
ʋʷˤʰ,-,+,-,+,0,-,-,-,+,+,-,+,-,0,+,+,+,+,+,-,0,-,0,0
ʋ̃,-,+,-,+,0,-,+,-,+,-,-,+,-,0,+,0,0,0,-,-,0,-,0,0
ʋ̃ː,-,+,-,+,0,-,+,-,+,-,-,+,-,0,+,0,0,0,-,-,0,+,0,0
ʋ̃ˑ,-,+,-,+,0,-,+,-,+,-,-,+,-,0,+,0,0,0,-,-,0,+,0,0
ʋ̃ˤ,-,+,-,+,0,-,+,-,+,-,-,+,-,0,+,0,+,+,-,-,0,-,0,0
ɘ̯̃,-,+,-,+,0,-,+,-,+,-,-,0,-,0,-,-,-,-,-,-,+,-,0,0
ɤ̯̃,-,+,-,+,0,-,+,-,+,-,-,0,-,0,-,-,-,+,-,-,+,-,0,0
ɞ̯̃,-,+,-,+,0,-,+,-,+,-,-,0,-,0,+,-,-,-,+,-,-,-,0,0
ɵ̯̃,-,+,-,+,0,-,+,-,+,-,-,0,-,0,+,-,-,-,+,-,+,-,0,0
ɑ̯̃,-,+,-,+,0,-,+,-,+,-,-,0,-,0,-,-,+,+,-,-,+,-,0,0
ɰ̃,-,+,-,+,0,-,+,-,+,-,-,-,-,0,-,+,-,+,-,-,+,-,0,0
ɰ̃ː,-,+,-,+,0,-,+,-,+,-,-,-,-,0,-,+,-,+,-,-,+,+,0,0
ɰ̃ˑ,-,+,-,+,0,-,+,-,+,-,-,-,-,0,-,+,-,+,-,-,+,+,0,0
ʉ̯̃,-,+,-,+,0,-,+,-,+,-,-,0,-,0,+,+,-,+,+,-,+,-,0,0
ɥ̃,-,+,-,+,0,-,+,-,+,-,-,-,-,0,+,+,-,-,+,-,+,-,0,0
ɥ̃ː,-,+,-,+,0,-,+,-,+,-,-,-,-,0,+,+,-,-,+,-,+,+,0,0
ɥ̃ˑ,-,+,-,+,0,-,+,-,+,-,-,-,-,0,+,+,-,-,+,-,+,+,0,0
ɰ̃ˤ,-,+,-,+,0,-,+,-,+,-,-,-,-,0,-,+,+,+,-,-,+,-,0,0
ɥ̃ˤ,-,+,-,+,0,-,+,-,+,-,-,-,-,0,+,+,+,+,+,-,+,-,0,0
ʋ̰̃,-,+,-,+,0,-,+,-,+,-,+,+,-,0,+,0,0,0,-,-,0,-,0,0
ɰ̰̃,-,+,-,+,0,-,+,-,+,-,+,-,-,0,-,+,-,+,-,-,+,-,0,0
ɥ̰̃,-,+,-,+,0,-,+,-,+,-,+,-,-,0,+,+,-,-,+,-,+,-,0,0
ɛ̯,-,+,-,+,-,-,-,-,+,-,-,0,-,0,-,-,-,-,-,-,-,-,0,0
ɛ̯ː,-,+,-,+,-,-,-,-,+,-,-,0,-,0,-,-,-,-,-,-,-,+,0,0
e̯,-,+,-,+,-,-,-,-,+,-,-,0,-,0,-,-,-,-,-,-,+,-,0,0
e̯ː,-,+,-,+,-,-,-,-,+,-,-,0,-,0,-,-,-,-,-,-,+,+,0,0
œ̯,-,+,-,+,-,-,-,-,+,-,-,0,-,0,-,-,-,-,+,-,-,-,0,0
œ̯ː,-,+,-,+,-,-,-,-,+,-,-,0,-,0,-,-,-,-,+,-,-,+,0,0
ø̯,-,+,-,+,-,-,-,-,+,-,-,0,-,0,-,-,-,-,+,-,+,-,0,0
ø̯ː,-,+,-,+,-,-,-,-,+,-,-,0,-,0,-,-,-,-,+,-,+,+,0,0
ə̯,-,+,-,+,-,-,-,-,+,-,-,0,-,0,-,-,-,+,-,-,-,-,0,0
ɜ̯,-,+,-,+,-,-,-,-,+,-,-,0,-,0,-,-,-,+,-,-,-,-,0,0
ə̯ː,-,+,-,+,-,-,-,-,+,-,-,0,-,0,-,-,-,+,-,-,-,+,0,0
ɜ̯ː,-,+,-,+,-,-,-,-,+,-,-,0,-,0,-,-,-,+,-,-,-,+,0,0
ɐ̯,-,+,-,+,-,-,-,-,+,-,-,0,-,0,-,-,-,+,-,-,+,-,0,0
ʌ̯,-,+,-,+,-,-,-,-,+,-,-,0,-,0,-,-,-,+,-,-,+,-,0,0
ɐ̯ː,-,+,-,+,-,-,-,-,+,-,-,0,-,0,-,-,-,+,-,-,+,+,0,0
ʌ̯ː,-,+,-,+,-,-,-,-,+,-,-,0,-,0,-,-,-,+,-,-,+,+,0,0
ɔ̯,-,+,-,+,-,-,-,-,+,-,-,0,-,0,-,-,-,+,+,-,-,-,0,0
ɔ̯ː,-,+,-,+,-,-,-,-,+,-,-,0,-,0,-,-,-,+,+,-,-,+,0,0
o̯,-,+,-,+,-,-,-,-,+,-,-,0,-,0,-,-,-,+,+,-,+,-,0,0
o̯ː,-,+,-,+,-,-,-,-,+,-,-,0,-,0,-,-,-,+,+,-,+,+,0,0
ɻ̠̊,-,+,-,+,-,-,-,-,-,-,-,-,+,-,-,-,-,-,-,-,0,-,0,0
ɻ̠̊˔,-,+,-,+,-,-,-,-,-,-,-,-,+,-,-,-,-,-,-,-,0,-,0,0
ɻ̝̊,-,+,-,+,-,-,-,-,-,-,-,-,+,-,-,-,-,-,-,-,0,-,0,0
ɻ̥,-,+,-,+,-,-,-,-,-,-,-,-,+,-,-,-,-,-,-,-,0,-,0,0
ɻ̊,-,+,-,+,-,-,-,-,-,-,-,-,+,-,-,-,-,-,-,-,0,-,0,0
ɻ̟,-,+,-,+,-,-,-,-,+,-,-,-,+,-,-,-,-,-,-,-,0,-,0,0
ɻ̠,-,+,-,+,-,-,-,-,+,-,-,-,+,-,-,-,-,-,-,-,0,-,0,0
ɻ̝,-,+,-,+,-,-,-,-,+,-,-,-,+,-,-,-,-,-,-,-,0,-,0,0
ɻ˔,-,+,-,+,-,-,-,-,+,-,-,-,+,-,-,-,-,-,-,-,0,-,0,0
ɻ̞,-,+,-,+,-,-,-,-,+,-,-,-,+,-,-,-,-,-,-,-,0,-,0,0
ɻ,-,+,-,+,-,-,-,-,+,-,-,-,+,-,-,-,-,-,-,-,0,-,0,0
ɻ̺,-,+,-,+,-,-,-,-,+,-,-,-,+,-,-,-,-,-,-,-,0,-,0,0
ɻ̥ː,-,+,-,+,-,-,-,-,-,-,-,-,+,-,-,-,-,-,-,-,0,+,0,0
ɻ̟ː,-,+,-,+,-,-,-,-,+,-,-,-,+,-,-,-,-,-,-,-,0,+,0,0
ɻː,-,+,-,+,-,-,-,-,+,-,-,-,+,-,-,-,-,-,-,-,0,+,0,0
ɻ̝ː,-,+,-,+,-,-,-,-,+,-,-,-,+,-,-,-,-,-,-,-,0,+,0,0
ɻˑ,-,+,-,+,-,-,-,-,+,-,-,-,+,-,-,-,-,-,-,-,0,+,0,0
ɻ̞ː,-,+,-,+,-,-,-,-,+,-,-,-,+,-,-,-,-,-,-,-,0,+,0,0
ɻ̻,-,+,-,+,-,-,-,-,+,-,-,-,+,+,-,-,-,-,-,-,0,-,0,0
ɻ̻̝ː,-,+,-,+,-,-,-,-,+,-,-,-,+,+,-,-,-,-,-,-,0,+,0,0
æ̯,-,+,-,+,-,-,-,-,+,-,-,0,-,0,-,-,+,-,-,-,+,-,0,0
æ̯ː,-,+,-,+,-,-,-,-,+,-,-,0,-,0,-,-,+,-,-,-,+,+,0,0
ɶ̯,-,+,-,+,-,-,-,-,+,-,-,0,-,0,-,-,+,-,+,-,+,-,0,0
ɶ̯ː,-,+,-,+,-,-,-,-,+,-,-,0,-,0,-,-,+,-,+,-,+,+,0,0
a̯,-,+,-,+,-,-,-,-,+,-,-,0,-,0,-,-,+,+,-,-,+,-,0,0
a̯ː,-,+,-,+,-,-,-,-,+,-,-,0,-,0,-,-,+,+,-,-,+,+,0,0
ɒ̯,-,+,-,+,-,-,-,-,+,-,-,0,-,0,-,-,+,+,+,-,+,-,0,0
ɒ̯ː,-,+,-,+,-,-,-,-,+,-,-,0,-,0,-,-,+,+,+,-,+,+,0,0
ɻ̥ˤ,-,+,-,+,-,-,-,-,-,-,-,-,+,-,-,-,+,+,-,-,0,-,0,0
ɻˤ,-,+,-,+,-,-,-,-,+,-,-,-,+,-,-,-,+,+,-,-,0,-,0,0
ɻˤː,-,+,-,+,-,-,-,-,+,-,-,-,+,-,-,-,+,+,-,-,0,+,0,0
ɻːˤ,-,+,-,+,-,-,-,-,+,-,-,-,+,-,-,-,+,+,-,-,0,+,0,0
ɪ̯,-,+,-,+,-,-,-,-,+,-,-,0,-,0,-,+,-,-,-,-,-,-,0,0
ɪ̯ː,-,+,-,+,-,-,-,-,+,-,-,0,-,0,-,+,-,-,-,-,-,+,0,0
i̯,-,+,-,+,-,-,-,-,+,-,-,0,-,0,-,+,-,-,-,-,+,-,0,0
i̯ː,-,+,-,+,-,-,-,-,+,-,-,0,-,0,-,+,-,-,-,-,+,+,0,0
ʏ̯,-,+,-,+,-,-,-,-,+,-,-,0,-,0,-,+,-,-,+,-,-,-,0,0
ʏ̯ː,-,+,-,+,-,-,-,-,+,-,-,0,-,0,-,+,-,-,+,-,-,+,0,0
ɯ̯,-,+,-,+,-,-,-,-,+,-,-,0,-,0,-,+,-,+,-,-,-,-,0,0
ɯ̯ː,-,+,-,+,-,-,-,-,+,-,-,0,-,0,-,+,-,+,-,-,-,+,0,0
ɨ̯,-,+,-,+,-,-,-,-,+,-,-,0,-,0,-,+,-,+,-,-,+,-,0,0
ɨ̯ː,-,+,-,+,-,-,-,-,+,-,-,0,-,0,-,+,-,+,-,-,+,+,0,0
ʊ̯,-,+,-,+,-,-,-,-,+,-,-,0,-,0,-,+,-,+,+,-,-,-,0,0
œ̯ʷ,-,+,-,+,-,-,-,-,+,-,-,0,-,0,-,+,-,+,+,-,-,-,0,0
ɔ̯ʷ,-,+,-,+,-,-,-,-,+,-,-,0,-,0,-,+,-,+,+,-,-,-,0,0
ə̯ʷ,-,+,-,+,-,-,-,-,+,-,-,0,-,0,-,+,-,+,+,-,-,-,0,0
ɜ̯ʷ,-,+,-,+,-,-,-,-,+,-,-,0,-,0,-,+,-,+,+,-,-,-,0,0
ɛ̯ʷ,-,+,-,+,-,-,-,-,+,-,-,0,-,0,-,+,-,+,+,-,-,-,0,0
ɪ̯ʷ,-,+,-,+,-,-,-,-,+,-,-,0,-,0,-,+,-,+,+,-,-,-,0,0
ɯ̯ʷ,-,+,-,+,-,-,-,-,+,-,-,0,-,0,-,+,-,+,+,-,-,-,0,0
ʊ̯ʷ,-,+,-,+,-,-,-,-,+,-,-,0,-,0,-,+,-,+,+,-,-,-,0,0
ʏ̯ʷ,-,+,-,+,-,-,-,-,+,-,-,0,-,0,-,+,-,+,+,-,-,-,0,0
ʊ̯ː,-,+,-,+,-,-,-,-,+,-,-,0,-,0,-,+,-,+,+,-,-,+,0,0
e̯ʷ,-,+,-,+,-,-,-,-,+,-,-,0,-,0,-,+,-,+,+,-,+,-,0,0
i̯ʷ,-,+,-,+,-,-,-,-,+,-,-,0,-,0,-,+,-,+,+,-,+,-,0,0
o̯ʷ,-,+,-,+,-,-,-,-,+,-,-,0,-,0,-,+,-,+,+,-,+,-,0,0
ø̯ʷ,-,+,-,+,-,-,-,-,+,-,-,0,-,0,-,+,-,+,+,-,+,-,0,0
ɨ̯ʷ,-,+,-,+,-,-,-,-,+,-,-,0,-,0,-,+,-,+,+,-,+,-,0,0
ɐ̯ʷ,-,+,-,+,-,-,-,-,+,-,-,0,-,0,-,+,-,+,+,-,+,-,0,0
ʌ̯ʷ,-,+,-,+,-,-,-,-,+,-,-,0,-,0,-,+,-,+,+,-,+,-,0,0
j̠̊,-,+,-,+,-,-,-,-,-,-,-,-,-,0,-,+,-,-,-,-,0,-,0,0
j̠̊˔,-,+,-,+,-,-,-,-,-,-,-,-,-,0,-,+,-,-,-,-,0,-,0,0
j̝̊,-,+,-,+,-,-,-,-,-,-,-,-,-,0,-,+,-,-,-,-,0,-,0,0
j̥,-,+,-,+,-,-,-,-,-,-,-,-,-,0,-,+,-,-,-,-,0,-,0,0
j̊,-,+,-,+,-,-,-,-,-,-,-,-,-,0,-,+,-,-,-,-,0,-,0,0
j̥ʲ,-,+,-,+,-,-,-,-,-,-,-,-,-,0,-,+,-,-,-,-,0,-,0,0
j̟,-,+,-,+,-,-,-,-,+,-,-,-,-,0,-,+,-,-,-,-,0,-,0,0
j̠,-,+,-,+,-,-,-,-,+,-,-,-,-,0,-,+,-,-,-,-,0,-,0,0
j̝,-,+,-,+,-,-,-,-,+,-,-,-,-,0,-,+,-,-,-,-,0,-,0,0
j˔,-,+,-,+,-,-,-,-,+,-,-,-,-,0,-,+,-,-,-,-,0,-,0,0
j̞,-,+,-,+,-,-,-,-,+,-,-,-,-,0,-,+,-,-,-,-,0,-,0,0
j,-,+,-,+,-,-,-,-,+,-,-,-,-,0,-,+,-,-,-,-,0,-,0,0
j̥ː,-,+,-,+,-,-,-,-,-,-,-,-,-,0,-,+,-,-,-,-,0,+,0,0
j̟ː,-,+,-,+,-,-,-,-,+,-,-,-,-,0,-,+,-,-,-,-,0,+,0,0
jː,-,+,-,+,-,-,-,-,+,-,-,-,-,0,-,+,-,-,-,-,0,+,0,0
j̝ː,-,+,-,+,-,-,-,-,+,-,-,-,-,0,-,+,-,-,-,-,0,+,0,0
jˑ,-,+,-,+,-,-,-,-,+,-,-,-,-,0,-,+,-,-,-,-,0,+,0,0
j̞ː,-,+,-,+,-,-,-,-,+,-,-,-,-,0,-,+,-,-,-,-,0,+,0,0
jːʲ,-,+,-,+,-,-,-,-,+,-,-,-,-,0,-,+,-,-,-,-,0,+,0,0
jᶣ,-,+,-,+,-,-,-,-,+,-,-,-,-,0,-,+,-,-,+,-,0,-,0,0
œ˞̯,-,+,-,+,-,-,-,-,+,-,-,-,-,0,-,+,-,-,+,-,-,-,0,0
ɛ˞̯,-,+,-,+,-,-,-,-,+,-,-,-,-,0,-,+,-,-,+,-,-,-,0,0
ɪ˞̯,-,+,-,+,-,-,-,-,+,-,-,-,-,0,-,+,-,-,+,-,-,-,0,0
ʏ˞̯,-,+,-,+,-,-,-,-,+,-,-,-,-,0,-,+,-,-,+,-,-,-,0,0
e˞̯,-,+,-,+,-,-,-,-,+,-,-,-,-,0,-,+,-,-,+,-,+,-,0,0
i˞̯,-,+,-,+,-,-,-,-,+,-,-,-,-,0,-,+,-,-,+,-,+,-,0,0
ø˞̯,-,+,-,+,-,-,-,-,+,-,-,-,-,0,-,+,-,-,+,-,+,-,0,0
j̥ˠ,-,+,-,+,-,-,-,-,-,-,-,-,-,0,-,+,-,+,-,-,0,-,0,0
jˠ,-,+,-,+,-,-,-,-,+,-,-,-,-,0,-,+,-,+,-,-,0,-,0,0
jːˠ,-,+,-,+,-,-,-,-,+,-,-,-,-,0,-,+,-,+,-,-,0,+,0,0
j̠̊˔ʷ,-,+,-,+,-,-,-,-,-,-,-,-,-,0,-,+,-,+,+,-,0,-,0,0
j̝̊ʷ,-,+,-,+,-,-,-,-,-,-,-,-,-,0,-,+,-,+,+,-,0,-,0,0
j̥ʷ,-,+,-,+,-,-,-,-,-,-,-,-,-,0,-,+,-,+,+,-,0,-,0,0
j̝ʷ,-,+,-,+,-,-,-,-,+,-,-,-,-,0,-,+,-,+,+,-,0,-,0,0
j̠ʷ,-,+,-,+,-,-,-,-,+,-,-,-,-,0,-,+,-,+,+,-,0,-,0,0
jʷ,-,+,-,+,-,-,-,-,+,-,-,-,-,0,-,+,-,+,+,-,0,-,0,0
j̠˔ʷ,-,+,-,+,-,-,-,-,+,-,-,-,-,0,-,+,-,+,+,-,0,-,0,0
jʷˠ,-,+,-,+,-,-,-,-,+,-,-,-,-,0,-,+,-,+,+,-,0,-,0,0
jʷː,-,+,-,+,-,-,-,-,+,-,-,-,-,0,-,+,-,+,+,-,0,+,0,0
jːʷ,-,+,-,+,-,-,-,-,+,-,-,-,-,0,-,+,-,+,+,-,0,+,0,0
ɔ˞̯,-,+,-,+,-,-,-,-,+,-,-,-,-,0,-,+,-,+,+,-,-,-,0,0
ə˞̯,-,+,-,+,-,-,-,-,+,-,-,-,-,0,-,+,-,+,+,-,-,-,0,0
ɜ˞̯,-,+,-,+,-,-,-,-,+,-,-,-,-,0,-,+,-,+,+,-,-,-,0,0
ɯ˞̯,-,+,-,+,-,-,-,-,+,-,-,-,-,0,-,+,-,+,+,-,-,-,0,0
ʊ˞̯,-,+,-,+,-,-,-,-,+,-,-,-,-,0,-,+,-,+,+,-,-,-,0,0
o˞̯,-,+,-,+,-,-,-,-,+,-,-,-,-,0,-,+,-,+,+,-,+,-,0,0
ɨ˞̯,-,+,-,+,-,-,-,-,+,-,-,-,-,0,-,+,-,+,+,-,+,-,0,0
ɐ˞̯,-,+,-,+,-,-,-,-,+,-,-,-,-,0,-,+,-,+,+,-,+,-,0,0
ʌ˞̯,-,+,-,+,-,-,-,-,+,-,-,-,-,0,-,+,-,+,+,-,+,-,0,0
ɻ̥ʲ,-,+,-,+,-,-,-,-,-,-,-,-,+,-,-,+,-,-,-,-,0,-,0,0
ɻʲ,-,+,-,+,-,-,-,-,+,-,-,-,+,-,-,+,-,-,-,-,0,-,0,0
ɻʲː,-,+,-,+,-,-,-,-,+,-,-,-,+,-,-,+,-,-,-,-,0,+,0,0
ɻːʲ,-,+,-,+,-,-,-,-,+,-,-,-,+,-,-,+,-,-,-,-,0,+,0,0
ɻᶣ,-,+,-,+,-,-,-,-,+,-,-,-,+,-,-,+,-,-,+,-,0,-,0,0
ɻ̥ˠ,-,+,-,+,-,-,-,-,-,-,-,-,+,-,-,+,-,+,-,-,0,-,0,0
ɻˠ,-,+,-,+,-,-,-,-,+,-,-,-,+,-,-,+,-,+,-,-,0,-,0,0
ɻːˠ,-,+,-,+,-,-,-,-,+,-,-,-,+,-,-,+,-,+,-,-,0,+,0,0
ɻ̠̊˔ʷ,-,+,-,+,-,-,-,-,-,-,-,-,+,-,-,+,-,+,+,-,0,-,0,0
ɻ̝̊ʷ,-,+,-,+,-,-,-,-,-,-,-,-,+,-,-,+,-,+,+,-,0,-,0,0
ɻ̥ʷ,-,+,-,+,-,-,-,-,-,-,-,-,+,-,-,+,-,+,+,-,0,-,0,0
ɻʲʷ,-,+,-,+,-,-,-,-,+,-,-,-,+,-,-,+,-,+,+,-,0,-,0,0
ɻ̝ʷ,-,+,-,+,-,-,-,-,+,-,-,-,+,-,-,+,-,+,+,-,0,-,0,0
ɻ̠ʷ,-,+,-,+,-,-,-,-,+,-,-,-,+,-,-,+,-,+,+,-,0,-,0,0
ɻʷ,-,+,-,+,-,-,-,-,+,-,-,-,+,-,-,+,-,+,+,-,0,-,0,0
ɻ̠˔ʷ,-,+,-,+,-,-,-,-,+,-,-,-,+,-,-,+,-,+,+,-,0,-,0,0
ɻʷˠ,-,+,-,+,-,-,-,-,+,-,-,-,+,-,-,+,-,+,+,-,0,-,0,0
ɻʷː,-,+,-,+,-,-,-,-,+,-,-,-,+,-,-,+,-,+,+,-,0,+,0,0
ɻːʷ,-,+,-,+,-,-,-,-,+,-,-,-,+,-,-,+,-,+,+,-,0,+,0,0
ɹ̥ʲ,-,+,-,+,-,-,-,-,-,-,-,+,+,-,-,+,-,-,+,-,0,-,0,0
ɹʲ,-,+,-,+,-,-,-,-,+,-,-,+,+,-,-,+,-,-,+,-,0,-,0,0
ɹᶣ,-,+,-,+,-,-,-,-,+,-,-,+,+,-,-,+,-,-,+,-,0,-,0,0
ɹʲː,-,+,-,+,-,-,-,-,+,-,-,+,+,-,-,+,-,-,+,-,0,+,0,0
ɹːʲ,-,+,-,+,-,-,-,-,+,-,-,+,+,-,-,+,-,-,+,-,0,+,0,0
ɹ̠̊,-,+,-,+,-,-,-,-,-,-,-,+,+,-,-,+,-,+,+,-,0,-,0,0
ɹ̠̊˔,-,+,-,+,-,-,-,-,-,-,-,+,+,-,-,+,-,+,+,-,0,-,0,0
ɹ̝̊,-,+,-,+,-,-,-,-,-,-,-,+,+,-,-,+,-,+,+,-,0,-,0,0
ɹ̠̊˔ʷ,-,+,-,+,-,-,-,-,-,-,-,+,+,-,-,+,-,+,+,-,0,-,0,0
ɹ̝̊ʷ,-,+,-,+,-,-,-,-,-,-,-,+,+,-,-,+,-,+,+,-,0,-,0,0
ɹ̥,-,+,-,+,-,-,-,-,-,-,-,+,+,-,-,+,-,+,+,-,0,-,0,0
ɹ̥ʷ,-,+,-,+,-,-,-,-,-,-,-,+,+,-,-,+,-,+,+,-,0,-,0,0
ɹ̊,-,+,-,+,-,-,-,-,-,-,-,+,+,-,-,+,-,+,+,-,0,-,0,0
ɹ̥ˠ,-,+,-,+,-,-,-,-,-,-,-,+,+,-,-,+,-,+,+,-,0,-,0,0
ɹ̟,-,+,-,+,-,-,-,-,+,-,-,+,+,-,-,+,-,+,+,-,0,-,0,0
ɹ̠,-,+,-,+,-,-,-,-,+,-,-,+,+,-,-,+,-,+,+,-,0,-,0,0
ɹʲʷ,-,+,-,+,-,-,-,-,+,-,-,+,+,-,-,+,-,+,+,-,0,-,0,0
ɹ̝ʷ,-,+,-,+,-,-,-,-,+,-,-,+,+,-,-,+,-,+,+,-,0,-,0,0
ɹˠ,-,+,-,+,-,-,-,-,+,-,-,+,+,-,-,+,-,+,+,-,0,-,0,0
ɹ̠ʷ,-,+,-,+,-,-,-,-,+,-,-,+,+,-,-,+,-,+,+,-,0,-,0,0
ɹ̝,-,+,-,+,-,-,-,-,+,-,-,+,+,-,-,+,-,+,+,-,0,-,0,0
ɹʷ,-,+,-,+,-,-,-,-,+,-,-,+,+,-,-,+,-,+,+,-,0,-,0,0
ɹ̠˔ʷ,-,+,-,+,-,-,-,-,+,-,-,+,+,-,-,+,-,+,+,-,0,-,0,0
ɹ˔,-,+,-,+,-,-,-,-,+,-,-,+,+,-,-,+,-,+,+,-,0,-,0,0
ɹ̞,-,+,-,+,-,-,-,-,+,-,-,+,+,-,-,+,-,+,+,-,0,-,0,0
ɹ,-,+,-,+,-,-,-,-,+,-,-,+,+,-,-,+,-,+,+,-,0,-,0,0
ɹʷˠ,-,+,-,+,-,-,-,-,+,-,-,+,+,-,-,+,-,+,+,-,0,-,0,0
ɹ̺,-,+,-,+,-,-,-,-,+,-,-,+,+,-,-,+,-,+,+,-,0,-,0,0
ɹ̥ː,-,+,-,+,-,-,-,-,-,-,-,+,+,-,-,+,-,+,+,-,0,+,0,0
ɹʷː,-,+,-,+,-,-,-,-,+,-,-,+,+,-,-,+,-,+,+,-,0,+,0,0
ɹ̟ː,-,+,-,+,-,-,-,-,+,-,-,+,+,-,-,+,-,+,+,-,0,+,0,0
ɹː,-,+,-,+,-,-,-,-,+,-,-,+,+,-,-,+,-,+,+,-,0,+,0,0
ɹ̝ː,-,+,-,+,-,-,-,-,+,-,-,+,+,-,-,+,-,+,+,-,0,+,0,0
ɹˑ,-,+,-,+,-,-,-,-,+,-,-,+,+,-,-,+,-,+,+,-,0,+,0,0
ɹ̞ː,-,+,-,+,-,-,-,-,+,-,-,+,+,-,-,+,-,+,+,-,0,+,0,0
ɹːʷ,-,+,-,+,-,-,-,-,+,-,-,+,+,-,-,+,-,+,+,-,0,+,0,0
ɹːˠ,-,+,-,+,-,-,-,-,+,-,-,+,+,-,-,+,-,+,+,-,0,+,0,0
ɹ̪̊,-,+,-,+,-,-,-,-,-,-,-,+,+,+,-,+,-,+,+,-,0,-,0,0
ɹ̪,-,+,-,+,-,-,-,-,+,-,-,+,+,+,-,+,-,+,+,-,0,-,0,0
ɹ̻,-,+,-,+,-,-,-,-,+,-,-,+,+,+,-,+,-,+,+,-,0,-,0,0
ɹ̻̝ː,-,+,-,+,-,-,-,-,+,-,-,+,+,+,-,+,-,+,+,-,0,+,0,0
y̯,-,+,-,+,-,-,-,-,+,-,-,0,-,0,+,+,-,-,+,-,+,-,0,0
y̯ː,-,+,-,+,-,-,-,-,+,-,-,0,-,0,+,+,-,-,+,-,+,+,0,0
u̯,-,+,-,+,-,-,-,-,+,-,-,0,-,0,+,+,-,+,+,-,+,-,0,0
u̯ʷ,-,+,-,+,-,-,-,-,+,-,-,0,-,0,+,+,-,+,+,-,+,-,0,0
y̯ʷ,-,+,-,+,-,-,-,-,+,-,-,0,-,0,+,+,-,+,+,-,+,-,0,0
u̯ː,-,+,-,+,-,-,-,-,+,-,-,0,-,0,+,+,-,+,+,-,+,+,0,0
ʍʲ,-,+,-,+,-,-,-,-,-,-,-,-,-,0,+,+,-,-,+,-,0,-,0,0
w̥ʲ,-,+,-,+,-,-,-,-,-,-,-,-,-,0,+,+,-,-,+,-,0,-,0,0
wʲ,-,+,-,+,-,-,-,-,+,-,-,-,-,0,+,+,-,-,+,-,0,-,0,0
ʍʲː,-,+,-,+,-,-,-,-,-,-,-,-,-,0,+,+,-,-,+,-,0,+,0,0
ʍːʲ,-,+,-,+,-,-,-,-,-,-,-,-,-,0,+,+,-,-,+,-,0,+,0,0
wʲː,-,+,-,+,-,-,-,-,+,-,-,-,-,0,+,+,-,-,+,-,0,+,0,0
wːʲ,-,+,-,+,-,-,-,-,+,-,-,-,-,0,+,+,-,-,+,-,0,+,0,0
y˞̯,-,+,-,+,-,-,-,-,+,-,-,-,-,0,+,+,-,-,+,-,+,-,0,0
ẘ̠,-,+,-,+,-,-,-,-,-,-,-,-,-,0,+,+,-,+,+,-,0,-,0,0
ʍ̟,-,+,-,+,-,-,-,-,-,-,-,-,-,0,+,+,-,+,+,-,0,-,0,0
ẘ̠˔,-,+,-,+,-,-,-,-,-,-,-,-,-,0,+,+,-,+,+,-,0,-,0,0
ẘ̝,-,+,-,+,-,-,-,-,-,-,-,-,-,0,+,+,-,+,+,-,0,-,0,0
ẘ̠˔ʷ,-,+,-,+,-,-,-,-,-,-,-,-,-,0,+,+,-,+,+,-,0,-,0,0
ʍ̠,-,+,-,+,-,-,-,-,-,-,-,-,-,0,+,+,-,+,+,-,0,-,0,0
ʍʲʷ,-,+,-,+,-,-,-,-,-,-,-,-,-,0,+,+,-,+,+,-,0,-,0,0
ẘ̝ʷ,-,+,-,+,-,-,-,-,-,-,-,-,-,0,+,+,-,+,+,-,0,-,0,0
ʍ̝ʷ,-,+,-,+,-,-,-,-,-,-,-,-,-,0,+,+,-,+,+,-,0,-,0,0
ʍˠ,-,+,-,+,-,-,-,-,-,-,-,-,-,0,+,+,-,+,+,-,0,-,0,0
ʍ̠ʷ,-,+,-,+,-,-,-,-,-,-,-,-,-,0,+,+,-,+,+,-,0,-,0,0
ʍ̝,-,+,-,+,-,-,-,-,-,-,-,-,-,0,+,+,-,+,+,-,0,-,0,0
ʍ̠˔ʷ,-,+,-,+,-,-,-,-,-,-,-,-,-,0,+,+,-,+,+,-,0,-,0,0
ʍ˔,-,+,-,+,-,-,-,-,-,-,-,-,-,0,+,+,-,+,+,-,0,-,0,0
ʍ̞,-,+,-,+,-,-,-,-,-,-,-,-,-,0,+,+,-,+,+,-,0,-,0,0
ʍ,-,+,-,+,-,-,-,-,-,-,-,-,-,0,+,+,-,+,+,-,0,-,0,0
w̥,-,+,-,+,-,-,-,-,-,-,-,-,-,0,+,+,-,+,+,-,0,-,0,0
w̥ʷ,-,+,-,+,-,-,-,-,-,-,-,-,-,0,+,+,-,+,+,-,0,-,0,0
ẘ,-,+,-,+,-,-,-,-,-,-,-,-,-,0,+,+,-,+,+,-,0,-,0,0
w̥ˠ,-,+,-,+,-,-,-,-,-,-,-,-,-,0,+,+,-,+,+,-,0,-,0,0
w̟,-,+,-,+,-,-,-,-,+,-,-,-,-,0,+,+,-,+,+,-,0,-,0,0
w̠,-,+,-,+,-,-,-,-,+,-,-,-,-,0,+,+,-,+,+,-,0,-,0,0
wʲʷ,-,+,-,+,-,-,-,-,+,-,-,-,-,0,+,+,-,+,+,-,0,-,0,0
w̝ʷ,-,+,-,+,-,-,-,-,+,-,-,-,-,0,+,+,-,+,+,-,0,-,0,0
wˠ,-,+,-,+,-,-,-,-,+,-,-,-,-,0,+,+,-,+,+,-,0,-,0,0
w̠ʷ,-,+,-,+,-,-,-,-,+,-,-,-,-,0,+,+,-,+,+,-,0,-,0,0
w̝,-,+,-,+,-,-,-,-,+,-,-,-,-,0,+,+,-,+,+,-,0,-,0,0
w̠˔ʷ,-,+,-,+,-,-,-,-,+,-,-,-,-,0,+,+,-,+,+,-,0,-,0,0
w˔,-,+,-,+,-,-,-,-,+,-,-,-,-,0,+,+,-,+,+,-,0,-,0,0
w̞,-,+,-,+,-,-,-,-,+,-,-,-,-,0,+,+,-,+,+,-,0,-,0,0
w,-,+,-,+,-,-,-,-,+,-,-,-,-,0,+,+,-,+,+,-,0,-,0,0
ʍ̬,-,+,-,+,-,-,-,-,+,-,-,-,-,0,+,+,-,+,+,-,0,-,0,0
w̥ː,-,+,-,+,-,-,-,-,-,-,-,-,-,0,+,+,-,+,+,-,0,+,0,0
ʍ̟ː,-,+,-,+,-,-,-,-,-,-,-,-,-,0,+,+,-,+,+,-,0,+,0,0
ʍː,-,+,-,+,-,-,-,-,-,-,-,-,-,0,+,+,-,+,+,-,0,+,0,0
ʍ̝ː,-,+,-,+,-,-,-,-,-,-,-,-,-,0,+,+,-,+,+,-,0,+,0,0
ʍˑ,-,+,-,+,-,-,-,-,-,-,-,-,-,0,+,+,-,+,+,-,0,+,0,0
ʍ̞ː,-,+,-,+,-,-,-,-,-,-,-,-,-,0,+,+,-,+,+,-,0,+,0,0
ʍːʷ,-,+,-,+,-,-,-,-,-,-,-,-,-,0,+,+,-,+,+,-,0,+,0,0
ʍːˠ,-,+,-,+,-,-,-,-,-,-,-,-,-,0,+,+,-,+,+,-,0,+,0,0
w̟ː,-,+,-,+,-,-,-,-,+,-,-,-,-,0,+,+,-,+,+,-,0,+,0,0
wː,-,+,-,+,-,-,-,-,+,-,-,-,-,0,+,+,-,+,+,-,0,+,0,0
w̝ː,-,+,-,+,-,-,-,-,+,-,-,-,-,0,+,+,-,+,+,-,0,+,0,0
wˑ,-,+,-,+,-,-,-,-,+,-,-,-,-,0,+,+,-,+,+,-,0,+,0,0
w̞ː,-,+,-,+,-,-,-,-,+,-,-,-,-,0,+,+,-,+,+,-,0,+,0,0
wːʷ,-,+,-,+,-,-,-,-,+,-,-,-,-,0,+,+,-,+,+,-,0,+,0,0
wːˠ,-,+,-,+,-,-,-,-,+,-,-,-,-,0,+,+,-,+,+,-,0,+,0,0
u˞̯,-,+,-,+,-,-,-,-,+,-,-,-,-,0,+,+,-,+,+,-,+,-,0,0
a̯ʷ,-,+,-,+,-,-,-,-,+,-,-,0,-,0,-,+,+,+,+,-,+,-,0,0
æ̯ʷ,-,+,-,+,-,-,-,-,+,-,-,0,-,0,-,+,+,+,+,-,+,-,0,0
ɒ̯ʷ,-,+,-,+,-,-,-,-,+,-,-,0,-,0,-,+,+,+,+,-,+,-,0,0
ɶ̯ʷ,-,+,-,+,-,-,-,-,+,-,-,0,-,0,-,+,+,+,+,-,+,-,0,0
æ˞̯,-,+,-,+,-,-,-,-,+,-,-,-,-,0,-,+,+,-,+,-,+,-,0,0
ɶ˞̯,-,+,-,+,-,-,-,-,+,-,-,-,-,0,-,+,+,-,+,-,+,-,0,0
j̥ˤ,-,+,-,+,-,-,-,-,-,-,-,-,-,0,-,+,+,+,-,-,0,-,0,0
jˤ,-,+,-,+,-,-,-,-,+,-,-,-,-,0,-,+,+,+,-,-,0,-,0,0
jˤː,-,+,-,+,-,-,-,-,+,-,-,-,-,0,-,+,+,+,-,-,0,+,0,0
jːˤ,-,+,-,+,-,-,-,-,+,-,-,-,-,0,-,+,+,+,-,-,0,+,0,0
jʷˤ,-,+,-,+,-,-,-,-,+,-,-,-,-,0,-,+,+,+,+,-,0,-,0,0
a˞̯,-,+,-,+,-,-,-,-,+,-,-,-,-,0,-,+,+,+,+,-,+,-,0,0
ɒ˞̯,-,+,-,+,-,-,-,-,+,-,-,-,-,0,-,+,+,+,+,-,+,-,0,0
ɻʷˤ,-,+,-,+,-,-,-,-,+,-,-,-,+,-,-,+,+,+,+,-,0,-,0,0
ɹ̥ˤ,-,+,-,+,-,-,-,-,-,-,-,+,+,-,-,+,+,+,+,-,0,-,0,0
ɹˤ,-,+,-,+,-,-,-,-,+,-,-,+,+,-,-,+,+,+,+,-,0,-,0,0
ɹʷˤ,-,+,-,+,-,-,-,-,+,-,-,+,+,-,-,+,+,+,+,-,0,-,0,0
ɹˤː,-,+,-,+,-,-,-,-,+,-,-,+,+,-,-,+,+,+,+,-,0,+,0,0
ɹːˤ,-,+,-,+,-,-,-,-,+,-,-,+,+,-,-,+,+,+,+,-,0,+,0,0
w̥ˤ,-,+,-,+,-,-,-,-,-,-,-,-,-,0,+,+,+,+,+,-,0,-,0,0
ʍˤ,-,+,-,+,-,-,-,-,-,-,-,-,-,0,+,+,+,+,+,-,0,-,0,0
wˤ,-,+,-,+,-,-,-,-,+,-,-,-,-,0,+,+,+,+,+,-,0,-,0,0
ʍˤː,-,+,-,+,-,-,-,-,-,-,-,-,-,0,+,+,+,+,+,-,0,+,0,0
ʍːˤ,-,+,-,+,-,-,-,-,-,-,-,-,-,0,+,+,+,+,+,-,0,+,0,0
wˤː,-,+,-,+,-,-,-,-,+,-,-,-,-,0,+,+,+,+,+,-,0,+,0,0
wːˤ,-,+,-,+,-,-,-,-,+,-,-,-,-,0,+,+,+,+,+,-,0,+,0,0
ɻ̰,-,+,-,+,-,-,-,-,+,-,+,-,+,-,-,-,-,-,-,-,0,-,0,0
ɻ̰ː,-,+,-,+,-,-,-,-,+,-,+,-,+,-,-,-,-,-,-,-,0,+,0,0
ɻ̰ˤ,-,+,-,+,-,-,-,-,+,-,+,-,+,-,-,-,+,+,-,-,0,-,0,0
j̰,-,+,-,+,-,-,-,-,+,-,+,-,-,0,-,+,-,-,-,-,0,-,0,0
j̰ʲ,-,+,-,+,-,-,-,-,+,-,+,-,-,0,-,+,-,-,-,-,0,-,0,0
j̰ː,-,+,-,+,-,-,-,-,+,-,+,-,-,0,-,+,-,-,-,-,0,+,0,0
j̰ˠ,-,+,-,+,-,-,-,-,+,-,+,-,-,0,-,+,-,+,-,-,0,-,0,0
j̰ʷ,-,+,-,+,-,-,-,-,+,-,+,-,-,0,-,+,-,+,+,-,0,-,0,0
ɻ̰ʲ,-,+,-,+,-,-,-,-,+,-,+,-,+,-,-,+,-,-,-,-,0,-,0,0
ɻ̰ˠ,-,+,-,+,-,-,-,-,+,-,+,-,+,-,-,+,-,+,-,-,0,-,0,0
ɻ̰ʷ,-,+,-,+,-,-,-,-,+,-,+,-,+,-,-,+,-,+,+,-,0,-,0,0
ɹ̰ʲ,-,+,-,+,-,-,-,-,+,-,+,+,+,-,-,+,-,-,+,-,0,-,0,0
ɹ̰ˠ,-,+,-,+,-,-,-,-,+,-,+,+,+,-,-,+,-,+,+,-,0,-,0,0
ɹ̰,-,+,-,+,-,-,-,-,+,-,+,+,+,-,-,+,-,+,+,-,0,-,0,0
ɹ̰ʷ,-,+,-,+,-,-,-,-,+,-,+,+,+,-,-,+,-,+,+,-,0,-,0,0
ɹ̰ː,-,+,-,+,-,-,-,-,+,-,+,+,+,-,-,+,-,+,+,-,0,+,0,0
w̰ʲ,-,+,-,+,-,-,-,-,+,-,+,-,-,0,+,+,-,-,+,-,0,-,0,0
w̰ˠ,-,+,-,+,-,-,-,-,+,-,+,-,-,0,+,+,-,+,+,-,0,-,0,0
w̰,-,+,-,+,-,-,-,-,+,-,+,-,-,0,+,+,-,+,+,-,0,-,0,0
w̰ʷ,-,+,-,+,-,-,-,-,+,-,+,-,-,0,+,+,-,+,+,-,0,-,0,0
w̰ː,-,+,-,+,-,-,-,-,+,-,+,-,-,0,+,+,-,+,+,-,0,+,0,0
j̰ˤ,-,+,-,+,-,-,-,-,+,-,+,-,-,0,-,+,+,+,-,-,0,-,0,0
ɹ̰ˤ,-,+,-,+,-,-,-,-,+,-,+,+,+,-,-,+,+,+,+,-,0,-,0,0
w̰ˤ,-,+,-,+,-,-,-,-,+,-,+,-,-,0,+,+,+,+,+,-,0,-,0,0
ɻ̤̥,-,+,-,+,-,-,-,-,-,+,-,-,+,-,-,-,-,-,-,-,0,-,0,0
ɻ̤,-,+,-,+,-,-,-,-,+,+,-,-,+,-,-,-,-,-,-,-,0,-,0,0
ɻ̠ʰ,-,+,-,+,-,-,-,-,+,+,-,-,+,-,-,-,-,-,-,-,0,-,0,0
ɻʰ,-,+,-,+,-,-,-,-,+,+,-,-,+,-,-,-,-,-,-,-,0,-,0,0
ɻʰː,-,+,-,+,-,-,-,-,+,+,-,-,+,-,-,-,-,-,-,-,0,+,0,0
ɻ̤ː,-,+,-,+,-,-,-,-,+,+,-,-,+,-,-,-,-,-,-,-,0,+,0,0
ɻʰˤ,-,+,-,+,-,-,-,-,+,+,-,-,+,-,-,-,+,+,-,-,0,-,0,0
ɻˤʰ,-,+,-,+,-,-,-,-,+,+,-,-,+,-,-,-,+,+,-,-,0,-,0,0
ɻ̤ˤ,-,+,-,+,-,-,-,-,+,+,-,-,+,-,-,-,+,+,-,-,0,-,0,0
j̤̥,-,+,-,+,-,-,-,-,-,+,-,-,-,0,-,+,-,-,-,-,0,-,0,0
jʰʲ,-,+,-,+,-,-,-,-,+,+,-,-,-,0,-,+,-,-,-,-,0,-,0,0
j̤,-,+,-,+,-,-,-,-,+,+,-,-,-,0,-,+,-,-,-,-,0,-,0,0
j̠ʰ,-,+,-,+,-,-,-,-,+,+,-,-,-,0,-,+,-,-,-,-,0,-,0,0
j̤ʲ,-,+,-,+,-,-,-,-,+,+,-,-,-,0,-,+,-,-,-,-,0,-,0,0
jʰ,-,+,-,+,-,-,-,-,+,+,-,-,-,0,-,+,-,-,-,-,0,-,0,0
jʰː,-,+,-,+,-,-,-,-,+,+,-,-,-,0,-,+,-,-,-,-,0,+,0,0
j̤ː,-,+,-,+,-,-,-,-,+,+,-,-,-,0,-,+,-,-,-,-,0,+,0,0
jʰᶣ,-,+,-,+,-,-,-,-,+,+,-,-,-,0,-,+,-,-,+,-,0,-,0,0
jʰˠ,-,+,-,+,-,-,-,-,+,+,-,-,-,0,-,+,-,+,-,-,0,-,0,0
j̤ˠ,-,+,-,+,-,-,-,-,+,+,-,-,-,0,-,+,-,+,-,-,0,-,0,0
jʰʷ,-,+,-,+,-,-,-,-,+,+,-,-,-,0,-,+,-,+,+,-,0,-,0,0
j̤ʷ,-,+,-,+,-,-,-,-,+,+,-,-,-,0,-,+,-,+,+,-,0,-,0,0
jʷʰ,-,+,-,+,-,-,-,-,+,+,-,-,-,0,-,+,-,+,+,-,0,-,0,0
jʷˠʰ,-,+,-,+,-,-,-,-,+,+,-,-,-,0,-,+,-,+,+,-,0,-,0,0
jʷʰː,-,+,-,+,-,-,-,-,+,+,-,-,-,0,-,+,-,+,+,-,0,+,0,0
ɻʰʲ,-,+,-,+,-,-,-,-,+,+,-,-,+,-,-,+,-,-,-,-,0,-,0,0
ɻʲʰ,-,+,-,+,-,-,-,-,+,+,-,-,+,-,-,+,-,-,-,-,0,-,0,0
ɻ̤ʲ,-,+,-,+,-,-,-,-,+,+,-,-,+,-,-,+,-,-,-,-,0,-,0,0
ɻʰᶣ,-,+,-,+,-,-,-,-,+,+,-,-,+,-,-,+,-,-,+,-,0,-,0,0
ɻʰˠ,-,+,-,+,-,-,-,-,+,+,-,-,+,-,-,+,-,+,-,-,0,-,0,0
ɻ̤ˠ,-,+,-,+,-,-,-,-,+,+,-,-,+,-,-,+,-,+,-,-,0,-,0,0
ɻʰʷ,-,+,-,+,-,-,-,-,+,+,-,-,+,-,-,+,-,+,+,-,0,-,0,0
ɻʲʷʰ,-,+,-,+,-,-,-,-,+,+,-,-,+,-,-,+,-,+,+,-,0,-,0,0
ɻ̤ʷ,-,+,-,+,-,-,-,-,+,+,-,-,+,-,-,+,-,+,+,-,0,-,0,0
ɻʷʰ,-,+,-,+,-,-,-,-,+,+,-,-,+,-,-,+,-,+,+,-,0,-,0,0
ɻʷˠʰ,-,+,-,+,-,-,-,-,+,+,-,-,+,-,-,+,-,+,+,-,0,-,0,0
ɻʷʰː,-,+,-,+,-,-,-,-,+,+,-,-,+,-,-,+,-,+,+,-,0,+,0,0
ɹʰʲ,-,+,-,+,-,-,-,-,+,+,-,+,+,-,-,+,-,-,+,-,0,-,0,0
ɹʲʰ,-,+,-,+,-,-,-,-,+,+,-,+,+,-,-,+,-,-,+,-,0,-,0,0
ɹʰᶣ,-,+,-,+,-,-,-,-,+,+,-,+,+,-,-,+,-,-,+,-,0,-,0,0
ɹ̤ʲ,-,+,-,+,-,-,-,-,+,+,-,+,+,-,-,+,-,-,+,-,0,-,0,0
ɹ̤̥,-,+,-,+,-,-,-,-,-,+,-,+,+,-,-,+,-,+,+,-,0,-,0,0
ɹʰʷ,-,+,-,+,-,-,-,-,+,+,-,+,+,-,-,+,-,+,+,-,0,-,0,0
ɹʰˠ,-,+,-,+,-,-,-,-,+,+,-,+,+,-,-,+,-,+,+,-,0,-,0,0
ɹ̤,-,+,-,+,-,-,-,-,+,+,-,+,+,-,-,+,-,+,+,-,0,-,0,0
ɹʲʷʰ,-,+,-,+,-,-,-,-,+,+,-,+,+,-,-,+,-,+,+,-,0,-,0,0
ɹ̠ʰ,-,+,-,+,-,-,-,-,+,+,-,+,+,-,-,+,-,+,+,-,0,-,0,0
ɹ̤ʷ,-,+,-,+,-,-,-,-,+,+,-,+,+,-,-,+,-,+,+,-,0,-,0,0
ɹʷʰ,-,+,-,+,-,-,-,-,+,+,-,+,+,-,-,+,-,+,+,-,0,-,0,0
ɹ̤ˠ,-,+,-,+,-,-,-,-,+,+,-,+,+,-,-,+,-,+,+,-,0,-,0,0
ɹʷˠʰ,-,+,-,+,-,-,-,-,+,+,-,+,+,-,-,+,-,+,+,-,0,-,0,0
ɹʰ,-,+,-,+,-,-,-,-,+,+,-,+,+,-,-,+,-,+,+,-,0,-,0,0
ɹʰː,-,+,-,+,-,-,-,-,+,+,-,+,+,-,-,+,-,+,+,-,0,+,0,0
ɹʷʰː,-,+,-,+,-,-,-,-,+,+,-,+,+,-,-,+,-,+,+,-,0,+,0,0
ɹ̤ː,-,+,-,+,-,-,-,-,+,+,-,+,+,-,-,+,-,+,+,-,0,+,0,0
ʍʰʲ,-,+,-,+,-,-,-,-,-,+,-,-,-,0,+,+,-,-,+,-,0,-,0,0
ʍʲʰ,-,+,-,+,-,-,-,-,-,+,-,-,-,0,+,+,-,-,+,-,0,-,0,0
wʰʲ,-,+,-,+,-,-,-,-,+,+,-,-,-,0,+,+,-,-,+,-,0,-,0,0
wʲʰ,-,+,-,+,-,-,-,-,+,+,-,-,-,0,+,+,-,-,+,-,0,-,0,0
w̤ʲ,-,+,-,+,-,-,-,-,+,+,-,-,-,0,+,+,-,-,+,-,0,-,0,0
ʍʰʷ,-,+,-,+,-,-,-,-,-,+,-,-,-,0,+,+,-,+,+,-,0,-,0,0
ʍʰˠ,-,+,-,+,-,-,-,-,-,+,-,-,-,0,+,+,-,+,+,-,0,-,0,0
ʍʲʷʰ,-,+,-,+,-,-,-,-,-,+,-,-,-,0,+,+,-,+,+,-,0,-,0,0
ʍ̠ʰ,-,+,-,+,-,-,-,-,-,+,-,-,-,0,+,+,-,+,+,-,0,-,0,0
w̤̥,-,+,-,+,-,-,-,-,-,+,-,-,-,0,+,+,-,+,+,-,0,-,0,0
ʍʰ,-,+,-,+,-,-,-,-,-,+,-,-,-,0,+,+,-,+,+,-,0,-,0,0
wʰʷ,-,+,-,+,-,-,-,-,+,+,-,-,-,0,+,+,-,+,+,-,0,-,0,0
wʰˠ,-,+,-,+,-,-,-,-,+,+,-,-,-,0,+,+,-,+,+,-,0,-,0,0
w̤,-,+,-,+,-,-,-,-,+,+,-,-,-,0,+,+,-,+,+,-,0,-,0,0
wʲʷʰ,-,+,-,+,-,-,-,-,+,+,-,-,-,0,+,+,-,+,+,-,0,-,0,0
w̠ʰ,-,+,-,+,-,-,-,-,+,+,-,-,-,0,+,+,-,+,+,-,0,-,0,0
w̤ʷ,-,+,-,+,-,-,-,-,+,+,-,-,-,0,+,+,-,+,+,-,0,-,0,0
w̤ˠ,-,+,-,+,-,-,-,-,+,+,-,-,-,0,+,+,-,+,+,-,0,-,0,0
wʰ,-,+,-,+,-,-,-,-,+,+,-,-,-,0,+,+,-,+,+,-,0,-,0,0
ʍʰː,-,+,-,+,-,-,-,-,-,+,-,-,-,0,+,+,-,+,+,-,0,+,0,0
wʰː,-,+,-,+,-,-,-,-,+,+,-,-,-,0,+,+,-,+,+,-,0,+,0,0
w̤ː,-,+,-,+,-,-,-,-,+,+,-,-,-,0,+,+,-,+,+,-,0,+,0,0
jʰˤ,-,+,-,+,-,-,-,-,+,+,-,-,-,0,-,+,+,+,-,-,0,-,0,0
jˤʰ,-,+,-,+,-,-,-,-,+,+,-,-,-,0,-,+,+,+,-,-,0,-,0,0
j̤ˤ,-,+,-,+,-,-,-,-,+,+,-,-,-,0,-,+,+,+,-,-,0,-,0,0
jʷˤʰ,-,+,-,+,-,-,-,-,+,+,-,-,-,0,-,+,+,+,+,-,0,-,0,0
ɻʷˤʰ,-,+,-,+,-,-,-,-,+,+,-,-,+,-,-,+,+,+,+,-,0,-,0,0
ɹʷˤʰ,-,+,-,+,-,-,-,-,+,+,-,+,+,-,-,+,+,+,+,-,0,-,0,0
ɹʰˤ,-,+,-,+,-,-,-,-,+,+,-,+,+,-,-,+,+,+,+,-,0,-,0,0
ɹˤʰ,-,+,-,+,-,-,-,-,+,+,-,+,+,-,-,+,+,+,+,-,0,-,0,0
ɹ̤ˤ,-,+,-,+,-,-,-,-,+,+,-,+,+,-,-,+,+,+,+,-,0,-,0,0
ʍʰˤ,-,+,-,+,-,-,-,-,-,+,-,-,-,0,+,+,+,+,+,-,0,-,0,0
ʍˤʰ,-,+,-,+,-,-,-,-,-,+,-,-,-,0,+,+,+,+,+,-,0,-,0,0
wʰˤ,-,+,-,+,-,-,-,-,+,+,-,-,-,0,+,+,+,+,+,-,0,-,0,0
wˤʰ,-,+,-,+,-,-,-,-,+,+,-,-,-,0,+,+,+,+,+,-,0,-,0,0
w̤ˤ,-,+,-,+,-,-,-,-,+,+,-,-,-,0,+,+,+,+,+,-,0,-,0,0
ɛ̯̃,-,+,-,+,-,-,+,-,+,-,-,0,-,0,-,-,-,-,-,-,-,-,0,0
ẽ̯,-,+,-,+,-,-,+,-,+,-,-,0,-,0,-,-,-,-,-,-,+,-,0,0
œ̯̃,-,+,-,+,-,-,+,-,+,-,-,0,-,0,-,-,-,-,+,-,-,-,0,0
ø̯̃,-,+,-,+,-,-,+,-,+,-,-,0,-,0,-,-,-,-,+,-,+,-,0,0
ə̯̃,-,+,-,+,-,-,+,-,+,-,-,0,-,0,-,-,-,+,-,-,-,-,0,0
ɜ̯̃,-,+,-,+,-,-,+,-,+,-,-,0,-,0,-,-,-,+,-,-,-,-,0,0
ɐ̯̃,-,+,-,+,-,-,+,-,+,-,-,0,-,0,-,-,-,+,-,-,+,-,0,0
ʌ̯̃,-,+,-,+,-,-,+,-,+,-,-,0,-,0,-,-,-,+,-,-,+,-,0,0
ɔ̯̃,-,+,-,+,-,-,+,-,+,-,-,0,-,0,-,-,-,+,+,-,-,-,0,0
õ̯,-,+,-,+,-,-,+,-,+,-,-,0,-,0,-,-,-,+,+,-,+,-,0,0
ɻ̃,-,+,-,+,-,-,+,-,+,-,-,-,+,-,-,-,-,-,-,-,0,-,0,0
ɻ̃ː,-,+,-,+,-,-,+,-,+,-,-,-,+,-,-,-,-,-,-,-,0,+,0,0
ɻ̃ˑ,-,+,-,+,-,-,+,-,+,-,-,-,+,-,-,-,-,-,-,-,0,+,0,0
æ̯̃,-,+,-,+,-,-,+,-,+,-,-,0,-,0,-,-,+,-,-,-,+,-,0,0
ɶ̯̃,-,+,-,+,-,-,+,-,+,-,-,0,-,0,-,-,+,-,+,-,+,-,0,0
ã̯,-,+,-,+,-,-,+,-,+,-,-,0,-,0,-,-,+,+,-,-,+,-,0,0
ɒ̯̃,-,+,-,+,-,-,+,-,+,-,-,0,-,0,-,-,+,+,+,-,+,-,0,0
ɻ̃ˤ,-,+,-,+,-,-,+,-,+,-,-,-,+,-,-,-,+,+,-,-,0,-,0,0
ɪ̯̃,-,+,-,+,-,-,+,-,+,-,-,0,-,0,-,+,-,-,-,-,-,-,0,0
ĩ̯,-,+,-,+,-,-,+,-,+,-,-,0,-,0,-,+,-,-,-,-,+,-,0,0
ʏ̯̃,-,+,-,+,-,-,+,-,+,-,-,0,-,0,-,+,-,-,+,-,-,-,0,0
ɯ̯̃,-,+,-,+,-,-,+,-,+,-,-,0,-,0,-,+,-,+,-,-,-,-,0,0
ɨ̯̃,-,+,-,+,-,-,+,-,+,-,-,0,-,0,-,+,-,+,-,-,+,-,0,0
ʊ̯̃,-,+,-,+,-,-,+,-,+,-,-,0,-,0,-,+,-,+,+,-,-,-,0,0
j̃,-,+,-,+,-,-,+,-,+,-,-,-,-,0,-,+,-,-,-,-,0,-,0,0
j̃ː,-,+,-,+,-,-,+,-,+,-,-,-,-,0,-,+,-,-,-,-,0,+,0,0
j̃ˑ,-,+,-,+,-,-,+,-,+,-,-,-,-,0,-,+,-,-,-,-,0,+,0,0
ɹ̃,-,+,-,+,-,-,+,-,+,-,-,+,+,-,-,+,-,+,+,-,0,-,0,0
ɹ̃ː,-,+,-,+,-,-,+,-,+,-,-,+,+,-,-,+,-,+,+,-,0,+,0,0
ɹ̃ˑ,-,+,-,+,-,-,+,-,+,-,-,+,+,-,-,+,-,+,+,-,0,+,0,0
ỹ̯,-,+,-,+,-,-,+,-,+,-,-,0,-,0,+,+,-,-,+,-,+,-,0,0
ũ̯,-,+,-,+,-,-,+,-,+,-,-,0,-,0,+,+,-,+,+,-,+,-,0,0
w̃,-,+,-,+,-,-,+,-,+,-,-,-,-,0,+,+,-,+,+,-,0,-,0,0
w̃ː,-,+,-,+,-,-,+,-,+,-,-,-,-,0,+,+,-,+,+,-,0,+,0,0
w̃ˑ,-,+,-,+,-,-,+,-,+,-,-,-,-,0,+,+,-,+,+,-,0,+,0,0
j̃ˤ,-,+,-,+,-,-,+,-,+,-,-,-,-,0,-,+,+,+,-,-,0,-,0,0
ɹ̃ˤ,-,+,-,+,-,-,+,-,+,-,-,+,+,-,-,+,+,+,+,-,0,-,0,0
w̃ˤ,-,+,-,+,-,-,+,-,+,-,-,-,-,0,+,+,+,+,+,-,0,-,0,0
ɻ̰̃,-,+,-,+,-,-,+,-,+,-,+,-,+,-,-,-,-,-,-,-,0,-,0,0
j̰̃,-,+,-,+,-,-,+,-,+,-,+,-,-,0,-,+,-,-,-,-,0,-,0,0
ɹ̰̃,-,+,-,+,-,-,+,-,+,-,+,+,+,-,-,+,-,+,+,-,0,-,0,0
w̰̃,-,+,-,+,-,-,+,-,+,-,+,-,-,0,+,+,-,+,+,-,0,-,0,0
ɽ̠̊,-,+,+,+,0,-,-,-,-,-,-,-,+,-,-,0,0,0,-,-,0,-,0,0
ɽ̠̊˔,-,+,+,+,0,-,-,-,-,-,-,-,+,-,-,0,0,0,-,-,0,-,0,0
ɽ̝̊,-,+,+,+,0,-,-,-,-,-,-,-,+,-,-,0,0,0,-,-,0,-,0,0
ɽ̥,-,+,+,+,0,-,-,-,-,-,-,-,+,-,-,0,0,0,-,-,0,-,0,0
ɽ̊,-,+,+,+,0,-,-,-,-,-,-,-,+,-,-,0,0,0,-,-,0,-,0,0
ɽ̟,-,+,+,+,0,-,-,-,+,-,-,-,+,-,-,0,0,0,-,-,0,-,0,0
ɽ̠,-,+,+,+,0,-,-,-,+,-,-,-,+,-,-,0,0,0,-,-,0,-,0,0
ɽ̝,-,+,+,+,0,-,-,-,+,-,-,-,+,-,-,0,0,0,-,-,0,-,0,0
ɽ˔,-,+,+,+,0,-,-,-,+,-,-,-,+,-,-,0,0,0,-,-,0,-,0,0
ɽ̞,-,+,+,+,0,-,-,-,+,-,-,-,+,-,-,0,0,0,-,-,0,-,0,0
ɽ,-,+,+,+,0,-,-,-,+,-,-,-,+,-,-,0,0,0,-,-,0,-,0,0
ɽ̺,-,+,+,+,0,-,-,-,+,-,-,-,+,-,-,0,0,0,-,-,0,-,0,0
ɽ̥ː,-,+,+,+,0,-,-,-,-,-,-,-,+,-,-,0,0,0,-,-,0,+,0,0
ɽ̟ː,-,+,+,+,0,-,-,-,+,-,-,-,+,-,-,0,0,0,-,-,0,+,0,0
ɽː,-,+,+,+,0,-,-,-,+,-,-,-,+,-,-,0,0,0,-,-,0,+,0,0
ɽ̝ː,-,+,+,+,0,-,-,-,+,-,-,-,+,-,-,0,0,0,-,-,0,+,0,0
ɽˑ,-,+,+,+,0,-,-,-,+,-,-,-,+,-,-,0,0,0,-,-,0,+,0,0
ɽ̞ː,-,+,+,+,0,-,-,-,+,-,-,-,+,-,-,0,0,0,-,-,0,+,0,0
ɽ̻,-,+,+,+,0,-,-,-,+,-,-,-,+,+,-,0,0,0,-,-,0,-,0,0
ɽ̻̝ː,-,+,+,+,0,-,-,-,+,-,-,-,+,+,-,0,0,0,-,-,0,+,0,0
r̠̊,-,+,+,+,0,-,-,-,-,-,-,+,+,-,-,0,0,0,-,-,0,-,0,0
ɾ̠̊,-,+,+,+,0,-,-,-,-,-,-,+,+,-,-,0,0,0,-,-,0,-,0,0
r̠̊˔,-,+,+,+,0,-,-,-,-,-,-,+,+,-,-,0,0,0,-,-,0,-,0,0
ɾ̠̊˔,-,+,+,+,0,-,-,-,-,-,-,+,+,-,-,0,0,0,-,-,0,-,0,0
r̝̊,-,+,+,+,0,-,-,-,-,-,-,+,+,-,-,0,0,0,-,-,0,-,0,0
ɾ̝̊,-,+,+,+,0,-,-,-,-,-,-,+,+,-,-,0,0,0,-,-,0,-,0,0
r̥,-,+,+,+,0,-,-,-,-,-,-,+,+,-,-,0,0,0,-,-,0,-,0,0
ɾ̥,-,+,+,+,0,-,-,-,-,-,-,+,+,-,-,0,0,0,-,-,0,-,0,0
r̊,-,+,+,+,0,-,-,-,-,-,-,+,+,-,-,0,0,0,-,-,0,-,0,0
ɾ̊,-,+,+,+,0,-,-,-,-,-,-,+,+,-,-,0,0,0,-,-,0,-,0,0
r̟,-,+,+,+,0,-,-,-,+,-,-,+,+,-,-,0,0,0,-,-,0,-,0,0
ɾ̟,-,+,+,+,0,-,-,-,+,-,-,+,+,-,-,0,0,0,-,-,0,-,0,0
r̠,-,+,+,+,0,-,-,-,+,-,-,+,+,-,-,0,0,0,-,-,0,-,0,0
ɾ̠,-,+,+,+,0,-,-,-,+,-,-,+,+,-,-,0,0,0,-,-,0,-,0,0
r̝,-,+,+,+,0,-,-,-,+,-,-,+,+,-,-,0,0,0,-,-,0,-,0,0
ɾ̝,-,+,+,+,0,-,-,-,+,-,-,+,+,-,-,0,0,0,-,-,0,-,0,0
r˔,-,+,+,+,0,-,-,-,+,-,-,+,+,-,-,0,0,0,-,-,0,-,0,0
ɾ˔,-,+,+,+,0,-,-,-,+,-,-,+,+,-,-,0,0,0,-,-,0,-,0,0
r̞,-,+,+,+,0,-,-,-,+,-,-,+,+,-,-,0,0,0,-,-,0,-,0,0
ɾ̞,-,+,+,+,0,-,-,-,+,-,-,+,+,-,-,0,0,0,-,-,0,-,0,0
r,-,+,+,+,0,-,-,-,+,-,-,+,+,-,-,0,0,0,-,-,0,-,0,0
ɾ,-,+,+,+,0,-,-,-,+,-,-,+,+,-,-,0,0,0,-,-,0,-,0,0
r̺,-,+,+,+,0,-,-,-,+,-,-,+,+,-,-,0,0,0,-,-,0,-,0,0
ɾ̺,-,+,+,+,0,-,-,-,+,-,-,+,+,-,-,0,0,0,-,-,0,-,0,0
r̥ː,-,+,+,+,0,-,-,-,-,-,-,+,+,-,-,0,0,0,-,-,0,+,0,0
ɾ̥ː,-,+,+,+,0,-,-,-,-,-,-,+,+,-,-,0,0,0,-,-,0,+,0,0
r̟ː,-,+,+,+,0,-,-,-,+,-,-,+,+,-,-,0,0,0,-,-,0,+,0,0
ɾ̟ː,-,+,+,+,0,-,-,-,+,-,-,+,+,-,-,0,0,0,-,-,0,+,0,0
rː,-,+,+,+,0,-,-,-,+,-,-,+,+,-,-,0,0,0,-,-,0,+,0,0
ɾː,-,+,+,+,0,-,-,-,+,-,-,+,+,-,-,0,0,0,-,-,0,+,0,0
r̝ː,-,+,+,+,0,-,-,-,+,-,-,+,+,-,-,0,0,0,-,-,0,+,0,0
rˑ,-,+,+,+,0,-,-,-,+,-,-,+,+,-,-,0,0,0,-,-,0,+,0,0
ɾ̝ː,-,+,+,+,0,-,-,-,+,-,-,+,+,-,-,0,0,0,-,-,0,+,0,0
ɾˑ,-,+,+,+,0,-,-,-,+,-,-,+,+,-,-,0,0,0,-,-,0,+,0,0
r̞ː,-,+,+,+,0,-,-,-,+,-,-,+,+,-,-,0,0,0,-,-,0,+,0,0
ɾ̞ː,-,+,+,+,0,-,-,-,+,-,-,+,+,-,-,0,0,0,-,-,0,+,0,0
r̪̊,-,+,+,+,0,-,-,-,-,-,-,+,+,+,-,0,0,0,-,-,0,-,0,0
ɾ̪̊,-,+,+,+,0,-,-,-,-,-,-,+,+,+,-,0,0,0,-,-,0,-,0,0
r̪,-,+,+,+,0,-,-,-,+,-,-,+,+,+,-,0,0,0,-,-,0,-,0,0
ɾ̪,-,+,+,+,0,-,-,-,+,-,-,+,+,+,-,0,0,0,-,-,0,-,0,0
r̻,-,+,+,+,0,-,-,-,+,-,-,+,+,+,-,0,0,0,-,-,0,-,0,0
ɾ̻,-,+,+,+,0,-,-,-,+,-,-,+,+,+,-,0,0,0,-,-,0,-,0,0
r̻̝ː,-,+,+,+,0,-,-,-,+,-,-,+,+,+,-,0,0,0,-,-,0,+,0,0
ɾ̻̝ː,-,+,+,+,0,-,-,-,+,-,-,+,+,+,-,0,0,0,-,-,0,+,0,0
ʙ̠̊,-,+,+,+,0,-,-,-,-,-,-,+,-,0,+,0,0,0,-,-,0,-,0,0
ʙ̠̊˔,-,+,+,+,0,-,-,-,-,-,-,+,-,0,+,0,0,0,-,-,0,-,0,0
ʙ̝̊,-,+,+,+,0,-,-,-,-,-,-,+,-,0,+,0,0,0,-,-,0,-,0,0
ʙ̥,-,+,+,+,0,-,-,-,-,-,-,+,-,0,+,0,0,0,-,-,0,-,0,0
ʙ̊,-,+,+,+,0,-,-,-,-,-,-,+,-,0,+,0,0,0,-,-,0,-,0,0
ʙ̟,-,+,+,+,0,-,-,-,+,-,-,+,-,0,+,0,0,0,-,-,0,-,0,0
ʙ̠,-,+,+,+,0,-,-,-,+,-,-,+,-,0,+,0,0,0,-,-,0,-,0,0
ʙ̝,-,+,+,+,0,-,-,-,+,-,-,+,-,0,+,0,0,0,-,-,0,-,0,0
ʙ˔,-,+,+,+,0,-,-,-,+,-,-,+,-,0,+,0,0,0,-,-,0,-,0,0
ʙ̞,-,+,+,+,0,-,-,-,+,-,-,+,-,0,+,0,0,0,-,-,0,-,0,0
ʙ,-,+,+,+,0,-,-,-,+,-,-,+,-,0,+,0,0,0,-,-,0,-,0,0
ʙ̥ː,-,+,+,+,0,-,-,-,-,-,-,+,-,0,+,0,0,0,-,-,0,+,0,0
ʙ̟ː,-,+,+,+,0,-,-,-,+,-,-,+,-,0,+,0,0,0,-,-,0,+,0,0
ʙː,-,+,+,+,0,-,-,-,+,-,-,+,-,0,+,0,0,0,-,-,0,+,0,0
ʙ̝ː,-,+,+,+,0,-,-,-,+,-,-,+,-,0,+,0,0,0,-,-,0,+,0,0
ʙˑ,-,+,+,+,0,-,-,-,+,-,-,+,-,0,+,0,0,0,-,-,0,+,0,0
ʙ̞ː,-,+,+,+,0,-,-,-,+,-,-,+,-,0,+,0,0,0,-,-,0,+,0,0
ɽ̥ˤ,-,+,+,+,0,-,-,-,-,-,-,-,+,-,-,0,+,+,-,-,0,-,0,0
ɽˤ,-,+,+,+,0,-,-,-,+,-,-,-,+,-,-,0,+,+,-,-,0,-,0,0
ɽˤː,-,+,+,+,0,-,-,-,+,-,-,-,+,-,-,0,+,+,-,-,0,+,0,0
ɽːˤ,-,+,+,+,0,-,-,-,+,-,-,-,+,-,-,0,+,+,-,-,0,+,0,0
r̥ˤ,-,+,+,+,0,-,-,-,-,-,-,+,+,-,-,0,+,+,-,-,0,-,0,0
ɾ̥ˤ,-,+,+,+,0,-,-,-,-,-,-,+,+,-,-,0,+,+,-,-,0,-,0,0
rˤ,-,+,+,+,0,-,-,-,+,-,-,+,+,-,-,0,+,+,-,-,0,-,0,0
ɾˤ,-,+,+,+,0,-,-,-,+,-,-,+,+,-,-,0,+,+,-,-,0,-,0,0
rˤː,-,+,+,+,0,-,-,-,+,-,-,+,+,-,-,0,+,+,-,-,0,+,0,0
ɾˤː,-,+,+,+,0,-,-,-,+,-,-,+,+,-,-,0,+,+,-,-,0,+,0,0
rːˤ,-,+,+,+,0,-,-,-,+,-,-,+,+,-,-,0,+,+,-,-,0,+,0,0
ɾːˤ,-,+,+,+,0,-,-,-,+,-,-,+,+,-,-,0,+,+,-,-,0,+,0,0
ʙ̥ˤ,-,+,+,+,0,-,-,-,-,-,-,+,-,0,+,0,+,+,-,-,0,-,0,0
ʙˤ,-,+,+,+,0,-,-,-,+,-,-,+,-,0,+,0,+,+,-,-,0,-,0,0
ʙˤː,-,+,+,+,0,-,-,-,+,-,-,+,-,0,+,0,+,+,-,-,0,+,0,0
ʙːˤ,-,+,+,+,0,-,-,-,+,-,-,+,-,0,+,0,+,+,-,-,0,+,0,0
ʀ̠̊,-,+,+,+,0,-,-,-,-,-,-,-,-,0,-,-,-,+,-,-,0,-,0,0
ʀ̠̊˔,-,+,+,+,0,-,-,-,-,-,-,-,-,0,-,-,-,+,-,-,0,-,0,0
ʀ̝̊,-,+,+,+,0,-,-,-,-,-,-,-,-,0,-,-,-,+,-,-,0,-,0,0
ʀ̥,-,+,+,+,0,-,-,-,-,-,-,-,-,0,-,-,-,+,-,-,0,-,0,0
ʀ̊,-,+,+,+,0,-,-,-,-,-,-,-,-,0,-,-,-,+,-,-,0,-,0,0
ʀ̟,-,+,+,+,0,-,-,-,+,-,-,-,-,0,-,-,-,+,-,-,0,-,0,0
ʀ̠,-,+,+,+,0,-,-,-,+,-,-,-,-,0,-,-,-,+,-,-,0,-,0,0
ʀ̝,-,+,+,+,0,-,-,-,+,-,-,-,-,0,-,-,-,+,-,-,0,-,0,0
ʀ˔,-,+,+,+,0,-,-,-,+,-,-,-,-,0,-,-,-,+,-,-,0,-,0,0
ʀ̞,-,+,+,+,0,-,-,-,+,-,-,-,-,0,-,-,-,+,-,-,0,-,0,0
ʀ,-,+,+,+,0,-,-,-,+,-,-,-,-,0,-,-,-,+,-,-,0,-,0,0
ʀ̥ː,-,+,+,+,0,-,-,-,-,-,-,-,-,0,-,-,-,+,-,-,0,+,0,0
ʀ̟ː,-,+,+,+,0,-,-,-,+,-,-,-,-,0,-,-,-,+,-,-,0,+,0,0
ʀː,-,+,+,+,0,-,-,-,+,-,-,-,-,0,-,-,-,+,-,-,0,+,0,0
ʀ̝ː,-,+,+,+,0,-,-,-,+,-,-,-,-,0,-,-,-,+,-,-,0,+,0,0
ʀˑ,-,+,+,+,0,-,-,-,+,-,-,-,-,0,-,-,-,+,-,-,0,+,0,0
ʀ̞ː,-,+,+,+,0,-,-,-,+,-,-,-,-,0,-,-,-,+,-,-,0,+,0,0
ʀ̥ˤ,-,+,+,+,0,-,-,-,-,-,-,-,-,0,-,-,+,+,-,-,0,-,0,0
ʀˤ,-,+,+,+,0,-,-,-,+,-,-,-,-,0,-,-,+,+,-,-,0,-,0,0
ʀˤː,-,+,+,+,0,-,-,-,+,-,-,-,-,0,-,-,+,+,-,-,0,+,0,0
ʀːˤ,-,+,+,+,0,-,-,-,+,-,-,-,-,0,-,-,+,+,-,-,0,+,0,0
ɽ̥ʲ,-,+,+,+,0,-,-,-,-,-,-,-,+,-,-,+,0,-,-,-,0,-,0,0
ɽʲ,-,+,+,+,0,-,-,-,+,-,-,-,+,-,-,+,0,-,-,-,0,-,0,0
ɽʲː,-,+,+,+,0,-,-,-,+,-,-,-,+,-,-,+,0,-,-,-,0,+,0,0
ɽːʲ,-,+,+,+,0,-,-,-,+,-,-,-,+,-,-,+,0,-,-,-,0,+,0,0
ɽᶣ,-,+,+,+,0,-,-,-,+,-,-,-,+,-,-,+,0,-,+,-,0,-,0,0
ɽ̥ˠ,-,+,+,+,0,-,-,-,-,-,-,-,+,-,-,+,0,+,-,-,0,-,0,0
ɽˠ,-,+,+,+,0,-,-,-,+,-,-,-,+,-,-,+,0,+,-,-,0,-,0,0
ɽːˠ,-,+,+,+,0,-,-,-,+,-,-,-,+,-,-,+,0,+,-,-,0,+,0,0
ɽ̠̊˔ʷ,-,+,+,+,0,-,-,-,-,-,-,-,+,-,-,+,0,+,+,-,0,-,0,0
ɽ̝̊ʷ,-,+,+,+,0,-,-,-,-,-,-,-,+,-,-,+,0,+,+,-,0,-,0,0
ɽ̥ʷ,-,+,+,+,0,-,-,-,-,-,-,-,+,-,-,+,0,+,+,-,0,-,0,0
ɽʲʷ,-,+,+,+,0,-,-,-,+,-,-,-,+,-,-,+,0,+,+,-,0,-,0,0
ɽ̝ʷ,-,+,+,+,0,-,-,-,+,-,-,-,+,-,-,+,0,+,+,-,0,-,0,0
ɽ̠ʷ,-,+,+,+,0,-,-,-,+,-,-,-,+,-,-,+,0,+,+,-,0,-,0,0
ɽʷ,-,+,+,+,0,-,-,-,+,-,-,-,+,-,-,+,0,+,+,-,0,-,0,0
ɽ̠˔ʷ,-,+,+,+,0,-,-,-,+,-,-,-,+,-,-,+,0,+,+,-,0,-,0,0
ɽʷˠ,-,+,+,+,0,-,-,-,+,-,-,-,+,-,-,+,0,+,+,-,0,-,0,0
ɽʷː,-,+,+,+,0,-,-,-,+,-,-,-,+,-,-,+,0,+,+,-,0,+,0,0
ɽːʷ,-,+,+,+,0,-,-,-,+,-,-,-,+,-,-,+,0,+,+,-,0,+,0,0
r̥ʲ,-,+,+,+,0,-,-,-,-,-,-,+,+,-,-,+,0,-,-,-,0,-,0,0
ɾ̥ʲ,-,+,+,+,0,-,-,-,-,-,-,+,+,-,-,+,0,-,-,-,0,-,0,0
rʲ,-,+,+,+,0,-,-,-,+,-,-,+,+,-,-,+,0,-,-,-,0,-,0,0
ɾʲ,-,+,+,+,0,-,-,-,+,-,-,+,+,-,-,+,0,-,-,-,0,-,0,0
rʲː,-,+,+,+,0,-,-,-,+,-,-,+,+,-,-,+,0,-,-,-,0,+,0,0
ɾʲː,-,+,+,+,0,-,-,-,+,-,-,+,+,-,-,+,0,-,-,-,0,+,0,0
rːʲ,-,+,+,+,0,-,-,-,+,-,-,+,+,-,-,+,0,-,-,-,0,+,0,0
ɾːʲ,-,+,+,+,0,-,-,-,+,-,-,+,+,-,-,+,0,-,-,-,0,+,0,0
rᶣ,-,+,+,+,0,-,-,-,+,-,-,+,+,-,-,+,0,-,+,-,0,-,0,0
ɾᶣ,-,+,+,+,0,-,-,-,+,-,-,+,+,-,-,+,0,-,+,-,0,-,0,0
r̥ˠ,-,+,+,+,0,-,-,-,-,-,-,+,+,-,-,+,0,+,-,-,0,-,0,0
ɾ̥ˠ,-,+,+,+,0,-,-,-,-,-,-,+,+,-,-,+,0,+,-,-,0,-,0,0
rˠ,-,+,+,+,0,-,-,-,+,-,-,+,+,-,-,+,0,+,-,-,0,-,0,0
ɾˠ,-,+,+,+,0,-,-,-,+,-,-,+,+,-,-,+,0,+,-,-,0,-,0,0
rːˠ,-,+,+,+,0,-,-,-,+,-,-,+,+,-,-,+,0,+,-,-,0,+,0,0
ɾːˠ,-,+,+,+,0,-,-,-,+,-,-,+,+,-,-,+,0,+,-,-,0,+,0,0
r̠̊˔ʷ,-,+,+,+,0,-,-,-,-,-,-,+,+,-,-,+,0,+,+,-,0,-,0,0
ɾ̠̊˔ʷ,-,+,+,+,0,-,-,-,-,-,-,+,+,-,-,+,0,+,+,-,0,-,0,0
r̝̊ʷ,-,+,+,+,0,-,-,-,-,-,-,+,+,-,-,+,0,+,+,-,0,-,0,0
ɾ̝̊ʷ,-,+,+,+,0,-,-,-,-,-,-,+,+,-,-,+,0,+,+,-,0,-,0,0
r̥ʷ,-,+,+,+,0,-,-,-,-,-,-,+,+,-,-,+,0,+,+,-,0,-,0,0
ɾ̥ʷ,-,+,+,+,0,-,-,-,-,-,-,+,+,-,-,+,0,+,+,-,0,-,0,0
rʲʷ,-,+,+,+,0,-,-,-,+,-,-,+,+,-,-,+,0,+,+,-,0,-,0,0
ɾʲʷ,-,+,+,+,0,-,-,-,+,-,-,+,+,-,-,+,0,+,+,-,0,-,0,0
r̝ʷ,-,+,+,+,0,-,-,-,+,-,-,+,+,-,-,+,0,+,+,-,0,-,0,0
ɾ̝ʷ,-,+,+,+,0,-,-,-,+,-,-,+,+,-,-,+,0,+,+,-,0,-,0,0
r̠ʷ,-,+,+,+,0,-,-,-,+,-,-,+,+,-,-,+,0,+,+,-,0,-,0,0
ɾ̠ʷ,-,+,+,+,0,-,-,-,+,-,-,+,+,-,-,+,0,+,+,-,0,-,0,0
rʷ,-,+,+,+,0,-,-,-,+,-,-,+,+,-,-,+,0,+,+,-,0,-,0,0
ɾʷ,-,+,+,+,0,-,-,-,+,-,-,+,+,-,-,+,0,+,+,-,0,-,0,0
r̠˔ʷ,-,+,+,+,0,-,-,-,+,-,-,+,+,-,-,+,0,+,+,-,0,-,0,0
ɾ̠˔ʷ,-,+,+,+,0,-,-,-,+,-,-,+,+,-,-,+,0,+,+,-,0,-,0,0
rʷˠ,-,+,+,+,0,-,-,-,+,-,-,+,+,-,-,+,0,+,+,-,0,-,0,0
ɾʷˠ,-,+,+,+,0,-,-,-,+,-,-,+,+,-,-,+,0,+,+,-,0,-,0,0
rʷː,-,+,+,+,0,-,-,-,+,-,-,+,+,-,-,+,0,+,+,-,0,+,0,0
ɾʷː,-,+,+,+,0,-,-,-,+,-,-,+,+,-,-,+,0,+,+,-,0,+,0,0
rːʷ,-,+,+,+,0,-,-,-,+,-,-,+,+,-,-,+,0,+,+,-,0,+,0,0
ɾːʷ,-,+,+,+,0,-,-,-,+,-,-,+,+,-,-,+,0,+,+,-,0,+,0,0
ʙ̥ʲ,-,+,+,+,0,-,-,-,-,-,-,+,-,0,+,+,0,-,-,-,0,-,0,0
ʙʲ,-,+,+,+,0,-,-,-,+,-,-,+,-,0,+,+,0,-,-,-,0,-,0,0
ʙʲː,-,+,+,+,0,-,-,-,+,-,-,+,-,0,+,+,0,-,-,-,0,+,0,0
ʙːʲ,-,+,+,+,0,-,-,-,+,-,-,+,-,0,+,+,0,-,-,-,0,+,0,0
ʙ̥ˠ,-,+,+,+,0,-,-,-,-,-,-,+,-,0,+,+,0,+,-,-,0,-,0,0
ʙˠ,-,+,+,+,0,-,-,-,+,-,-,+,-,0,+,+,0,+,-,-,0,-,0,0
ʙːˠ,-,+,+,+,0,-,-,-,+,-,-,+,-,0,+,+,0,+,-,-,0,+,0,0
ʙ̠̊˔ʷ,-,+,+,+,0,-,-,-,-,-,-,+,-,0,+,+,0,+,+,-,0,-,0,0
ʙ̝̊ʷ,-,+,+,+,0,-,-,-,-,-,-,+,-,0,+,+,0,+,+,-,0,-,0,0
ʙ̥ʷ,-,+,+,+,0,-,-,-,-,-,-,+,-,0,+,+,0,+,+,-,0,-,0,0
ʙʲʷ,-,+,+,+,0,-,-,-,+,-,-,+,-,0,+,+,0,+,+,-,0,-,0,0
ʙ̝ʷ,-,+,+,+,0,-,-,-,+,-,-,+,-,0,+,+,0,+,+,-,0,-,0,0
ʙ̠ʷ,-,+,+,+,0,-,-,-,+,-,-,+,-,0,+,+,0,+,+,-,0,-,0,0
ʙʷ,-,+,+,+,0,-,-,-,+,-,-,+,-,0,+,+,0,+,+,-,0,-,0,0
ʙ̠˔ʷ,-,+,+,+,0,-,-,-,+,-,-,+,-,0,+,+,0,+,+,-,0,-,0,0
ʙʷˠ,-,+,+,+,0,-,-,-,+,-,-,+,-,0,+,+,0,+,+,-,0,-,0,0
ʙʷː,-,+,+,+,0,-,-,-,+,-,-,+,-,0,+,+,0,+,+,-,0,+,0,0
ʙːʷ,-,+,+,+,0,-,-,-,+,-,-,+,-,0,+,+,0,+,+,-,0,+,0,0
ʀ̥ʲ,-,+,+,+,0,-,-,-,-,-,-,-,-,0,-,+,-,-,-,-,0,-,0,0
ʀʲ,-,+,+,+,0,-,-,-,+,-,-,-,-,0,-,+,-,-,-,-,0,-,0,0
ʀʲː,-,+,+,+,0,-,-,-,+,-,-,-,-,0,-,+,-,-,-,-,0,+,0,0
ʀːʲ,-,+,+,+,0,-,-,-,+,-,-,-,-,0,-,+,-,-,-,-,0,+,0,0
ʀᶣ,-,+,+,+,0,-,-,-,+,-,-,-,-,0,-,+,-,-,+,-,0,-,0,0
ʀ̥ˠ,-,+,+,+,0,-,-,-,-,-,-,-,-,0,-,+,-,+,-,-,0,-,0,0
ʀˠ,-,+,+,+,0,-,-,-,+,-,-,-,-,0,-,+,-,+,-,-,0,-,0,0
ʀːˠ,-,+,+,+,0,-,-,-,+,-,-,-,-,0,-,+,-,+,-,-,0,+,0,0
ʀ̠̊˔ʷ,-,+,+,+,0,-,-,-,-,-,-,-,-,0,-,+,-,+,+,-,0,-,0,0
ʀ̝̊ʷ,-,+,+,+,0,-,-,-,-,-,-,-,-,0,-,+,-,+,+,-,0,-,0,0
ʀ̥ʷ,-,+,+,+,0,-,-,-,-,-,-,-,-,0,-,+,-,+,+,-,0,-,0,0
ʀʲʷ,-,+,+,+,0,-,-,-,+,-,-,-,-,0,-,+,-,+,+,-,0,-,0,0
ʀ̝ʷ,-,+,+,+,0,-,-,-,+,-,-,-,-,0,-,+,-,+,+,-,0,-,0,0
ʀ̠ʷ,-,+,+,+,0,-,-,-,+,-,-,-,-,0,-,+,-,+,+,-,0,-,0,0
ʀʷ,-,+,+,+,0,-,-,-,+,-,-,-,-,0,-,+,-,+,+,-,0,-,0,0
ʀ̠˔ʷ,-,+,+,+,0,-,-,-,+,-,-,-,-,0,-,+,-,+,+,-,0,-,0,0
ʀʷˠ,-,+,+,+,0,-,-,-,+,-,-,-,-,0,-,+,-,+,+,-,0,-,0,0
ʀʷː,-,+,+,+,0,-,-,-,+,-,-,-,-,0,-,+,-,+,+,-,0,+,0,0
ʀːʷ,-,+,+,+,0,-,-,-,+,-,-,-,-,0,-,+,-,+,+,-,0,+,0,0
ʀʷˤ,-,+,+,+,0,-,-,-,+,-,-,-,-,0,-,+,+,+,+,-,0,-,0,0
ɽʷˤ,-,+,+,+,0,-,-,-,+,-,-,-,+,-,-,+,+,+,+,-,0,-,0,0
rʷˤ,-,+,+,+,0,-,-,-,+,-,-,+,+,-,-,+,+,+,+,-,0,-,0,0
ɾʷˤ,-,+,+,+,0,-,-,-,+,-,-,+,+,-,-,+,+,+,+,-,0,-,0,0
ʙʷˤ,-,+,+,+,0,-,-,-,+,-,-,+,-,0,+,+,+,+,+,-,0,-,0,0
ɽ̰,-,+,+,+,0,-,-,-,+,-,+,-,+,-,-,0,0,0,-,-,0,-,0,0
ɽ̰ː,-,+,+,+,0,-,-,-,+,-,+,-,+,-,-,0,0,0,-,-,0,+,0,0
r̰,-,+,+,+,0,-,-,-,+,-,+,+,+,-,-,0,0,0,-,-,0,-,0,0
ɾ̰,-,+,+,+,0,-,-,-,+,-,+,+,+,-,-,0,0,0,-,-,0,-,0,0
r̰ː,-,+,+,+,0,-,-,-,+,-,+,+,+,-,-,0,0,0,-,-,0,+,0,0
ɾ̰ː,-,+,+,+,0,-,-,-,+,-,+,+,+,-,-,0,0,0,-,-,0,+,0,0
ʙ̰,-,+,+,+,0,-,-,-,+,-,+,+,-,0,+,0,0,0,-,-,0,-,0,0
ʙ̰ː,-,+,+,+,0,-,-,-,+,-,+,+,-,0,+,0,0,0,-,-,0,+,0,0
ɽ̰ˤ,-,+,+,+,0,-,-,-,+,-,+,-,+,-,-,0,+,+,-,-,0,-,0,0
r̰ˤ,-,+,+,+,0,-,-,-,+,-,+,+,+,-,-,0,+,+,-,-,0,-,0,0
ɾ̰ˤ,-,+,+,+,0,-,-,-,+,-,+,+,+,-,-,0,+,+,-,-,0,-,0,0
ʙ̰ˤ,-,+,+,+,0,-,-,-,+,-,+,+,-,0,+,0,+,+,-,-,0,-,0,0
ʀ̰,-,+,+,+,0,-,-,-,+,-,+,-,-,0,-,-,-,+,-,-,0,-,0,0
ʀ̰ː,-,+,+,+,0,-,-,-,+,-,+,-,-,0,-,-,-,+,-,-,0,+,0,0
ʀ̰ˤ,-,+,+,+,0,-,-,-,+,-,+,-,-,0,-,-,+,+,-,-,0,-,0,0
ɽ̰ʲ,-,+,+,+,0,-,-,-,+,-,+,-,+,-,-,+,0,-,-,-,0,-,0,0
ɽ̰ˠ,-,+,+,+,0,-,-,-,+,-,+,-,+,-,-,+,0,+,-,-,0,-,0,0
ɽ̰ʷ,-,+,+,+,0,-,-,-,+,-,+,-,+,-,-,+,0,+,+,-,0,-,0,0
r̰ʲ,-,+,+,+,0,-,-,-,+,-,+,+,+,-,-,+,0,-,-,-,0,-,0,0
ɾ̰ʲ,-,+,+,+,0,-,-,-,+,-,+,+,+,-,-,+,0,-,-,-,0,-,0,0
r̰ˠ,-,+,+,+,0,-,-,-,+,-,+,+,+,-,-,+,0,+,-,-,0,-,0,0
ɾ̰ˠ,-,+,+,+,0,-,-,-,+,-,+,+,+,-,-,+,0,+,-,-,0,-,0,0
r̰ʷ,-,+,+,+,0,-,-,-,+,-,+,+,+,-,-,+,0,+,+,-,0,-,0,0
ɾ̰ʷ,-,+,+,+,0,-,-,-,+,-,+,+,+,-,-,+,0,+,+,-,0,-,0,0
ʙ̰ʲ,-,+,+,+,0,-,-,-,+,-,+,+,-,0,+,+,0,-,-,-,0,-,0,0
ʙ̰ˠ,-,+,+,+,0,-,-,-,+,-,+,+,-,0,+,+,0,+,-,-,0,-,0,0
ʙ̰ʷ,-,+,+,+,0,-,-,-,+,-,+,+,-,0,+,+,0,+,+,-,0,-,0,0
ʀ̰ʲ,-,+,+,+,0,-,-,-,+,-,+,-,-,0,-,+,-,-,-,-,0,-,0,0
ʀ̰ˠ,-,+,+,+,0,-,-,-,+,-,+,-,-,0,-,+,-,+,-,-,0,-,0,0
ʀ̰ʷ,-,+,+,+,0,-,-,-,+,-,+,-,-,0,-,+,-,+,+,-,0,-,0,0
ɽ̤̥,-,+,+,+,0,-,-,-,-,+,-,-,+,-,-,0,0,0,-,-,0,-,0,0
ɽ̤,-,+,+,+,0,-,-,-,+,+,-,-,+,-,-,0,0,0,-,-,0,-,0,0
ɽ̠ʰ,-,+,+,+,0,-,-,-,+,+,-,-,+,-,-,0,0,0,-,-,0,-,0,0
ɽʰ,-,+,+,+,0,-,-,-,+,+,-,-,+,-,-,0,0,0,-,-,0,-,0,0
ɽʰː,-,+,+,+,0,-,-,-,+,+,-,-,+,-,-,0,0,0,-,-,0,+,0,0
ɽ̤ː,-,+,+,+,0,-,-,-,+,+,-,-,+,-,-,0,0,0,-,-,0,+,0,0
r̤̥,-,+,+,+,0,-,-,-,-,+,-,+,+,-,-,0,0,0,-,-,0,-,0,0
ɾ̤̥,-,+,+,+,0,-,-,-,-,+,-,+,+,-,-,0,0,0,-,-,0,-,0,0
r̤,-,+,+,+,0,-,-,-,+,+,-,+,+,-,-,0,0,0,-,-,0,-,0,0
ɾ̤,-,+,+,+,0,-,-,-,+,+,-,+,+,-,-,0,0,0,-,-,0,-,0,0
r̠ʰ,-,+,+,+,0,-,-,-,+,+,-,+,+,-,-,0,0,0,-,-,0,-,0,0
ɾ̠ʰ,-,+,+,+,0,-,-,-,+,+,-,+,+,-,-,0,0,0,-,-,0,-,0,0
rʰ,-,+,+,+,0,-,-,-,+,+,-,+,+,-,-,0,0,0,-,-,0,-,0,0
ɾʰ,-,+,+,+,0,-,-,-,+,+,-,+,+,-,-,0,0,0,-,-,0,-,0,0
rʰː,-,+,+,+,0,-,-,-,+,+,-,+,+,-,-,0,0,0,-,-,0,+,0,0
ɾʰː,-,+,+,+,0,-,-,-,+,+,-,+,+,-,-,0,0,0,-,-,0,+,0,0
r̤ː,-,+,+,+,0,-,-,-,+,+,-,+,+,-,-,0,0,0,-,-,0,+,0,0
ɾ̤ː,-,+,+,+,0,-,-,-,+,+,-,+,+,-,-,0,0,0,-,-,0,+,0,0
ʙ̤̥,-,+,+,+,0,-,-,-,-,+,-,+,-,0,+,0,0,0,-,-,0,-,0,0
ʙ̤,-,+,+,+,0,-,-,-,+,+,-,+,-,0,+,0,0,0,-,-,0,-,0,0
ʙ̠ʰ,-,+,+,+,0,-,-,-,+,+,-,+,-,0,+,0,0,0,-,-,0,-,0,0
ʙʰ,-,+,+,+,0,-,-,-,+,+,-,+,-,0,+,0,0,0,-,-,0,-,0,0
ʙʰː,-,+,+,+,0,-,-,-,+,+,-,+,-,0,+,0,0,0,-,-,0,+,0,0
ʙ̤ː,-,+,+,+,0,-,-,-,+,+,-,+,-,0,+,0,0,0,-,-,0,+,0,0
ɽʰˤ,-,+,+,+,0,-,-,-,+,+,-,-,+,-,-,0,+,+,-,-,0,-,0,0
ɽˤʰ,-,+,+,+,0,-,-,-,+,+,-,-,+,-,-,0,+,+,-,-,0,-,0,0
ɽ̤ˤ,-,+,+,+,0,-,-,-,+,+,-,-,+,-,-,0,+,+,-,-,0,-,0,0
rʰˤ,-,+,+,+,0,-,-,-,+,+,-,+,+,-,-,0,+,+,-,-,0,-,0,0
ɾʰˤ,-,+,+,+,0,-,-,-,+,+,-,+,+,-,-,0,+,+,-,-,0,-,0,0
rˤʰ,-,+,+,+,0,-,-,-,+,+,-,+,+,-,-,0,+,+,-,-,0,-,0,0
ɾˤʰ,-,+,+,+,0,-,-,-,+,+,-,+,+,-,-,0,+,+,-,-,0,-,0,0
r̤ˤ,-,+,+,+,0,-,-,-,+,+,-,+,+,-,-,0,+,+,-,-,0,-,0,0
ɾ̤ˤ,-,+,+,+,0,-,-,-,+,+,-,+,+,-,-,0,+,+,-,-,0,-,0,0
ʙʰˤ,-,+,+,+,0,-,-,-,+,+,-,+,-,0,+,0,+,+,-,-,0,-,0,0
ʙˤʰ,-,+,+,+,0,-,-,-,+,+,-,+,-,0,+,0,+,+,-,-,0,-,0,0
ʙ̤ˤ,-,+,+,+,0,-,-,-,+,+,-,+,-,0,+,0,+,+,-,-,0,-,0,0
ʀ̤̥,-,+,+,+,0,-,-,-,-,+,-,-,-,0,-,-,-,+,-,-,0,-,0,0
ʀ̤,-,+,+,+,0,-,-,-,+,+,-,-,-,0,-,-,-,+,-,-,0,-,0,0
ʀ̠ʰ,-,+,+,+,0,-,-,-,+,+,-,-,-,0,-,-,-,+,-,-,0,-,0,0
ʀʰ,-,+,+,+,0,-,-,-,+,+,-,-,-,0,-,-,-,+,-,-,0,-,0,0
ʀʰː,-,+,+,+,0,-,-,-,+,+,-,-,-,0,-,-,-,+,-,-,0,+,0,0
ʀ̤ː,-,+,+,+,0,-,-,-,+,+,-,-,-,0,-,-,-,+,-,-,0,+,0,0
ʀʰˤ,-,+,+,+,0,-,-,-,+,+,-,-,-,0,-,-,+,+,-,-,0,-,0,0
ʀˤʰ,-,+,+,+,0,-,-,-,+,+,-,-,-,0,-,-,+,+,-,-,0,-,0,0
ʀ̤ˤ,-,+,+,+,0,-,-,-,+,+,-,-,-,0,-,-,+,+,-,-,0,-,0,0
ɽʰʲ,-,+,+,+,0,-,-,-,+,+,-,-,+,-,-,+,0,-,-,-,0,-,0,0
ɽʲʰ,-,+,+,+,0,-,-,-,+,+,-,-,+,-,-,+,0,-,-,-,0,-,0,0
ɽ̤ʲ,-,+,+,+,0,-,-,-,+,+,-,-,+,-,-,+,0,-,-,-,0,-,0,0
ɽʰᶣ,-,+,+,+,0,-,-,-,+,+,-,-,+,-,-,+,0,-,+,-,0,-,0,0
ɽʰˠ,-,+,+,+,0,-,-,-,+,+,-,-,+,-,-,+,0,+,-,-,0,-,0,0
ɽ̤ˠ,-,+,+,+,0,-,-,-,+,+,-,-,+,-,-,+,0,+,-,-,0,-,0,0
ɽʰʷ,-,+,+,+,0,-,-,-,+,+,-,-,+,-,-,+,0,+,+,-,0,-,0,0
ɽʲʷʰ,-,+,+,+,0,-,-,-,+,+,-,-,+,-,-,+,0,+,+,-,0,-,0,0
ɽ̤ʷ,-,+,+,+,0,-,-,-,+,+,-,-,+,-,-,+,0,+,+,-,0,-,0,0
ɽʷʰ,-,+,+,+,0,-,-,-,+,+,-,-,+,-,-,+,0,+,+,-,0,-,0,0
ɽʷˠʰ,-,+,+,+,0,-,-,-,+,+,-,-,+,-,-,+,0,+,+,-,0,-,0,0
ɽʷʰː,-,+,+,+,0,-,-,-,+,+,-,-,+,-,-,+,0,+,+,-,0,+,0,0
rʰʲ,-,+,+,+,0,-,-,-,+,+,-,+,+,-,-,+,0,-,-,-,0,-,0,0
ɾʰʲ,-,+,+,+,0,-,-,-,+,+,-,+,+,-,-,+,0,-,-,-,0,-,0,0
rʲʰ,-,+,+,+,0,-,-,-,+,+,-,+,+,-,-,+,0,-,-,-,0,-,0,0
ɾʲʰ,-,+,+,+,0,-,-,-,+,+,-,+,+,-,-,+,0,-,-,-,0,-,0,0
r̤ʲ,-,+,+,+,0,-,-,-,+,+,-,+,+,-,-,+,0,-,-,-,0,-,0,0
ɾ̤ʲ,-,+,+,+,0,-,-,-,+,+,-,+,+,-,-,+,0,-,-,-,0,-,0,0
rʰᶣ,-,+,+,+,0,-,-,-,+,+,-,+,+,-,-,+,0,-,+,-,0,-,0,0
ɾʰᶣ,-,+,+,+,0,-,-,-,+,+,-,+,+,-,-,+,0,-,+,-,0,-,0,0
rʰˠ,-,+,+,+,0,-,-,-,+,+,-,+,+,-,-,+,0,+,-,-,0,-,0,0
ɾʰˠ,-,+,+,+,0,-,-,-,+,+,-,+,+,-,-,+,0,+,-,-,0,-,0,0
r̤ˠ,-,+,+,+,0,-,-,-,+,+,-,+,+,-,-,+,0,+,-,-,0,-,0,0
ɾ̤ˠ,-,+,+,+,0,-,-,-,+,+,-,+,+,-,-,+,0,+,-,-,0,-,0,0
rʰʷ,-,+,+,+,0,-,-,-,+,+,-,+,+,-,-,+,0,+,+,-,0,-,0,0
ɾʰʷ,-,+,+,+,0,-,-,-,+,+,-,+,+,-,-,+,0,+,+,-,0,-,0,0
rʲʷʰ,-,+,+,+,0,-,-,-,+,+,-,+,+,-,-,+,0,+,+,-,0,-,0,0
ɾʲʷʰ,-,+,+,+,0,-,-,-,+,+,-,+,+,-,-,+,0,+,+,-,0,-,0,0
r̤ʷ,-,+,+,+,0,-,-,-,+,+,-,+,+,-,-,+,0,+,+,-,0,-,0,0
ɾ̤ʷ,-,+,+,+,0,-,-,-,+,+,-,+,+,-,-,+,0,+,+,-,0,-,0,0
rʷʰ,-,+,+,+,0,-,-,-,+,+,-,+,+,-,-,+,0,+,+,-,0,-,0,0
ɾʷʰ,-,+,+,+,0,-,-,-,+,+,-,+,+,-,-,+,0,+,+,-,0,-,0,0
rʷˠʰ,-,+,+,+,0,-,-,-,+,+,-,+,+,-,-,+,0,+,+,-,0,-,0,0
ɾʷˠʰ,-,+,+,+,0,-,-,-,+,+,-,+,+,-,-,+,0,+,+,-,0,-,0,0
rʷʰː,-,+,+,+,0,-,-,-,+,+,-,+,+,-,-,+,0,+,+,-,0,+,0,0
ɾʷʰː,-,+,+,+,0,-,-,-,+,+,-,+,+,-,-,+,0,+,+,-,0,+,0,0
ʙʰʲ,-,+,+,+,0,-,-,-,+,+,-,+,-,0,+,+,0,-,-,-,0,-,0,0
ʙʲʰ,-,+,+,+,0,-,-,-,+,+,-,+,-,0,+,+,0,-,-,-,0,-,0,0
ʙ̤ʲ,-,+,+,+,0,-,-,-,+,+,-,+,-,0,+,+,0,-,-,-,0,-,0,0
ʙʰˠ,-,+,+,+,0,-,-,-,+,+,-,+,-,0,+,+,0,+,-,-,0,-,0,0
ʙ̤ˠ,-,+,+,+,0,-,-,-,+,+,-,+,-,0,+,+,0,+,-,-,0,-,0,0
ʙʰʷ,-,+,+,+,0,-,-,-,+,+,-,+,-,0,+,+,0,+,+,-,0,-,0,0
ʙʲʷʰ,-,+,+,+,0,-,-,-,+,+,-,+,-,0,+,+,0,+,+,-,0,-,0,0
ʙ̤ʷ,-,+,+,+,0,-,-,-,+,+,-,+,-,0,+,+,0,+,+,-,0,-,0,0
ʙʷʰ,-,+,+,+,0,-,-,-,+,+,-,+,-,0,+,+,0,+,+,-,0,-,0,0
ʙʷˠʰ,-,+,+,+,0,-,-,-,+,+,-,+,-,0,+,+,0,+,+,-,0,-,0,0
ʙʷʰː,-,+,+,+,0,-,-,-,+,+,-,+,-,0,+,+,0,+,+,-,0,+,0,0
ʀʰʲ,-,+,+,+,0,-,-,-,+,+,-,-,-,0,-,+,-,-,-,-,0,-,0,0
ʀʲʰ,-,+,+,+,0,-,-,-,+,+,-,-,-,0,-,+,-,-,-,-,0,-,0,0
ʀ̤ʲ,-,+,+,+,0,-,-,-,+,+,-,-,-,0,-,+,-,-,-,-,0,-,0,0
ʀʰᶣ,-,+,+,+,0,-,-,-,+,+,-,-,-,0,-,+,-,-,+,-,0,-,0,0
ʀʰˠ,-,+,+,+,0,-,-,-,+,+,-,-,-,0,-,+,-,+,-,-,0,-,0,0
ʀ̤ˠ,-,+,+,+,0,-,-,-,+,+,-,-,-,0,-,+,-,+,-,-,0,-,0,0
ʀʰʷ,-,+,+,+,0,-,-,-,+,+,-,-,-,0,-,+,-,+,+,-,0,-,0,0
ʀʲʷʰ,-,+,+,+,0,-,-,-,+,+,-,-,-,0,-,+,-,+,+,-,0,-,0,0
ʀ̤ʷ,-,+,+,+,0,-,-,-,+,+,-,-,-,0,-,+,-,+,+,-,0,-,0,0
ʀʷʰ,-,+,+,+,0,-,-,-,+,+,-,-,-,0,-,+,-,+,+,-,0,-,0,0
ʀʷˠʰ,-,+,+,+,0,-,-,-,+,+,-,-,-,0,-,+,-,+,+,-,0,-,0,0
ʀʷʰː,-,+,+,+,0,-,-,-,+,+,-,-,-,0,-,+,-,+,+,-,0,+,0,0
ʀʷˤʰ,-,+,+,+,0,-,-,-,+,+,-,-,-,0,-,+,+,+,+,-,0,-,0,0
ɽʷˤʰ,-,+,+,+,0,-,-,-,+,+,-,-,+,-,-,+,+,+,+,-,0,-,0,0
rʷˤʰ,-,+,+,+,0,-,-,-,+,+,-,+,+,-,-,+,+,+,+,-,0,-,0,0
ɾʷˤʰ,-,+,+,+,0,-,-,-,+,+,-,+,+,-,-,+,+,+,+,-,0,-,0,0
ʙʷˤʰ,-,+,+,+,0,-,-,-,+,+,-,+,-,0,+,+,+,+,+,-,0,-,0,0
ɭ̠̊,-,+,+,+,0,+,-,-,-,-,-,-,+,-,-,0,0,0,-,-,0,-,0,0
ɭ̠̊˔,-,+,+,+,0,+,-,-,-,-,-,-,+,-,-,0,0,0,-,-,0,-,0,0
ɭ̝̊,-,+,+,+,0,+,-,-,-,-,-,-,+,-,-,0,0,0,-,-,0,-,0,0
ɭ̥,-,+,+,+,0,+,-,-,-,-,-,-,+,-,-,0,0,0,-,-,0,-,0,0
ɭ̊,-,+,+,+,0,+,-,-,-,-,-,-,+,-,-,0,0,0,-,-,0,-,0,0
ɭ̟,-,+,+,+,0,+,-,-,+,-,-,-,+,-,-,0,0,0,-,-,0,-,0,0
ɭ̠,-,+,+,+,0,+,-,-,+,-,-,-,+,-,-,0,0,0,-,-,0,-,0,0
ɭ̝,-,+,+,+,0,+,-,-,+,-,-,-,+,-,-,0,0,0,-,-,0,-,0,0
ɭ˔,-,+,+,+,0,+,-,-,+,-,-,-,+,-,-,0,0,0,-,-,0,-,0,0
ɭ̞,-,+,+,+,0,+,-,-,+,-,-,-,+,-,-,0,0,0,-,-,0,-,0,0
ɭ,-,+,+,+,0,+,-,-,+,-,-,-,+,-,-,0,0,0,-,-,0,-,0,0
ɭ̺,-,+,+,+,0,+,-,-,+,-,-,-,+,-,-,0,0,0,-,-,0,-,0,0
ɭ̥ː,-,+,+,+,0,+,-,-,-,-,-,-,+,-,-,0,0,0,-,-,0,+,0,0
ɭ̟ː,-,+,+,+,0,+,-,-,+,-,-,-,+,-,-,0,0,0,-,-,0,+,0,0
ɭː,-,+,+,+,0,+,-,-,+,-,-,-,+,-,-,0,0,0,-,-,0,+,0,0
ɭ̝ː,-,+,+,+,0,+,-,-,+,-,-,-,+,-,-,0,0,0,-,-,0,+,0,0
ɭˑ,-,+,+,+,0,+,-,-,+,-,-,-,+,-,-,0,0,0,-,-,0,+,0,0
ɭ̞ː,-,+,+,+,0,+,-,-,+,-,-,-,+,-,-,0,0,0,-,-,0,+,0,0
ɭ̻,-,+,+,+,0,+,-,-,+,-,-,-,+,+,-,0,0,0,-,-,0,-,0,0
ɭ̻̝ː,-,+,+,+,0,+,-,-,+,-,-,-,+,+,-,0,0,0,-,-,0,+,0,0
ɺ̠̊,-,+,+,+,0,+,-,-,-,-,-,+,+,-,-,0,0,0,-,-,0,-,0,0
ɺ̠̊˔,-,+,+,+,0,+,-,-,-,-,-,+,+,-,-,0,0,0,-,-,0,-,0,0
ɺ̝̊,-,+,+,+,0,+,-,-,-,-,-,+,+,-,-,0,0,0,-,-,0,-,0,0
ɺ̥,-,+,+,+,0,+,-,-,-,-,-,+,+,-,-,0,0,0,-,-,0,-,0,0
ɺ̊,-,+,+,+,0,+,-,-,-,-,-,+,+,-,-,0,0,0,-,-,0,-,0,0
ɺ̟,-,+,+,+,0,+,-,-,+,-,-,+,+,-,-,0,0,0,-,-,0,-,0,0
ɺ̠,-,+,+,+,0,+,-,-,+,-,-,+,+,-,-,0,0,0,-,-,0,-,0,0
ɺ̝,-,+,+,+,0,+,-,-,+,-,-,+,+,-,-,0,0,0,-,-,0,-,0,0
ɺ˔,-,+,+,+,0,+,-,-,+,-,-,+,+,-,-,0,0,0,-,-,0,-,0,0
ɺ̞,-,+,+,+,0,+,-,-,+,-,-,+,+,-,-,0,0,0,-,-,0,-,0,0
ɺ,-,+,+,+,0,+,-,-,+,-,-,+,+,-,-,0,0,0,-,-,0,-,0,0
ɺ̺,-,+,+,+,0,+,-,-,+,-,-,+,+,-,-,0,0,0,-,-,0,-,0,0
ɺ̥ː,-,+,+,+,0,+,-,-,-,-,-,+,+,-,-,0,0,0,-,-,0,+,0,0
ɺ̟ː,-,+,+,+,0,+,-,-,+,-,-,+,+,-,-,0,0,0,-,-,0,+,0,0
ɺː,-,+,+,+,0,+,-,-,+,-,-,+,+,-,-,0,0,0,-,-,0,+,0,0
ɺ̝ː,-,+,+,+,0,+,-,-,+,-,-,+,+,-,-,0,0,0,-,-,0,+,0,0
ɺˑ,-,+,+,+,0,+,-,-,+,-,-,+,+,-,-,0,0,0,-,-,0,+,0,0
ɺ̞ː,-,+,+,+,0,+,-,-,+,-,-,+,+,-,-,0,0,0,-,-,0,+,0,0
ɺ̪̊,-,+,+,+,0,+,-,-,-,-,-,+,+,+,-,0,0,0,-,-,0,-,0,0
ɺ̪,-,+,+,+,0,+,-,-,+,-,-,+,+,+,-,0,0,0,-,-,0,-,0,0
ɺ̻,-,+,+,+,0,+,-,-,+,-,-,+,+,+,-,0,0,0,-,-,0,-,0,0
ɺ̻̝ː,-,+,+,+,0,+,-,-,+,-,-,+,+,+,-,0,0,0,-,-,0,+,0,0
ɭ̥ˤ,-,+,+,+,0,+,-,-,-,-,-,-,+,-,-,0,+,+,-,-,0,-,0,0
ɭˤ,-,+,+,+,0,+,-,-,+,-,-,-,+,-,-,0,+,+,-,-,0,-,0,0
ɭˤː,-,+,+,+,0,+,-,-,+,-,-,-,+,-,-,0,+,+,-,-,0,+,0,0
ɭːˤ,-,+,+,+,0,+,-,-,+,-,-,-,+,-,-,0,+,+,-,-,0,+,0,0
ɺ̥ˤ,-,+,+,+,0,+,-,-,-,-,-,+,+,-,-,0,+,+,-,-,0,-,0,0
ɺˤ,-,+,+,+,0,+,-,-,+,-,-,+,+,-,-,0,+,+,-,-,0,-,0,0
ɺˤː,-,+,+,+,0,+,-,-,+,-,-,+,+,-,-,0,+,+,-,-,0,+,0,0
ɺːˤ,-,+,+,+,0,+,-,-,+,-,-,+,+,-,-,0,+,+,-,-,0,+,0,0
ɫ̠̊,-,+,+,+,0,+,-,-,-,-,-,+,+,-,-,-,-,+,-,-,0,-,0,0
ɫ̠̊˔,-,+,+,+,0,+,-,-,-,-,-,+,+,-,-,-,-,+,-,-,0,-,0,0
ɫ̝̊,-,+,+,+,0,+,-,-,-,-,-,+,+,-,-,-,-,+,-,-,0,-,0,0
ɫ̥,-,+,+,+,0,+,-,-,-,-,-,+,+,-,-,-,-,+,-,-,0,-,0,0
ɫ̊,-,+,+,+,0,+,-,-,-,-,-,+,+,-,-,-,-,+,-,-,0,-,0,0
ɫ̟,-,+,+,+,0,+,-,-,+,-,-,+,+,-,-,-,-,+,-,-,0,-,0,0
ɫ̠,-,+,+,+,0,+,-,-,+,-,-,+,+,-,-,-,-,+,-,-,0,-,0,0
ɫ̝,-,+,+,+,0,+,-,-,+,-,-,+,+,-,-,-,-,+,-,-,0,-,0,0
ɫ˔,-,+,+,+,0,+,-,-,+,-,-,+,+,-,-,-,-,+,-,-,0,-,0,0
ɫ̞,-,+,+,+,0,+,-,-,+,-,-,+,+,-,-,-,-,+,-,-,0,-,0,0
ɫ,-,+,+,+,0,+,-,-,+,-,-,+,+,-,-,-,-,+,-,-,0,-,0,0
ɫ̺,-,+,+,+,0,+,-,-,+,-,-,+,+,-,-,-,-,+,-,-,0,-,0,0
ɫ̥ː,-,+,+,+,0,+,-,-,-,-,-,+,+,-,-,-,-,+,-,-,0,+,0,0
ɫ̟ː,-,+,+,+,0,+,-,-,+,-,-,+,+,-,-,-,-,+,-,-,0,+,0,0
ɫː,-,+,+,+,0,+,-,-,+,-,-,+,+,-,-,-,-,+,-,-,0,+,0,0
ɫ̝ː,-,+,+,+,0,+,-,-,+,-,-,+,+,-,-,-,-,+,-,-,0,+,0,0
ɫˑ,-,+,+,+,0,+,-,-,+,-,-,+,+,-,-,-,-,+,-,-,0,+,0,0
ɫ̞ː,-,+,+,+,0,+,-,-,+,-,-,+,+,-,-,-,-,+,-,-,0,+,0,0
ɫ̪̊,-,+,+,+,0,+,-,-,-,-,-,+,+,+,-,-,-,+,-,-,0,-,0,0
ɫ̪,-,+,+,+,0,+,-,-,+,-,-,+,+,+,-,-,-,+,-,-,0,-,0,0
ɫ̻,-,+,+,+,0,+,-,-,+,-,-,+,+,+,-,-,-,+,-,-,0,-,0,0
ɫ̻̝ː,-,+,+,+,0,+,-,-,+,-,-,+,+,+,-,-,-,+,-,-,0,+,0,0
ɫ̥ˤ,-,+,+,+,0,+,-,-,-,-,-,+,+,-,-,-,+,+,-,-,0,-,0,0
ɫˤ,-,+,+,+,0,+,-,-,+,-,-,+,+,-,-,-,+,+,-,-,0,-,0,0
ɫˤː,-,+,+,+,0,+,-,-,+,-,-,+,+,-,-,-,+,+,-,-,0,+,0,0
ɫːˤ,-,+,+,+,0,+,-,-,+,-,-,+,+,-,-,-,+,+,-,-,0,+,0,0
ɭ̥ʲ,-,+,+,+,0,+,-,-,-,-,-,-,+,-,-,+,0,-,-,-,0,-,0,0
ɭʲ,-,+,+,+,0,+,-,-,+,-,-,-,+,-,-,+,0,-,-,-,0,-,0,0
ɭʲː,-,+,+,+,0,+,-,-,+,-,-,-,+,-,-,+,0,-,-,-,0,+,0,0
ɭːʲ,-,+,+,+,0,+,-,-,+,-,-,-,+,-,-,+,0,-,-,-,0,+,0,0
ɭᶣ,-,+,+,+,0,+,-,-,+,-,-,-,+,-,-,+,0,-,+,-,0,-,0,0
ɭ̥ˠ,-,+,+,+,0,+,-,-,-,-,-,-,+,-,-,+,0,+,-,-,0,-,0,0
ɭˠ,-,+,+,+,0,+,-,-,+,-,-,-,+,-,-,+,0,+,-,-,0,-,0,0
ɭːˠ,-,+,+,+,0,+,-,-,+,-,-,-,+,-,-,+,0,+,-,-,0,+,0,0
ɭ̠̊˔ʷ,-,+,+,+,0,+,-,-,-,-,-,-,+,-,-,+,0,+,+,-,0,-,0,0
ɭ̝̊ʷ,-,+,+,+,0,+,-,-,-,-,-,-,+,-,-,+,0,+,+,-,0,-,0,0
ɭ̥ʷ,-,+,+,+,0,+,-,-,-,-,-,-,+,-,-,+,0,+,+,-,0,-,0,0
ɭʲʷ,-,+,+,+,0,+,-,-,+,-,-,-,+,-,-,+,0,+,+,-,0,-,0,0
ɭ̝ʷ,-,+,+,+,0,+,-,-,+,-,-,-,+,-,-,+,0,+,+,-,0,-,0,0
ɭ̠ʷ,-,+,+,+,0,+,-,-,+,-,-,-,+,-,-,+,0,+,+,-,0,-,0,0
ɭʷ,-,+,+,+,0,+,-,-,+,-,-,-,+,-,-,+,0,+,+,-,0,-,0,0
ɭ̠˔ʷ,-,+,+,+,0,+,-,-,+,-,-,-,+,-,-,+,0,+,+,-,0,-,0,0
ɭʷˠ,-,+,+,+,0,+,-,-,+,-,-,-,+,-,-,+,0,+,+,-,0,-,0,0
ɭʷː,-,+,+,+,0,+,-,-,+,-,-,-,+,-,-,+,0,+,+,-,0,+,0,0
ɭːʷ,-,+,+,+,0,+,-,-,+,-,-,-,+,-,-,+,0,+,+,-,0,+,0,0
ɺ̥ʲ,-,+,+,+,0,+,-,-,-,-,-,+,+,-,-,+,0,-,-,-,0,-,0,0
ɺʲ,-,+,+,+,0,+,-,-,+,-,-,+,+,-,-,+,0,-,-,-,0,-,0,0
ɺʲː,-,+,+,+,0,+,-,-,+,-,-,+,+,-,-,+,0,-,-,-,0,+,0,0
ɺːʲ,-,+,+,+,0,+,-,-,+,-,-,+,+,-,-,+,0,-,-,-,0,+,0,0
ɺᶣ,-,+,+,+,0,+,-,-,+,-,-,+,+,-,-,+,0,-,+,-,0,-,0,0
ɺ̥ˠ,-,+,+,+,0,+,-,-,-,-,-,+,+,-,-,+,0,+,-,-,0,-,0,0
ɺˠ,-,+,+,+,0,+,-,-,+,-,-,+,+,-,-,+,0,+,-,-,0,-,0,0
ɺːˠ,-,+,+,+,0,+,-,-,+,-,-,+,+,-,-,+,0,+,-,-,0,+,0,0
ɺ̠̊˔ʷ,-,+,+,+,0,+,-,-,-,-,-,+,+,-,-,+,0,+,+,-,0,-,0,0
ɺ̝̊ʷ,-,+,+,+,0,+,-,-,-,-,-,+,+,-,-,+,0,+,+,-,0,-,0,0
ɺ̥ʷ,-,+,+,+,0,+,-,-,-,-,-,+,+,-,-,+,0,+,+,-,0,-,0,0
ɺʲʷ,-,+,+,+,0,+,-,-,+,-,-,+,+,-,-,+,0,+,+,-,0,-,0,0
ɺ̝ʷ,-,+,+,+,0,+,-,-,+,-,-,+,+,-,-,+,0,+,+,-,0,-,0,0
ɺ̠ʷ,-,+,+,+,0,+,-,-,+,-,-,+,+,-,-,+,0,+,+,-,0,-,0,0
ɺʷ,-,+,+,+,0,+,-,-,+,-,-,+,+,-,-,+,0,+,+,-,0,-,0,0
ɺ̠˔ʷ,-,+,+,+,0,+,-,-,+,-,-,+,+,-,-,+,0,+,+,-,0,-,0,0
ɺʷˠ,-,+,+,+,0,+,-,-,+,-,-,+,+,-,-,+,0,+,+,-,0,-,0,0
ɺʷː,-,+,+,+,0,+,-,-,+,-,-,+,+,-,-,+,0,+,+,-,0,+,0,0
ɺːʷ,-,+,+,+,0,+,-,-,+,-,-,+,+,-,-,+,0,+,+,-,0,+,0,0
ʟ̥ʲ,-,+,+,+,0,+,-,-,-,-,-,-,-,0,-,+,-,-,-,-,0,-,0,0
ʟʲ,-,+,+,+,0,+,-,-,+,-,-,-,-,0,-,+,-,-,-,-,0,-,0,0
ʟʲː,-,+,+,+,0,+,-,-,+,-,-,-,-,0,-,+,-,-,-,-,0,+,0,0
ʟːʲ,-,+,+,+,0,+,-,-,+,-,-,-,-,0,-,+,-,-,-,-,0,+,0,0
ʟᶣ,-,+,+,+,0,+,-,-,+,-,-,-,-,0,-,+,-,-,+,-,0,-,0,0
ʟ̠̊,-,+,+,+,0,+,-,-,-,-,-,-,-,0,-,+,-,+,-,-,0,-,0,0
ʟ̠̊˔,-,+,+,+,0,+,-,-,-,-,-,-,-,0,-,+,-,+,-,-,0,-,0,0
ʟ̝̊,-,+,+,+,0,+,-,-,-,-,-,-,-,0,-,+,-,+,-,-,0,-,0,0
ʟ̥,-,+,+,+,0,+,-,-,-,-,-,-,-,0,-,+,-,+,-,-,0,-,0,0
ʟ̊,-,+,+,+,0,+,-,-,-,-,-,-,-,0,-,+,-,+,-,-,0,-,0,0
ʟ̥ˠ,-,+,+,+,0,+,-,-,-,-,-,-,-,0,-,+,-,+,-,-,0,-,0,0
ʟ̟,-,+,+,+,0,+,-,-,+,-,-,-,-,0,-,+,-,+,-,-,0,-,0,0
ʟ̠,-,+,+,+,0,+,-,-,+,-,-,-,-,0,-,+,-,+,-,-,0,-,0,0
ʟ̝,-,+,+,+,0,+,-,-,+,-,-,-,-,0,-,+,-,+,-,-,0,-,0,0
ʟ˔,-,+,+,+,0,+,-,-,+,-,-,-,-,0,-,+,-,+,-,-,0,-,0,0
ʟ̞,-,+,+,+,0,+,-,-,+,-,-,-,-,0,-,+,-,+,-,-,0,-,0,0
ʟ,-,+,+,+,0,+,-,-,+,-,-,-,-,0,-,+,-,+,-,-,0,-,0,0
ʟ̥ː,-,+,+,+,0,+,-,-,-,-,-,-,-,0,-,+,-,+,-,-,0,+,0,0
ʟ̟ː,-,+,+,+,0,+,-,-,+,-,-,-,-,0,-,+,-,+,-,-,0,+,0,0
ʟː,-,+,+,+,0,+,-,-,+,-,-,-,-,0,-,+,-,+,-,-,0,+,0,0
ʟ̝ː,-,+,+,+,0,+,-,-,+,-,-,-,-,0,-,+,-,+,-,-,0,+,0,0
ʟˑ,-,+,+,+,0,+,-,-,+,-,-,-,-,0,-,+,-,+,-,-,0,+,0,0
ʟ̞ː,-,+,+,+,0,+,-,-,+,-,-,-,-,0,-,+,-,+,-,-,0,+,0,0
ʟːˠ,-,+,+,+,0,+,-,-,+,-,-,-,-,0,-,+,-,+,-,-,0,+,0,0
ʟ̠̊˔ʷ,-,+,+,+,0,+,-,-,-,-,-,-,-,0,-,+,-,+,+,-,0,-,0,0
ʟ̝̊ʷ,-,+,+,+,0,+,-,-,-,-,-,-,-,0,-,+,-,+,+,-,0,-,0,0
ʟ̥ʷ,-,+,+,+,0,+,-,-,-,-,-,-,-,0,-,+,-,+,+,-,0,-,0,0
ʟʲʷ,-,+,+,+,0,+,-,-,+,-,-,-,-,0,-,+,-,+,+,-,0,-,0,0
ʟ̝ʷ,-,+,+,+,0,+,-,-,+,-,-,-,-,0,-,+,-,+,+,-,0,-,0,0
ʟ̠ʷ,-,+,+,+,0,+,-,-,+,-,-,-,-,0,-,+,-,+,+,-,0,-,0,0
ʟʷ,-,+,+,+,0,+,-,-,+,-,-,-,-,0,-,+,-,+,+,-,0,-,0,0
ʟ̠˔ʷ,-,+,+,+,0,+,-,-,+,-,-,-,-,0,-,+,-,+,+,-,0,-,0,0
ʟʷˠ,-,+,+,+,0,+,-,-,+,-,-,-,-,0,-,+,-,+,+,-,0,-,0,0
ʟʷː,-,+,+,+,0,+,-,-,+,-,-,-,-,0,-,+,-,+,+,-,0,+,0,0
ʟːʷ,-,+,+,+,0,+,-,-,+,-,-,-,-,0,-,+,-,+,+,-,0,+,0,0
ʎ̺,-,+,+,+,0,+,-,-,+,-,-,-,+,-,-,+,-,-,-,-,0,-,0,0
ʎ̠̊,-,+,+,+,0,+,-,-,-,-,-,-,+,+,-,+,-,-,-,-,0,-,0,0
ʎ̠̊˔,-,+,+,+,0,+,-,-,-,-,-,-,+,+,-,+,-,-,-,-,0,-,0,0
ʎ̝̊,-,+,+,+,0,+,-,-,-,-,-,-,+,+,-,+,-,-,-,-,0,-,0,0
ʎ̥,-,+,+,+,0,+,-,-,-,-,-,-,+,+,-,+,-,-,-,-,0,-,0,0
ʎ̊,-,+,+,+,0,+,-,-,-,-,-,-,+,+,-,+,-,-,-,-,0,-,0,0
ʎ̥ʲ,-,+,+,+,0,+,-,-,-,-,-,-,+,+,-,+,-,-,-,-,0,-,0,0
ʎ̟,-,+,+,+,0,+,-,-,+,-,-,-,+,+,-,+,-,-,-,-,0,-,0,0
ʎ̠,-,+,+,+,0,+,-,-,+,-,-,-,+,+,-,+,-,-,-,-,0,-,0,0
ʎʲ,-,+,+,+,0,+,-,-,+,-,-,-,+,+,-,+,-,-,-,-,0,-,0,0
ʎ̝,-,+,+,+,0,+,-,-,+,-,-,-,+,+,-,+,-,-,-,-,0,-,0,0
ʎ˔,-,+,+,+,0,+,-,-,+,-,-,-,+,+,-,+,-,-,-,-,0,-,0,0
ʎ̞,-,+,+,+,0,+,-,-,+,-,-,-,+,+,-,+,-,-,-,-,0,-,0,0
ʎ,-,+,+,+,0,+,-,-,+,-,-,-,+,+,-,+,-,-,-,-,0,-,0,0
ʎ̻,-,+,+,+,0,+,-,-,+,-,-,-,+,+,-,+,-,-,-,-,0,-,0,0
ʎ̥ː,-,+,+,+,0,+,-,-,-,-,-,-,+,+,-,+,-,-,-,-,0,+,0,0
ʎ̟ː,-,+,+,+,0,+,-,-,+,-,-,-,+,+,-,+,-,-,-,-,0,+,0,0
ʎʲː,-,+,+,+,0,+,-,-,+,-,-,-,+,+,-,+,-,-,-,-,0,+,0,0
ʎː,-,+,+,+,0,+,-,-,+,-,-,-,+,+,-,+,-,-,-,-,0,+,0,0
ʎ̝ː,-,+,+,+,0,+,-,-,+,-,-,-,+,+,-,+,-,-,-,-,0,+,0,0
ʎˑ,-,+,+,+,0,+,-,-,+,-,-,-,+,+,-,+,-,-,-,-,0,+,0,0
ʎ̻̝ː,-,+,+,+,0,+,-,-,+,-,-,-,+,+,-,+,-,-,-,-,0,+,0,0
ʎ̞ː,-,+,+,+,0,+,-,-,+,-,-,-,+,+,-,+,-,-,-,-,0,+,0,0
ʎːʲ,-,+,+,+,0,+,-,-,+,-,-,-,+,+,-,+,-,-,-,-,0,+,0,0
ʎᶣ,-,+,+,+,0,+,-,-,+,-,-,-,+,+,-,+,-,-,+,-,0,-,0,0
ʎ̥ˠ,-,+,+,+,0,+,-,-,-,-,-,-,+,+,-,+,-,+,-,-,0,-,0,0
ʎˠ,-,+,+,+,0,+,-,-,+,-,-,-,+,+,-,+,-,+,-,-,0,-,0,0
ʎːˠ,-,+,+,+,0,+,-,-,+,-,-,-,+,+,-,+,-,+,-,-,0,+,0,0
ʎ̠̊˔ʷ,-,+,+,+,0,+,-,-,-,-,-,-,+,+,-,+,-,+,+,-,0,-,0,0
ʎ̝̊ʷ,-,+,+,+,0,+,-,-,-,-,-,-,+,+,-,+,-,+,+,-,0,-,0,0
ʎ̥ʷ,-,+,+,+,0,+,-,-,-,-,-,-,+,+,-,+,-,+,+,-,0,-,0,0
ʎʲʷ,-,+,+,+,0,+,-,-,+,-,-,-,+,+,-,+,-,+,+,-,0,-,0,0
ʎ̝ʷ,-,+,+,+,0,+,-,-,+,-,-,-,+,+,-,+,-,+,+,-,0,-,0,0
ʎ̠ʷ,-,+,+,+,0,+,-,-,+,-,-,-,+,+,-,+,-,+,+,-,0,-,0,0
ʎʷ,-,+,+,+,0,+,-,-,+,-,-,-,+,+,-,+,-,+,+,-,0,-,0,0
ʎ̠˔ʷ,-,+,+,+,0,+,-,-,+,-,-,-,+,+,-,+,-,+,+,-,0,-,0,0
ʎʷˠ,-,+,+,+,0,+,-,-,+,-,-,-,+,+,-,+,-,+,+,-,0,-,0,0
ʎʷː,-,+,+,+,0,+,-,-,+,-,-,-,+,+,-,+,-,+,+,-,0,+,0,0
ʎːʷ,-,+,+,+,0,+,-,-,+,-,-,-,+,+,-,+,-,+,+,-,0,+,0,0
ɫ̥ʲ,-,+,+,+,0,+,-,-,-,-,-,+,+,-,-,+,-,-,-,-,0,-,0,0
ɫʲ,-,+,+,+,0,+,-,-,+,-,-,+,+,-,-,+,-,-,-,-,0,-,0,0
ɫʲː,-,+,+,+,0,+,-,-,+,-,-,+,+,-,-,+,-,-,-,-,0,+,0,0
ɫːʲ,-,+,+,+,0,+,-,-,+,-,-,+,+,-,-,+,-,-,-,-,0,+,0,0
ɫᶣ,-,+,+,+,0,+,-,-,+,-,-,+,+,-,-,+,-,-,+,-,0,-,0,0
ɫ̥ˠ,-,+,+,+,0,+,-,-,-,-,-,+,+,-,-,+,-,+,-,-,0,-,0,0
ɫˠ,-,+,+,+,0,+,-,-,+,-,-,+,+,-,-,+,-,+,-,-,0,-,0,0
ɫːˠ,-,+,+,+,0,+,-,-,+,-,-,+,+,-,-,+,-,+,-,-,0,+,0,0
ɫ̠̊˔ʷ,-,+,+,+,0,+,-,-,-,-,-,+,+,-,-,+,-,+,+,-,0,-,0,0
ɫ̝̊ʷ,-,+,+,+,0,+,-,-,-,-,-,+,+,-,-,+,-,+,+,-,0,-,0,0
ɫ̥ʷ,-,+,+,+,0,+,-,-,-,-,-,+,+,-,-,+,-,+,+,-,0,-,0,0
ɫʲʷ,-,+,+,+,0,+,-,-,+,-,-,+,+,-,-,+,-,+,+,-,0,-,0,0
ɫ̝ʷ,-,+,+,+,0,+,-,-,+,-,-,+,+,-,-,+,-,+,+,-,0,-,0,0
ɫ̠ʷ,-,+,+,+,0,+,-,-,+,-,-,+,+,-,-,+,-,+,+,-,0,-,0,0
ɫʷ,-,+,+,+,0,+,-,-,+,-,-,+,+,-,-,+,-,+,+,-,0,-,0,0
ɫ̠˔ʷ,-,+,+,+,0,+,-,-,+,-,-,+,+,-,-,+,-,+,+,-,0,-,0,0
ɫʷˠ,-,+,+,+,0,+,-,-,+,-,-,+,+,-,-,+,-,+,+,-,0,-,0,0
ɫʷː,-,+,+,+,0,+,-,-,+,-,-,+,+,-,-,+,-,+,+,-,0,+,0,0
ɫːʷ,-,+,+,+,0,+,-,-,+,-,-,+,+,-,-,+,-,+,+,-,0,+,0,0
ʟ̥ˤ,-,+,+,+,0,+,-,-,-,-,-,-,-,0,-,+,+,+,-,-,0,-,0,0
ʟˤ,-,+,+,+,0,+,-,-,+,-,-,-,-,0,-,+,+,+,-,-,0,-,0,0
ʟˤː,-,+,+,+,0,+,-,-,+,-,-,-,-,0,-,+,+,+,-,-,0,+,0,0
ʟːˤ,-,+,+,+,0,+,-,-,+,-,-,-,-,0,-,+,+,+,-,-,0,+,0,0
ʟʷˤ,-,+,+,+,0,+,-,-,+,-,-,-,-,0,-,+,+,+,+,-,0,-,0,0
ɭʷˤ,-,+,+,+,0,+,-,-,+,-,-,-,+,-,-,+,+,+,+,-,0,-,0,0
ʎ̥ˤ,-,+,+,+,0,+,-,-,-,-,-,-,+,+,-,+,+,+,-,-,0,-,0,0
ʎˤ,-,+,+,+,0,+,-,-,+,-,-,-,+,+,-,+,+,+,-,-,0,-,0,0
ʎˤː,-,+,+,+,0,+,-,-,+,-,-,-,+,+,-,+,+,+,-,-,0,+,0,0
ʎːˤ,-,+,+,+,0,+,-,-,+,-,-,-,+,+,-,+,+,+,-,-,0,+,0,0
ʎʷˤ,-,+,+,+,0,+,-,-,+,-,-,-,+,+,-,+,+,+,+,-,0,-,0,0
ɫʷˤ,-,+,+,+,0,+,-,-,+,-,-,+,+,-,-,+,+,+,+,-,0,-,0,0
ɺʷˤ,-,+,+,+,0,+,-,-,+,-,-,+,+,-,-,+,+,+,+,-,0,-,0,0
ɭ̰,-,+,+,+,0,+,-,-,+,-,+,-,+,-,-,0,0,0,-,-,0,-,0,0
ɭ̰ː,-,+,+,+,0,+,-,-,+,-,+,-,+,-,-,0,0,0,-,-,0,+,0,0
ɺ̰,-,+,+,+,0,+,-,-,+,-,+,+,+,-,-,0,0,0,-,-,0,-,0,0
ɺ̰ː,-,+,+,+,0,+,-,-,+,-,+,+,+,-,-,0,0,0,-,-,0,+,0,0
ɭ̰ˤ,-,+,+,+,0,+,-,-,+,-,+,-,+,-,-,0,+,+,-,-,0,-,0,0
ɺ̰ˤ,-,+,+,+,0,+,-,-,+,-,+,+,+,-,-,0,+,+,-,-,0,-,0,0
ɫ̰,-,+,+,+,0,+,-,-,+,-,+,+,+,-,-,-,-,+,-,-,0,-,0,0
ɫ̰ː,-,+,+,+,0,+,-,-,+,-,+,+,+,-,-,-,-,+,-,-,0,+,0,0
ɫ̰ˤ,-,+,+,+,0,+,-,-,+,-,+,+,+,-,-,-,+,+,-,-,0,-,0,0
ɭ̰ʲ,-,+,+,+,0,+,-,-,+,-,+,-,+,-,-,+,0,-,-,-,0,-,0,0
ɭ̰ˠ,-,+,+,+,0,+,-,-,+,-,+,-,+,-,-,+,0,+,-,-,0,-,0,0
ɭ̰ʷ,-,+,+,+,0,+,-,-,+,-,+,-,+,-,-,+,0,+,+,-,0,-,0,0
ɺ̰ʲ,-,+,+,+,0,+,-,-,+,-,+,+,+,-,-,+,0,-,-,-,0,-,0,0
ɺ̰ˠ,-,+,+,+,0,+,-,-,+,-,+,+,+,-,-,+,0,+,-,-,0,-,0,0
ɺ̰ʷ,-,+,+,+,0,+,-,-,+,-,+,+,+,-,-,+,0,+,+,-,0,-,0,0
ʟ̰ʲ,-,+,+,+,0,+,-,-,+,-,+,-,-,0,-,+,-,-,-,-,0,-,0,0
ʟ̰ˠ,-,+,+,+,0,+,-,-,+,-,+,-,-,0,-,+,-,+,-,-,0,-,0,0
ʟ̰,-,+,+,+,0,+,-,-,+,-,+,-,-,0,-,+,-,+,-,-,0,-,0,0
ʟ̰ː,-,+,+,+,0,+,-,-,+,-,+,-,-,0,-,+,-,+,-,-,0,+,0,0
ʟ̰ʷ,-,+,+,+,0,+,-,-,+,-,+,-,-,0,-,+,-,+,+,-,0,-,0,0
ʎ̰,-,+,+,+,0,+,-,-,+,-,+,-,+,+,-,+,-,-,-,-,0,-,0,0
ʎ̰ʲ,-,+,+,+,0,+,-,-,+,-,+,-,+,+,-,+,-,-,-,-,0,-,0,0
ʎ̰ː,-,+,+,+,0,+,-,-,+,-,+,-,+,+,-,+,-,-,-,-,0,+,0,0
ʎ̰ˠ,-,+,+,+,0,+,-,-,+,-,+,-,+,+,-,+,-,+,-,-,0,-,0,0
ʎ̰ʷ,-,+,+,+,0,+,-,-,+,-,+,-,+,+,-,+,-,+,+,-,0,-,0,0
ɫ̰ʲ,-,+,+,+,0,+,-,-,+,-,+,+,+,-,-,+,-,-,-,-,0,-,0,0
ɫ̰ˠ,-,+,+,+,0,+,-,-,+,-,+,+,+,-,-,+,-,+,-,-,0,-,0,0
ɫ̰ʷ,-,+,+,+,0,+,-,-,+,-,+,+,+,-,-,+,-,+,+,-,0,-,0,0
ʟ̰ˤ,-,+,+,+,0,+,-,-,+,-,+,-,-,0,-,+,+,+,-,-,0,-,0,0
ʎ̰ˤ,-,+,+,+,0,+,-,-,+,-,+,-,+,+,-,+,+,+,-,-,0,-,0,0
ɭ̤̥,-,+,+,+,0,+,-,-,-,+,-,-,+,-,-,0,0,0,-,-,0,-,0,0
ɭ̤,-,+,+,+,0,+,-,-,+,+,-,-,+,-,-,0,0,0,-,-,0,-,0,0
ɭ̠ʰ,-,+,+,+,0,+,-,-,+,+,-,-,+,-,-,0,0,0,-,-,0,-,0,0
ɭʰ,-,+,+,+,0,+,-,-,+,+,-,-,+,-,-,0,0,0,-,-,0,-,0,0
ɭʰː,-,+,+,+,0,+,-,-,+,+,-,-,+,-,-,0,0,0,-,-,0,+,0,0
ɭ̤ː,-,+,+,+,0,+,-,-,+,+,-,-,+,-,-,0,0,0,-,-,0,+,0,0
ɺ̤̥,-,+,+,+,0,+,-,-,-,+,-,+,+,-,-,0,0,0,-,-,0,-,0,0
ɺ̤,-,+,+,+,0,+,-,-,+,+,-,+,+,-,-,0,0,0,-,-,0,-,0,0
ɺ̠ʰ,-,+,+,+,0,+,-,-,+,+,-,+,+,-,-,0,0,0,-,-,0,-,0,0
ɺʰ,-,+,+,+,0,+,-,-,+,+,-,+,+,-,-,0,0,0,-,-,0,-,0,0
ɺʰː,-,+,+,+,0,+,-,-,+,+,-,+,+,-,-,0,0,0,-,-,0,+,0,0
ɺ̤ː,-,+,+,+,0,+,-,-,+,+,-,+,+,-,-,0,0,0,-,-,0,+,0,0
ɭʰˤ,-,+,+,+,0,+,-,-,+,+,-,-,+,-,-,0,+,+,-,-,0,-,0,0
ɭˤʰ,-,+,+,+,0,+,-,-,+,+,-,-,+,-,-,0,+,+,-,-,0,-,0,0
ɭ̤ˤ,-,+,+,+,0,+,-,-,+,+,-,-,+,-,-,0,+,+,-,-,0,-,0,0
ɺʰˤ,-,+,+,+,0,+,-,-,+,+,-,+,+,-,-,0,+,+,-,-,0,-,0,0
ɺˤʰ,-,+,+,+,0,+,-,-,+,+,-,+,+,-,-,0,+,+,-,-,0,-,0,0
ɺ̤ˤ,-,+,+,+,0,+,-,-,+,+,-,+,+,-,-,0,+,+,-,-,0,-,0,0
ɫ̤̥,-,+,+,+,0,+,-,-,-,+,-,+,+,-,-,-,-,+,-,-,0,-,0,0
ɫ̤,-,+,+,+,0,+,-,-,+,+,-,+,+,-,-,-,-,+,-,-,0,-,0,0
ɫ̠ʰ,-,+,+,+,0,+,-,-,+,+,-,+,+,-,-,-,-,+,-,-,0,-,0,0
ɫʰ,-,+,+,+,0,+,-,-,+,+,-,+,+,-,-,-,-,+,-,-,0,-,0,0
ɫʰː,-,+,+,+,0,+,-,-,+,+,-,+,+,-,-,-,-,+,-,-,0,+,0,0
ɫ̤ː,-,+,+,+,0,+,-,-,+,+,-,+,+,-,-,-,-,+,-,-,0,+,0,0
ɫʰˤ,-,+,+,+,0,+,-,-,+,+,-,+,+,-,-,-,+,+,-,-,0,-,0,0
ɫˤʰ,-,+,+,+,0,+,-,-,+,+,-,+,+,-,-,-,+,+,-,-,0,-,0,0
ɫ̤ˤ,-,+,+,+,0,+,-,-,+,+,-,+,+,-,-,-,+,+,-,-,0,-,0,0
ɭʰʲ,-,+,+,+,0,+,-,-,+,+,-,-,+,-,-,+,0,-,-,-,0,-,0,0
ɭʲʰ,-,+,+,+,0,+,-,-,+,+,-,-,+,-,-,+,0,-,-,-,0,-,0,0
ɭ̤ʲ,-,+,+,+,0,+,-,-,+,+,-,-,+,-,-,+,0,-,-,-,0,-,0,0
ɭʰᶣ,-,+,+,+,0,+,-,-,+,+,-,-,+,-,-,+,0,-,+,-,0,-,0,0
ɭʰˠ,-,+,+,+,0,+,-,-,+,+,-,-,+,-,-,+,0,+,-,-,0,-,0,0
ɭ̤ˠ,-,+,+,+,0,+,-,-,+,+,-,-,+,-,-,+,0,+,-,-,0,-,0,0
ɭʰʷ,-,+,+,+,0,+,-,-,+,+,-,-,+,-,-,+,0,+,+,-,0,-,0,0
ɭʲʷʰ,-,+,+,+,0,+,-,-,+,+,-,-,+,-,-,+,0,+,+,-,0,-,0,0
ɭ̤ʷ,-,+,+,+,0,+,-,-,+,+,-,-,+,-,-,+,0,+,+,-,0,-,0,0
ɭʷʰ,-,+,+,+,0,+,-,-,+,+,-,-,+,-,-,+,0,+,+,-,0,-,0,0
ɭʷˠʰ,-,+,+,+,0,+,-,-,+,+,-,-,+,-,-,+,0,+,+,-,0,-,0,0
ɭʷʰː,-,+,+,+,0,+,-,-,+,+,-,-,+,-,-,+,0,+,+,-,0,+,0,0
ɺʰʲ,-,+,+,+,0,+,-,-,+,+,-,+,+,-,-,+,0,-,-,-,0,-,0,0
ɺʲʰ,-,+,+,+,0,+,-,-,+,+,-,+,+,-,-,+,0,-,-,-,0,-,0,0
ɺ̤ʲ,-,+,+,+,0,+,-,-,+,+,-,+,+,-,-,+,0,-,-,-,0,-,0,0
ɺʰᶣ,-,+,+,+,0,+,-,-,+,+,-,+,+,-,-,+,0,-,+,-,0,-,0,0
ɺʰˠ,-,+,+,+,0,+,-,-,+,+,-,+,+,-,-,+,0,+,-,-,0,-,0,0
ɺ̤ˠ,-,+,+,+,0,+,-,-,+,+,-,+,+,-,-,+,0,+,-,-,0,-,0,0
ɺʰʷ,-,+,+,+,0,+,-,-,+,+,-,+,+,-,-,+,0,+,+,-,0,-,0,0
ɺʲʷʰ,-,+,+,+,0,+,-,-,+,+,-,+,+,-,-,+,0,+,+,-,0,-,0,0
ɺ̤ʷ,-,+,+,+,0,+,-,-,+,+,-,+,+,-,-,+,0,+,+,-,0,-,0,0
ɺʷʰ,-,+,+,+,0,+,-,-,+,+,-,+,+,-,-,+,0,+,+,-,0,-,0,0
ɺʷˠʰ,-,+,+,+,0,+,-,-,+,+,-,+,+,-,-,+,0,+,+,-,0,-,0,0
ɺʷʰː,-,+,+,+,0,+,-,-,+,+,-,+,+,-,-,+,0,+,+,-,0,+,0,0
ʟʰʲ,-,+,+,+,0,+,-,-,+,+,-,-,-,0,-,+,-,-,-,-,0,-,0,0
ʟʲʰ,-,+,+,+,0,+,-,-,+,+,-,-,-,0,-,+,-,-,-,-,0,-,0,0
ʟ̤ʲ,-,+,+,+,0,+,-,-,+,+,-,-,-,0,-,+,-,-,-,-,0,-,0,0
ʟʰᶣ,-,+,+,+,0,+,-,-,+,+,-,-,-,0,-,+,-,-,+,-,0,-,0,0
ʟ̤̥,-,+,+,+,0,+,-,-,-,+,-,-,-,0,-,+,-,+,-,-,0,-,0,0
ʟʰˠ,-,+,+,+,0,+,-,-,+,+,-,-,-,0,-,+,-,+,-,-,0,-,0,0
ʟ̤,-,+,+,+,0,+,-,-,+,+,-,-,-,0,-,+,-,+,-,-,0,-,0,0
ʟ̠ʰ,-,+,+,+,0,+,-,-,+,+,-,-,-,0,-,+,-,+,-,-,0,-,0,0
ʟ̤ˠ,-,+,+,+,0,+,-,-,+,+,-,-,-,0,-,+,-,+,-,-,0,-,0,0
ʟʰ,-,+,+,+,0,+,-,-,+,+,-,-,-,0,-,+,-,+,-,-,0,-,0,0
ʟʰː,-,+,+,+,0,+,-,-,+,+,-,-,-,0,-,+,-,+,-,-,0,+,0,0
ʟ̤ː,-,+,+,+,0,+,-,-,+,+,-,-,-,0,-,+,-,+,-,-,0,+,0,0
ʟʰʷ,-,+,+,+,0,+,-,-,+,+,-,-,-,0,-,+,-,+,+,-,0,-,0,0
ʟʲʷʰ,-,+,+,+,0,+,-,-,+,+,-,-,-,0,-,+,-,+,+,-,0,-,0,0
ʟ̤ʷ,-,+,+,+,0,+,-,-,+,+,-,-,-,0,-,+,-,+,+,-,0,-,0,0
ʟʷʰ,-,+,+,+,0,+,-,-,+,+,-,-,-,0,-,+,-,+,+,-,0,-,0,0
ʟʷˠʰ,-,+,+,+,0,+,-,-,+,+,-,-,-,0,-,+,-,+,+,-,0,-,0,0
ʟʷʰː,-,+,+,+,0,+,-,-,+,+,-,-,-,0,-,+,-,+,+,-,0,+,0,0
ʎ̤̥,-,+,+,+,0,+,-,-,-,+,-,-,+,+,-,+,-,-,-,-,0,-,0,0
ʎʰʲ,-,+,+,+,0,+,-,-,+,+,-,-,+,+,-,+,-,-,-,-,0,-,0,0
ʎʲʰ,-,+,+,+,0,+,-,-,+,+,-,-,+,+,-,+,-,-,-,-,0,-,0,0
ʎ̤,-,+,+,+,0,+,-,-,+,+,-,-,+,+,-,+,-,-,-,-,0,-,0,0
ʎ̠ʰ,-,+,+,+,0,+,-,-,+,+,-,-,+,+,-,+,-,-,-,-,0,-,0,0
ʎ̤ʲ,-,+,+,+,0,+,-,-,+,+,-,-,+,+,-,+,-,-,-,-,0,-,0,0
ʎʰ,-,+,+,+,0,+,-,-,+,+,-,-,+,+,-,+,-,-,-,-,0,-,0,0
ʎʰː,-,+,+,+,0,+,-,-,+,+,-,-,+,+,-,+,-,-,-,-,0,+,0,0
ʎ̤ː,-,+,+,+,0,+,-,-,+,+,-,-,+,+,-,+,-,-,-,-,0,+,0,0
ʎʰᶣ,-,+,+,+,0,+,-,-,+,+,-,-,+,+,-,+,-,-,+,-,0,-,0,0
ʎʰˠ,-,+,+,+,0,+,-,-,+,+,-,-,+,+,-,+,-,+,-,-,0,-,0,0
ʎ̤ˠ,-,+,+,+,0,+,-,-,+,+,-,-,+,+,-,+,-,+,-,-,0,-,0,0
ʎʰʷ,-,+,+,+,0,+,-,-,+,+,-,-,+,+,-,+,-,+,+,-,0,-,0,0
ʎʲʷʰ,-,+,+,+,0,+,-,-,+,+,-,-,+,+,-,+,-,+,+,-,0,-,0,0
ʎ̤ʷ,-,+,+,+,0,+,-,-,+,+,-,-,+,+,-,+,-,+,+,-,0,-,0,0
ʎʷʰ,-,+,+,+,0,+,-,-,+,+,-,-,+,+,-,+,-,+,+,-,0,-,0,0
ʎʷˠʰ,-,+,+,+,0,+,-,-,+,+,-,-,+,+,-,+,-,+,+,-,0,-,0,0
ʎʷʰː,-,+,+,+,0,+,-,-,+,+,-,-,+,+,-,+,-,+,+,-,0,+,0,0
ɫʰʲ,-,+,+,+,0,+,-,-,+,+,-,+,+,-,-,+,-,-,-,-,0,-,0,0
ɫʲʰ,-,+,+,+,0,+,-,-,+,+,-,+,+,-,-,+,-,-,-,-,0,-,0,0
ɫ̤ʲ,-,+,+,+,0,+,-,-,+,+,-,+,+,-,-,+,-,-,-,-,0,-,0,0
ɫʰᶣ,-,+,+,+,0,+,-,-,+,+,-,+,+,-,-,+,-,-,+,-,0,-,0,0
ɫʰˠ,-,+,+,+,0,+,-,-,+,+,-,+,+,-,-,+,-,+,-,-,0,-,0,0
ɫ̤ˠ,-,+,+,+,0,+,-,-,+,+,-,+,+,-,-,+,-,+,-,-,0,-,0,0
ɫʰʷ,-,+,+,+,0,+,-,-,+,+,-,+,+,-,-,+,-,+,+,-,0,-,0,0
ɫʲʷʰ,-,+,+,+,0,+,-,-,+,+,-,+,+,-,-,+,-,+,+,-,0,-,0,0
ɫ̤ʷ,-,+,+,+,0,+,-,-,+,+,-,+,+,-,-,+,-,+,+,-,0,-,0,0
ɫʷʰ,-,+,+,+,0,+,-,-,+,+,-,+,+,-,-,+,-,+,+,-,0,-,0,0
ɫʷˠʰ,-,+,+,+,0,+,-,-,+,+,-,+,+,-,-,+,-,+,+,-,0,-,0,0
ɫʷʰː,-,+,+,+,0,+,-,-,+,+,-,+,+,-,-,+,-,+,+,-,0,+,0,0
ʟʰˤ,-,+,+,+,0,+,-,-,+,+,-,-,-,0,-,+,+,+,-,-,0,-,0,0
ʟˤʰ,-,+,+,+,0,+,-,-,+,+,-,-,-,0,-,+,+,+,-,-,0,-,0,0
ʟ̤ˤ,-,+,+,+,0,+,-,-,+,+,-,-,-,0,-,+,+,+,-,-,0,-,0,0
ʟʷˤʰ,-,+,+,+,0,+,-,-,+,+,-,-,-,0,-,+,+,+,+,-,0,-,0,0
ɭʷˤʰ,-,+,+,+,0,+,-,-,+,+,-,-,+,-,-,+,+,+,+,-,0,-,0,0
ʎʰˤ,-,+,+,+,0,+,-,-,+,+,-,-,+,+,-,+,+,+,-,-,0,-,0,0
ʎˤʰ,-,+,+,+,0,+,-,-,+,+,-,-,+,+,-,+,+,+,-,-,0,-,0,0
ʎ̤ˤ,-,+,+,+,0,+,-,-,+,+,-,-,+,+,-,+,+,+,-,-,0,-,0,0
ʎʷˤʰ,-,+,+,+,0,+,-,-,+,+,-,-,+,+,-,+,+,+,+,-,0,-,0,0
ɫʷˤʰ,-,+,+,+,0,+,-,-,+,+,-,+,+,-,-,+,+,+,+,-,0,-,0,0
ɺʷˤʰ,-,+,+,+,0,+,-,-,+,+,-,+,+,-,-,+,+,+,+,-,0,-,0,0
ɽ̃,-,+,+,+,0,-,+,-,+,-,-,-,+,-,-,0,0,0,-,-,0,-,0,0
ɽ̃ː,-,+,+,+,0,-,+,-,+,-,-,-,+,-,-,0,0,0,-,-,0,+,0,0
ɽ̃ˑ,-,+,+,+,0,-,+,-,+,-,-,-,+,-,-,0,0,0,-,-,0,+,0,0
r̃,-,+,+,+,0,-,+,-,+,-,-,+,+,-,-,0,0,0,-,-,0,-,0,0
ɾ̃,-,+,+,+,0,-,+,-,+,-,-,+,+,-,-,0,0,0,-,-,0,-,0,0
r̃ː,-,+,+,+,0,-,+,-,+,-,-,+,+,-,-,0,0,0,-,-,0,+,0,0
ɾ̃ː,-,+,+,+,0,-,+,-,+,-,-,+,+,-,-,0,0,0,-,-,0,+,0,0
r̃ˑ,-,+,+,+,0,-,+,-,+,-,-,+,+,-,-,0,0,0,-,-,0,+,0,0
ɾ̃ˑ,-,+,+,+,0,-,+,-,+,-,-,+,+,-,-,0,0,0,-,-,0,+,0,0
ʙ̃,-,+,+,+,0,-,+,-,+,-,-,+,-,0,+,0,0,0,-,-,0,-,0,0
ʙ̃ː,-,+,+,+,0,-,+,-,+,-,-,+,-,0,+,0,0,0,-,-,0,+,0,0
ʙ̃ˑ,-,+,+,+,0,-,+,-,+,-,-,+,-,0,+,0,0,0,-,-,0,+,0,0
ɽ̃ˤ,-,+,+,+,0,-,+,-,+,-,-,-,+,-,-,0,+,+,-,-,0,-,0,0
r̃ˤ,-,+,+,+,0,-,+,-,+,-,-,+,+,-,-,0,+,+,-,-,0,-,0,0
ɾ̃ˤ,-,+,+,+,0,-,+,-,+,-,-,+,+,-,-,0,+,+,-,-,0,-,0,0
ʙ̃ˤ,-,+,+,+,0,-,+,-,+,-,-,+,-,0,+,0,+,+,-,-,0,-,0,0
ʀ̃,-,+,+,+,0,-,+,-,+,-,-,-,-,0,-,-,-,+,-,-,0,-,0,0
ʀ̃ː,-,+,+,+,0,-,+,-,+,-,-,-,-,0,-,-,-,+,-,-,0,+,0,0
ʀ̃ˑ,-,+,+,+,0,-,+,-,+,-,-,-,-,0,-,-,-,+,-,-,0,+,0,0
ʀ̃ˤ,-,+,+,+,0,-,+,-,+,-,-,-,-,0,-,-,+,+,-,-,0,-,0,0
ɽ̰̃,-,+,+,+,0,-,+,-,+,-,+,-,+,-,-,0,0,0,-,-,0,-,0,0
r̰̃,-,+,+,+,0,-,+,-,+,-,+,+,+,-,-,0,0,0,-,-,0,-,0,0
ɾ̰̃,-,+,+,+,0,-,+,-,+,-,+,+,+,-,-,0,0,0,-,-,0,-,0,0
ʙ̰̃,-,+,+,+,0,-,+,-,+,-,+,+,-,0,+,0,0,0,-,-,0,-,0,0
ʀ̰̃,-,+,+,+,0,-,+,-,+,-,+,-,-,0,-,-,-,+,-,-,0,-,0,0
ɭ̃,-,+,+,+,0,+,+,-,+,-,-,-,+,-,-,0,0,0,-,-,0,-,0,0
ɭ̃ː,-,+,+,+,0,+,+,-,+,-,-,-,+,-,-,0,0,0,-,-,0,+,0,0
ɭ̃ˑ,-,+,+,+,0,+,+,-,+,-,-,-,+,-,-,0,0,0,-,-,0,+,0,0
ɺ̃,-,+,+,+,0,+,+,-,+,-,-,+,+,-,-,0,0,0,-,-,0,-,0,0
ɺ̃ː,-,+,+,+,0,+,+,-,+,-,-,+,+,-,-,0,0,0,-,-,0,+,0,0
ɺ̃ˑ,-,+,+,+,0,+,+,-,+,-,-,+,+,-,-,0,0,0,-,-,0,+,0,0
ɭ̃ˤ,-,+,+,+,0,+,+,-,+,-,-,-,+,-,-,0,+,+,-,-,0,-,0,0
ɺ̃ˤ,-,+,+,+,0,+,+,-,+,-,-,+,+,-,-,0,+,+,-,-,0,-,0,0
ɫ̃,-,+,+,+,0,+,+,-,+,-,-,+,+,-,-,-,-,+,-,-,0,-,0,0
ɫ̃ː,-,+,+,+,0,+,+,-,+,-,-,+,+,-,-,-,-,+,-,-,0,+,0,0
ɫ̃ˑ,-,+,+,+,0,+,+,-,+,-,-,+,+,-,-,-,-,+,-,-,0,+,0,0
ɫ̃ˤ,-,+,+,+,0,+,+,-,+,-,-,+,+,-,-,-,+,+,-,-,0,-,0,0
ʟ̃,-,+,+,+,0,+,+,-,+,-,-,-,-,0,-,+,-,+,-,-,0,-,0,0
ʟ̃ː,-,+,+,+,0,+,+,-,+,-,-,-,-,0,-,+,-,+,-,-,0,+,0,0
ʟ̃ˑ,-,+,+,+,0,+,+,-,+,-,-,-,-,0,-,+,-,+,-,-,0,+,0,0
ʎ̃,-,+,+,+,0,+,+,-,+,-,-,-,+,+,-,+,-,-,-,-,0,-,0,0
ʎ̃ː,-,+,+,+,0,+,+,-,+,-,-,-,+,+,-,+,-,-,-,-,0,+,0,0
ʎ̃ˑ,-,+,+,+,0,+,+,-,+,-,-,-,+,+,-,+,-,-,-,-,0,+,0,0
ʟ̃ˤ,-,+,+,+,0,+,+,-,+,-,-,-,-,0,-,+,+,+,-,-,0,-,0,0
ʎ̃ˤ,-,+,+,+,0,+,+,-,+,-,-,-,+,+,-,+,+,+,-,-,0,-,0,0
ɭ̰̃,-,+,+,+,0,+,+,-,+,-,+,-,+,-,-,0,0,0,-,-,0,-,0,0
ɺ̰̃,-,+,+,+,0,+,+,-,+,-,+,+,+,-,-,0,0,0,-,-,0,-,0,0
ɫ̰̃,-,+,+,+,0,+,+,-,+,-,+,+,+,-,-,-,-,+,-,-,0,-,0,0
ʟ̰̃,-,+,+,+,0,+,+,-,+,-,+,-,-,0,-,+,-,+,-,-,0,-,0,0
ʎ̰̃,-,+,+,+,0,+,+,-,+,-,+,-,+,+,-,+,-,-,-,-,0,-,0,0
l̠̊,-,+,+,+,-,+,-,-,-,-,-,+,+,-,-,-,-,-,-,-,0,-,0,0
l̠̊˔,-,+,+,+,-,+,-,-,-,-,-,+,+,-,-,-,-,-,-,-,0,-,0,0
l̝̊,-,+,+,+,-,+,-,-,-,-,-,+,+,-,-,-,-,-,-,-,0,-,0,0
l̥,-,+,+,+,-,+,-,-,-,-,-,+,+,-,-,-,-,-,-,-,0,-,0,0
l̊,-,+,+,+,-,+,-,-,-,-,-,+,+,-,-,-,-,-,-,-,0,-,0,0
l̟,-,+,+,+,-,+,-,-,+,-,-,+,+,-,-,-,-,-,-,-,0,-,0,0
l̠,-,+,+,+,-,+,-,-,+,-,-,+,+,-,-,-,-,-,-,-,0,-,0,0
l̝,-,+,+,+,-,+,-,-,+,-,-,+,+,-,-,-,-,-,-,-,0,-,0,0
l˔,-,+,+,+,-,+,-,-,+,-,-,+,+,-,-,-,-,-,-,-,0,-,0,0
l̞,-,+,+,+,-,+,-,-,+,-,-,+,+,-,-,-,-,-,-,-,0,-,0,0
l,-,+,+,+,-,+,-,-,+,-,-,+,+,-,-,-,-,-,-,-,0,-,0,0
l̺,-,+,+,+,-,+,-,-,+,-,-,+,+,-,-,-,-,-,-,-,0,-,0,0
l̥ː,-,+,+,+,-,+,-,-,-,-,-,+,+,-,-,-,-,-,-,-,0,+,0,0
l̟ː,-,+,+,+,-,+,-,-,+,-,-,+,+,-,-,-,-,-,-,-,0,+,0,0
lː,-,+,+,+,-,+,-,-,+,-,-,+,+,-,-,-,-,-,-,-,0,+,0,0
l̝ː,-,+,+,+,-,+,-,-,+,-,-,+,+,-,-,-,-,-,-,-,0,+,0,0
lˑ,-,+,+,+,-,+,-,-,+,-,-,+,+,-,-,-,-,-,-,-,0,+,0,0
l̞ː,-,+,+,+,-,+,-,-,+,-,-,+,+,-,-,-,-,-,-,-,0,+,0,0
l̪̊,-,+,+,+,-,+,-,-,-,-,-,+,+,+,-,-,-,-,-,-,0,-,0,0
l̪,-,+,+,+,-,+,-,-,+,-,-,+,+,+,-,-,-,-,-,-,0,-,0,0
l̻,-,+,+,+,-,+,-,-,+,-,-,+,+,+,-,-,-,-,-,-,0,-,0,0
l̻̝ː,-,+,+,+,-,+,-,-,+,-,-,+,+,+,-,-,-,-,-,-,0,+,0,0
l̥ˤ,-,+,+,+,-,+,-,-,-,-,-,+,+,-,-,-,+,+,-,-,0,-,0,0
lˤ,-,+,+,+,-,+,-,-,+,-,-,+,+,-,-,-,+,+,-,-,0,-,0,0
lˤː,-,+,+,+,-,+,-,-,+,-,-,+,+,-,-,-,+,+,-,-,0,+,0,0
lːˤ,-,+,+,+,-,+,-,-,+,-,-,+,+,-,-,-,+,+,-,-,0,+,0,0
l̥ʲ,-,+,+,+,-,+,-,-,-,-,-,+,+,-,-,+,-,-,-,-,0,-,0,0
lʲ,-,+,+,+,-,+,-,-,+,-,-,+,+,-,-,+,-,-,-,-,0,-,0,0
lʲː,-,+,+,+,-,+,-,-,+,-,-,+,+,-,-,+,-,-,-,-,0,+,0,0
lːʲ,-,+,+,+,-,+,-,-,+,-,-,+,+,-,-,+,-,-,-,-,0,+,0,0
lᶣ,-,+,+,+,-,+,-,-,+,-,-,+,+,-,-,+,-,-,+,-,0,-,0,0
l̥ˠ,-,+,+,+,-,+,-,-,-,-,-,+,+,-,-,+,-,+,-,-,0,-,0,0
lˠ,-,+,+,+,-,+,-,-,+,-,-,+,+,-,-,+,-,+,-,-,0,-,0,0
l̴,-,+,+,+,-,+,-,-,+,-,-,+,+,-,-,+,-,+,-,-,0,-,0,0
lːˠ,-,+,+,+,-,+,-,-,+,-,-,+,+,-,-,+,-,+,-,-,0,+,0,0
l̠̊˔ʷ,-,+,+,+,-,+,-,-,-,-,-,+,+,-,-,+,-,+,+,-,0,-,0,0
l̝̊ʷ,-,+,+,+,-,+,-,-,-,-,-,+,+,-,-,+,-,+,+,-,0,-,0,0
l̥ʷ,-,+,+,+,-,+,-,-,-,-,-,+,+,-,-,+,-,+,+,-,0,-,0,0
lʲʷ,-,+,+,+,-,+,-,-,+,-,-,+,+,-,-,+,-,+,+,-,0,-,0,0
l̝ʷ,-,+,+,+,-,+,-,-,+,-,-,+,+,-,-,+,-,+,+,-,0,-,0,0
l̠ʷ,-,+,+,+,-,+,-,-,+,-,-,+,+,-,-,+,-,+,+,-,0,-,0,0
lʷ,-,+,+,+,-,+,-,-,+,-,-,+,+,-,-,+,-,+,+,-,0,-,0,0
l̠˔ʷ,-,+,+,+,-,+,-,-,+,-,-,+,+,-,-,+,-,+,+,-,0,-,0,0
lʷˠ,-,+,+,+,-,+,-,-,+,-,-,+,+,-,-,+,-,+,+,-,0,-,0,0
lʷː,-,+,+,+,-,+,-,-,+,-,-,+,+,-,-,+,-,+,+,-,0,+,0,0
lːʷ,-,+,+,+,-,+,-,-,+,-,-,+,+,-,-,+,-,+,+,-,0,+,0,0
lʷˤ,-,+,+,+,-,+,-,-,+,-,-,+,+,-,-,+,+,+,+,-,0,-,0,0
l̰,-,+,+,+,-,+,-,-,+,-,+,+,+,-,-,-,-,-,-,-,0,-,0,0
l̰ː,-,+,+,+,-,+,-,-,+,-,+,+,+,-,-,-,-,-,-,-,0,+,0,0
l̰ˤ,-,+,+,+,-,+,-,-,+,-,+,+,+,-,-,-,+,+,-,-,0,-,0,0
l̰ʲ,-,+,+,+,-,+,-,-,+,-,+,+,+,-,-,+,-,-,-,-,0,-,0,0
l̰ˠ,-,+,+,+,-,+,-,-,+,-,+,+,+,-,-,+,-,+,-,-,0,-,0,0
l̰ʷ,-,+,+,+,-,+,-,-,+,-,+,+,+,-,-,+,-,+,+,-,0,-,0,0
l̤̥,-,+,+,+,-,+,-,-,-,+,-,+,+,-,-,-,-,-,-,-,0,-,0,0
l̤,-,+,+,+,-,+,-,-,+,+,-,+,+,-,-,-,-,-,-,-,0,-,0,0
l̠ʰ,-,+,+,+,-,+,-,-,+,+,-,+,+,-,-,-,-,-,-,-,0,-,0,0
lʰ,-,+,+,+,-,+,-,-,+,+,-,+,+,-,-,-,-,-,-,-,0,-,0,0
lʰː,-,+,+,+,-,+,-,-,+,+,-,+,+,-,-,-,-,-,-,-,0,+,0,0
l̤ː,-,+,+,+,-,+,-,-,+,+,-,+,+,-,-,-,-,-,-,-,0,+,0,0
lʰˤ,-,+,+,+,-,+,-,-,+,+,-,+,+,-,-,-,+,+,-,-,0,-,0,0
lˤʰ,-,+,+,+,-,+,-,-,+,+,-,+,+,-,-,-,+,+,-,-,0,-,0,0
l̤ˤ,-,+,+,+,-,+,-,-,+,+,-,+,+,-,-,-,+,+,-,-,0,-,0,0
lʰʲ,-,+,+,+,-,+,-,-,+,+,-,+,+,-,-,+,-,-,-,-,0,-,0,0
lʲʰ,-,+,+,+,-,+,-,-,+,+,-,+,+,-,-,+,-,-,-,-,0,-,0,0
l̤ʲ,-,+,+,+,-,+,-,-,+,+,-,+,+,-,-,+,-,-,-,-,0,-,0,0
lʰᶣ,-,+,+,+,-,+,-,-,+,+,-,+,+,-,-,+,-,-,+,-,0,-,0,0
lʰˠ,-,+,+,+,-,+,-,-,+,+,-,+,+,-,-,+,-,+,-,-,0,-,0,0
l̤ˠ,-,+,+,+,-,+,-,-,+,+,-,+,+,-,-,+,-,+,-,-,0,-,0,0
lʰʷ,-,+,+,+,-,+,-,-,+,+,-,+,+,-,-,+,-,+,+,-,0,-,0,0
lʲʷʰ,-,+,+,+,-,+,-,-,+,+,-,+,+,-,-,+,-,+,+,-,0,-,0,0
l̤ʷ,-,+,+,+,-,+,-,-,+,+,-,+,+,-,-,+,-,+,+,-,0,-,0,0
lʷʰ,-,+,+,+,-,+,-,-,+,+,-,+,+,-,-,+,-,+,+,-,0,-,0,0
lʷˠʰ,-,+,+,+,-,+,-,-,+,+,-,+,+,-,-,+,-,+,+,-,0,-,0,0
lʷʰː,-,+,+,+,-,+,-,-,+,+,-,+,+,-,-,+,-,+,+,-,0,+,0,0
lʷˤʰ,-,+,+,+,-,+,-,-,+,+,-,+,+,-,-,+,+,+,+,-,0,-,0,0
l̃,-,+,+,+,-,+,+,-,+,-,-,+,+,-,-,-,-,-,-,-,0,-,0,0
l̃ː,-,+,+,+,-,+,+,-,+,-,-,+,+,-,-,-,-,-,-,-,0,+,0,0
l̃ˑ,-,+,+,+,-,+,+,-,+,-,-,+,+,-,-,-,-,-,-,-,0,+,0,0
l̃ˤ,-,+,+,+,-,+,+,-,+,-,-,+,+,-,-,-,+,+,-,-,0,-,0,0
l̰̃,-,+,+,+,-,+,+,-,+,-,+,+,+,-,-,-,-,-,-,-,0,-,0,0
χ̩,+,-,+,+,-,-,-,+,-,-,-,-,-,0,-,-,-,+,-,-,0,-,0,0
ʁ̩,+,-,+,+,-,-,-,+,+,-,-,-,-,0,-,-,-,+,-,-,0,-,0,0
ʂ̩,+,-,+,+,-,-,-,+,-,-,-,-,+,-,-,-,-,-,-,-,0,-,0,0
ʐ̩,+,-,+,+,-,-,-,+,+,-,-,-,+,-,-,-,-,-,-,-,0,-,0,0
ʃ̩,+,-,+,+,-,-,-,+,-,-,-,-,+,+,-,-,-,-,-,-,0,-,0,0
ʒ̩,+,-,+,+,-,-,-,+,+,-,-,-,+,+,-,-,-,-,-,-,0,-,0,0
s̩,+,-,+,+,-,-,-,+,-,-,-,+,+,-,-,-,-,-,-,-,0,-,0,0
z̩,+,-,+,+,-,-,-,+,+,-,-,+,+,-,-,-,-,-,-,-,0,-,0,0
θ̩,+,-,+,+,-,-,-,-,-,-,-,+,+,+,-,-,-,-,-,-,0,-,0,0
ð̩,+,-,+,+,-,-,-,-,+,-,-,+,+,+,-,-,-,-,-,-,0,-,0,0
f̩,+,-,+,+,-,-,-,+,-,-,-,+,-,0,+,-,-,-,-,-,0,-,0,0
ɸ̩,+,-,+,+,-,-,-,-,-,-,-,+,-,0,+,-,-,-,-,-,0,-,0,0
v̩,+,-,+,+,-,-,-,+,+,-,-,+,-,0,+,-,-,-,-,-,0,-,0,0
β̩,+,-,+,+,-,-,-,-,+,-,-,+,-,0,+,-,-,-,-,-,0,-,0,0
ħ̩,+,-,+,+,-,-,-,-,-,-,-,-,-,0,-,-,+,+,-,-,0,-,0,0
ʕ̩,+,-,+,+,-,-,-,-,+,-,-,-,-,0,-,-,+,+,-,-,0,-,0,0
ç̩,+,-,+,+,-,-,-,-,-,-,-,-,-,0,-,+,-,-,-,-,0,-,0,0
ʝ̩,+,-,+,+,-,-,-,-,+,-,-,-,-,0,-,+,-,-,-,-,0,-,0,0
x̩,+,-,+,+,-,-,-,-,-,-,-,-,-,0,-,+,-,+,-,-,0,-,0,0
ɣ̩,+,-,+,+,-,-,-,-,+,-,-,-,-,0,-,+,-,+,-,-,0,-,0,0
x̩ʷ,+,-,+,+,-,-,-,-,-,-,-,-,-,0,-,+,-,+,+,-,0,-,0,0
ç̩ʷ,+,-,+,+,-,-,-,-,-,-,-,-,-,0,-,+,-,+,+,-,0,-,0,0
χ̩ʷ,+,-,+,+,-,-,-,+,-,-,-,-,-,0,-,+,-,+,+,-,0,-,0,0
ɣ̩ʷ,+,-,+,+,-,-,-,-,+,-,-,-,-,0,-,+,-,+,+,-,0,-,0,0
ʁ̩ʷ,+,-,+,+,-,-,-,+,+,-,-,-,-,0,-,+,-,+,+,-,0,-,0,0
ʝ̩ʷ,+,-,+,+,-,-,-,-,+,-,-,-,-,0,-,+,-,+,+,-,0,-,0,0
ʂ̩ʷ,+,-,+,+,-,-,-,+,-,-,-,-,+,-,-,+,-,+,+,-,0,-,0,0
ʐ̩ʷ,+,-,+,+,-,-,-,+,+,-,-,-,+,-,-,+,-,+,+,-,0,-,0,0
ɧ̩,+,-,+,+,-,-,-,-,-,-,-,-,+,+,-,+,-,0,-,-,0,-,0,0
ɕ̩,+,-,+,+,-,-,-,+,-,-,-,-,+,+,-,+,-,-,-,-,0,-,0,0
ʑ̩,+,-,+,+,-,-,-,+,+,-,-,-,+,+,-,+,-,-,-,-,0,-,0,0
ʃ̩ʷ,+,-,+,+,-,-,-,+,-,-,-,-,+,+,-,+,-,+,+,-,0,-,0,0
ɧ̩ʷ,+,-,+,+,-,-,-,-,-,-,-,-,+,+,-,+,-,+,+,-,0,-,0,0
ɕ̩ʷ,+,-,+,+,-,-,-,+,-,-,-,-,+,+,-,+,-,+,+,-,0,-,0,0
ʒ̩ʷ,+,-,+,+,-,-,-,+,+,-,-,-,+,+,-,+,-,+,+,-,0,-,0,0
ʑ̩ʷ,+,-,+,+,-,-,-,+,+,-,-,-,+,+,-,+,-,+,+,-,0,-,0,0
s̩ʷ,+,-,+,+,-,-,-,+,-,-,-,+,+,-,-,+,-,+,+,-,0,-,0,0
z̩ʷ,+,-,+,+,-,-,-,+,+,-,-,+,+,-,-,+,-,+,+,-,0,-,0,0
θ̩ʷ,+,-,+,+,-,-,-,-,-,-,-,+,+,+,-,+,-,+,+,-,0,-,0,0
ð̩ʷ,+,-,+,+,-,-,-,-,+,-,-,+,+,+,-,+,-,+,+,-,0,-,0,0
f̩ʷ,+,-,+,+,-,-,-,+,-,-,-,+,-,0,+,+,-,+,+,-,0,-,0,0
ɸ̩ʷ,+,-,+,+,-,-,-,-,-,-,-,+,-,0,+,+,-,+,+,-,0,-,0,0
v̩ʷ,+,-,+,+,-,-,-,+,+,-,-,+,-,0,+,+,-,+,+,-,0,-,0,0
β̩ʷ,+,-,+,+,-,-,-,-,+,-,-,+,-,0,+,+,-,+,+,-,0,-,0,0
ħ̩ʷ,+,-,+,+,-,-,-,-,-,-,-,-,-,0,-,+,+,+,+,-,0,-,0,0
ʕ̩ʷ,+,-,+,+,-,-,-,-,+,-,-,-,-,0,-,+,+,+,+,-,0,-,0,0
h̩,+,-,+,+,-,-,-,-,-,+,-,-,-,0,-,-,-,+,-,-,0,-,0,0
ɦ̩,+,-,+,+,-,-,-,-,+,+,-,-,-,0,-,-,-,+,-,-,0,-,0,0
h̩ʷ,+,-,+,+,-,-,-,-,-,+,-,-,-,0,-,+,-,+,+,-,0,-,0,0
ɦ̩ʷ,+,-,+,+,-,-,-,-,+,+,-,-,-,0,-,+,-,+,+,-,0,-,0,0
ɮ̩,+,-,+,+,-,+,-,-,+,-,-,-,+,-,-,0,0,0,-,-,0,-,0,0
ɬ̩,+,-,+,+,-,+,-,-,-,-,-,+,+,-,-,0,0,0,-,-,0,-,0,0
ɮ̩ʷ,+,-,+,+,-,+,-,-,+,-,-,-,+,-,-,+,0,+,+,-,0,-,0,0
ɬ̩ʷ,+,-,+,+,-,+,-,-,-,-,-,+,+,-,-,+,0,+,+,-,0,-,0,0
ɱ̍,+,+,+,-,0,-,+,-,+,-,-,+,-,0,+,0,0,0,-,-,0,-,0,0
ɱ̩,+,+,+,-,0,-,+,-,+,-,-,+,-,0,+,0,0,0,-,-,0,-,0,0
ɱ̍ː,+,+,+,-,0,-,+,-,+,-,-,+,-,0,+,0,0,0,-,-,0,+,0,0
ɱ̩ʷ,+,+,+,-,0,-,+,-,+,-,-,+,-,0,+,+,0,+,+,-,0,-,0,0
ɴ̍,+,+,+,-,-,-,+,-,+,-,-,-,-,0,-,-,-,+,-,-,0,-,0,0
ɴ̩,+,+,+,-,-,-,+,-,+,-,-,-,-,0,-,-,-,+,-,-,0,-,0,0
ɴ̍ː,+,+,+,-,-,-,+,-,+,-,-,-,-,0,-,-,-,+,-,-,0,+,0,0
ɳ̍,+,+,+,-,-,-,+,-,+,-,-,-,+,0,-,-,-,-,-,-,0,-,0,0
ɳ̩,+,+,+,-,-,-,+,-,+,-,-,-,+,0,-,-,-,-,-,-,0,-,0,0
ɳ̍ː,+,+,+,-,-,-,+,-,+,-,-,-,+,0,-,-,-,-,-,-,0,+,0,0
n̍,+,+,+,-,-,-,+,-,+,-,-,+,+,-,-,-,-,-,-,-,0,-,0,0
n̩,+,+,+,-,-,-,+,-,+,-,-,+,+,-,-,-,-,-,-,-,0,-,0,0
n̍ː,+,+,+,-,-,-,+,-,+,-,-,+,+,-,-,-,-,-,-,-,0,+,0,0
n̪̍,+,+,+,-,-,-,+,-,+,-,-,+,+,+,-,-,-,-,-,-,0,-,0,0
n̪̩,+,+,+,-,-,-,+,-,+,-,-,+,+,+,-,-,-,-,-,-,0,-,0,0
n̪̍ː,+,+,+,-,-,-,+,-,+,-,-,+,+,+,-,-,-,-,-,-,0,+,0,0
m̍,+,+,+,-,-,-,+,-,+,-,-,+,-,0,+,-,-,-,-,-,0,-,0,0
m̩,+,+,+,-,-,-,+,-,+,-,-,+,-,0,+,-,-,-,-,-,0,-,0,0
m̍ː,+,+,+,-,-,-,+,-,+,-,-,+,-,0,+,-,-,-,-,-,0,+,0,0
ɲ̍,+,+,+,-,-,-,+,-,+,-,-,-,-,0,-,+,-,-,-,-,0,-,0,0
ɲ̩,+,+,+,-,-,-,+,-,+,-,-,-,-,0,-,+,-,-,-,-,0,-,0,0
ɲ̍ː,+,+,+,-,-,-,+,-,+,-,-,-,-,0,-,+,-,-,-,-,0,+,0,0
ŋ̍,+,+,+,-,-,-,+,-,+,-,-,-,-,0,-,+,-,+,-,-,0,-,0,0
ŋ̩,+,+,+,-,-,-,+,-,+,-,-,-,-,0,-,+,-,+,-,-,0,-,0,0
ŋ̍ː,+,+,+,-,-,-,+,-,+,-,-,-,-,0,-,+,-,+,-,-,0,+,0,0
ŋ̩ʷ,+,+,+,-,-,-,+,-,+,-,-,-,-,0,-,+,-,+,+,-,0,-,0,0
ɴ̩ʷ,+,+,+,-,-,-,+,-,+,-,-,-,-,0,-,+,-,+,+,-,0,-,0,0
ɲ̩ʷ,+,+,+,-,-,-,+,-,+,-,-,-,-,0,-,+,-,+,+,-,0,-,0,0
ɳ̩ʷ,+,+,+,-,-,-,+,-,+,-,-,-,+,0,-,+,-,+,+,-,0,-,0,0
n̩ʷ,+,+,+,-,-,-,+,-,+,-,-,+,+,-,-,+,-,+,+,-,0,-,0,0
n̪̩ʷ,+,+,+,-,-,-,+,-,+,-,-,+,+,+,-,+,-,+,+,-,0,-,0,0
m̩ʷ,+,+,+,-,-,-,+,-,+,-,-,+,-,0,+,+,-,+,+,-,0,-,0,0
ʋ̍,+,+,-,+,0,-,-,-,+,-,-,+,-,0,+,0,0,0,-,-,0,-,0,0
ʋ̩,+,+,-,+,0,-,-,-,+,-,-,+,-,0,+,0,0,0,-,-,0,-,0,0
ʋ̍ː,+,+,-,+,0,-,-,-,+,-,-,+,-,0,+,0,0,0,-,-,0,+,0,0
ɘ̙,+,+,-,+,0,-,-,-,+,-,-,0,-,0,-,-,-,-,-,-,-,-,0,0
ɘ̙ː,+,+,-,+,0,-,-,-,+,-,-,0,-,0,-,-,-,-,-,-,-,+,0,0
ɘ̠̊,+,+,-,+,0,-,-,-,-,-,-,0,-,0,-,-,-,-,-,-,+,-,0,0
ɘ̠̊˔,+,+,-,+,0,-,-,-,-,-,-,0,-,0,-,-,-,-,-,-,+,-,0,0
ɘ̝̊,+,+,-,+,0,-,-,-,-,-,-,0,-,0,-,-,-,-,-,-,+,-,0,0
ɘ̥,+,+,-,+,0,-,-,-,-,-,-,0,-,0,-,-,-,-,-,-,+,-,0,0
ɘ̊,+,+,-,+,0,-,-,-,-,-,-,0,-,0,-,-,-,-,-,-,+,-,0,0
ɘ̟,+,+,-,+,0,-,-,-,+,-,-,0,-,0,-,-,-,-,-,-,+,-,0,0
ɘ̠,+,+,-,+,0,-,-,-,+,-,-,0,-,0,-,-,-,-,-,-,+,-,0,0
ɘ̈,+,+,-,+,0,-,-,-,+,-,-,0,-,0,-,-,-,-,-,-,+,-,0,0
ɘ̽,+,+,-,+,0,-,-,-,+,-,-,0,-,0,-,-,-,-,-,-,+,-,0,0
ɘ̞̈,+,+,-,+,0,-,-,-,+,-,-,0,-,0,-,-,-,-,-,-,+,-,0,0
ɘ̆,+,+,-,+,0,-,-,-,+,-,-,0,-,0,-,-,-,-,-,-,+,-,0,0
ɘ̝,+,+,-,+,0,-,-,-,+,-,-,0,-,0,-,-,-,-,-,-,+,-,0,0
ɘ˔,+,+,-,+,0,-,-,-,+,-,-,0,-,0,-,-,-,-,-,-,+,-,0,0
ɘ̞,+,+,-,+,0,-,-,-,+,-,-,0,-,0,-,-,-,-,-,-,+,-,0,0
ɘ,+,+,-,+,0,-,-,-,+,-,-,0,-,0,-,-,-,-,-,-,+,-,0,0
ɘ̘,+,+,-,+,0,-,-,-,+,-,-,0,-,0,-,-,-,-,-,-,+,-,0,0
ɘ̥ː,+,+,-,+,0,-,-,-,-,-,-,0,-,0,-,-,-,-,-,-,+,+,0,0
ɘ̟ː,+,+,-,+,0,-,-,-,+,-,-,0,-,0,-,-,-,-,-,-,+,+,0,0
ɘː,+,+,-,+,0,-,-,-,+,-,-,0,-,0,-,-,-,-,-,-,+,+,0,0
ɘ̝ː,+,+,-,+,0,-,-,-,+,-,-,0,-,0,-,-,-,-,-,-,+,+,0,0
ɘˑ,+,+,-,+,0,-,-,-,+,-,-,0,-,0,-,-,-,-,-,-,+,+,0,0
ɘ̞ː,+,+,-,+,0,-,-,-,+,-,-,0,-,0,-,-,-,-,-,-,+,+,0,0
ɘ̘ː,+,+,-,+,0,-,-,-,+,-,-,0,-,0,-,-,-,-,-,-,+,+,0,0
ɘ̝̹,+,+,-,+,0,-,-,-,+,-,-,0,-,0,-,-,-,-,+,-,+,-,0,0
ɘ̝͗,+,+,-,+,0,-,-,-,+,-,-,0,-,0,-,-,-,-,+,-,+,-,0,0
ɘ̹,+,+,-,+,0,-,-,-,+,-,-,0,-,0,-,-,-,-,+,-,+,-,0,0
ɘ͗,+,+,-,+,0,-,-,-,+,-,-,0,-,0,-,-,-,-,+,-,+,-,0,0
ɤ̙,+,+,-,+,0,-,-,-,+,-,-,0,-,0,-,-,-,+,-,-,-,-,0,0
ɤ̙ː,+,+,-,+,0,-,-,-,+,-,-,0,-,0,-,-,-,+,-,-,-,+,0,0
ɤ̠̊,+,+,-,+,0,-,-,-,-,-,-,0,-,0,-,-,-,+,-,-,+,-,0,0
ɤ̠̊˔,+,+,-,+,0,-,-,-,-,-,-,0,-,0,-,-,-,+,-,-,+,-,0,0
ɤ̝̊,+,+,-,+,0,-,-,-,-,-,-,0,-,0,-,-,-,+,-,-,+,-,0,0
ɤ̥,+,+,-,+,0,-,-,-,-,-,-,0,-,0,-,-,-,+,-,-,+,-,0,0
ɤ̊,+,+,-,+,0,-,-,-,-,-,-,0,-,0,-,-,-,+,-,-,+,-,0,0
ɤ̟,+,+,-,+,0,-,-,-,+,-,-,0,-,0,-,-,-,+,-,-,+,-,0,0
ɤ̠,+,+,-,+,0,-,-,-,+,-,-,0,-,0,-,-,-,+,-,-,+,-,0,0
ɤ̈,+,+,-,+,0,-,-,-,+,-,-,0,-,0,-,-,-,+,-,-,+,-,0,0
ɤ̽,+,+,-,+,0,-,-,-,+,-,-,0,-,0,-,-,-,+,-,-,+,-,0,0
ɤ̞̈,+,+,-,+,0,-,-,-,+,-,-,0,-,0,-,-,-,+,-,-,+,-,0,0
ɤ̆,+,+,-,+,0,-,-,-,+,-,-,0,-,0,-,-,-,+,-,-,+,-,0,0
ɤ̝,+,+,-,+,0,-,-,-,+,-,-,0,-,0,-,-,-,+,-,-,+,-,0,0
ɤ˔,+,+,-,+,0,-,-,-,+,-,-,0,-,0,-,-,-,+,-,-,+,-,0,0
ɤ̞,+,+,-,+,0,-,-,-,+,-,-,0,-,0,-,-,-,+,-,-,+,-,0,0
ɤ,+,+,-,+,0,-,-,-,+,-,-,0,-,0,-,-,-,+,-,-,+,-,0,0
ɤ̘,+,+,-,+,0,-,-,-,+,-,-,0,-,0,-,-,-,+,-,-,+,-,0,0
ɤ̥ː,+,+,-,+,0,-,-,-,-,-,-,0,-,0,-,-,-,+,-,-,+,+,0,0
ɤ̟ː,+,+,-,+,0,-,-,-,+,-,-,0,-,0,-,-,-,+,-,-,+,+,0,0
ɤː,+,+,-,+,0,-,-,-,+,-,-,0,-,0,-,-,-,+,-,-,+,+,0,0
ɤ̝ː,+,+,-,+,0,-,-,-,+,-,-,0,-,0,-,-,-,+,-,-,+,+,0,0
ɤˑ,+,+,-,+,0,-,-,-,+,-,-,0,-,0,-,-,-,+,-,-,+,+,0,0
ɤ̞ː,+,+,-,+,0,-,-,-,+,-,-,0,-,0,-,-,-,+,-,-,+,+,0,0
ɤ̘ː,+,+,-,+,0,-,-,-,+,-,-,0,-,0,-,-,-,+,-,-,+,+,0,0
ɤ̝̹,+,+,-,+,0,-,-,-,+,-,-,0,-,0,-,-,-,+,+,-,+,-,0,0
ɤ̝͗,+,+,-,+,0,-,-,-,+,-,-,0,-,0,-,-,-,+,+,-,+,-,0,0
ɤ̹,+,+,-,+,0,-,-,-,+,-,-,0,-,0,-,-,-,+,+,-,+,-,0,0
ɤ͗,+,+,-,+,0,-,-,-,+,-,-,0,-,0,-,-,-,+,+,-,+,-,0,0
ɞ̠̊,+,+,-,+,0,-,-,-,-,-,-,0,-,0,+,-,-,-,+,-,-,-,0,0
ɞ̠̊˔,+,+,-,+,0,-,-,-,-,-,-,0,-,0,+,-,-,-,+,-,-,-,0,0
ɞ̝̊,+,+,-,+,0,-,-,-,-,-,-,0,-,0,+,-,-,-,+,-,-,-,0,0
ɞ̥,+,+,-,+,0,-,-,-,-,-,-,0,-,0,+,-,-,-,+,-,-,-,0,0
ɞ̊,+,+,-,+,0,-,-,-,-,-,-,0,-,0,+,-,-,-,+,-,-,-,0,0
ɞ̟,+,+,-,+,0,-,-,-,+,-,-,0,-,0,+,-,-,-,+,-,-,-,0,0
ɞ̠,+,+,-,+,0,-,-,-,+,-,-,0,-,0,+,-,-,-,+,-,-,-,0,0
ɞ̈,+,+,-,+,0,-,-,-,+,-,-,0,-,0,+,-,-,-,+,-,-,-,0,0
ɞ̽,+,+,-,+,0,-,-,-,+,-,-,0,-,0,+,-,-,-,+,-,-,-,0,0
ɞ̝͗,+,+,-,+,0,-,-,-,+,-,-,0,-,0,+,-,-,-,+,-,-,-,0,0
ɞ̞̈,+,+,-,+,0,-,-,-,+,-,-,0,-,0,+,-,-,-,+,-,-,-,0,0
ɞ̆,+,+,-,+,0,-,-,-,+,-,-,0,-,0,+,-,-,-,+,-,-,-,0,0
ɞ̝,+,+,-,+,0,-,-,-,+,-,-,0,-,0,+,-,-,-,+,-,-,-,0,0
ɞ˔,+,+,-,+,0,-,-,-,+,-,-,0,-,0,+,-,-,-,+,-,-,-,0,0
ɞ̞,+,+,-,+,0,-,-,-,+,-,-,0,-,0,+,-,-,-,+,-,-,-,0,0
ɞ͗,+,+,-,+,0,-,-,-,+,-,-,0,-,0,+,-,-,-,+,-,-,-,0,0
ɞ,+,+,-,+,0,-,-,-,+,-,-,0,-,0,+,-,-,-,+,-,-,-,0,0
ɞ̙,+,+,-,+,0,-,-,-,+,-,-,0,-,0,+,-,-,-,+,-,-,-,0,0
ɵ̙,+,+,-,+,0,-,-,-,+,-,-,0,-,0,+,-,-,-,+,-,-,-,0,0
ɞ̥ː,+,+,-,+,0,-,-,-,-,-,-,0,-,0,+,-,-,-,+,-,-,+,0,0
ɞ̟ː,+,+,-,+,0,-,-,-,+,-,-,0,-,0,+,-,-,-,+,-,-,+,0,0
ɞː,+,+,-,+,0,-,-,-,+,-,-,0,-,0,+,-,-,-,+,-,-,+,0,0
ɞ̝ː,+,+,-,+,0,-,-,-,+,-,-,0,-,0,+,-,-,-,+,-,-,+,0,0
ɞˑ,+,+,-,+,0,-,-,-,+,-,-,0,-,0,+,-,-,-,+,-,-,+,0,0
ɞ̞ː,+,+,-,+,0,-,-,-,+,-,-,0,-,0,+,-,-,-,+,-,-,+,0,0
ɞ̙ː,+,+,-,+,0,-,-,-,+,-,-,0,-,0,+,-,-,-,+,-,-,+,0,0
ɵ̙ː,+,+,-,+,0,-,-,-,+,-,-,0,-,0,+,-,-,-,+,-,-,+,0,0
ɵ̠̊,+,+,-,+,0,-,-,-,-,-,-,0,-,0,+,-,-,-,+,-,+,-,0,0
ɵ̠̊˔,+,+,-,+,0,-,-,-,-,-,-,0,-,0,+,-,-,-,+,-,+,-,0,0
ɵ̝̊,+,+,-,+,0,-,-,-,-,-,-,0,-,0,+,-,-,-,+,-,+,-,0,0
ɵ̥,+,+,-,+,0,-,-,-,-,-,-,0,-,0,+,-,-,-,+,-,+,-,0,0
ɵ̊,+,+,-,+,0,-,-,-,-,-,-,0,-,0,+,-,-,-,+,-,+,-,0,0
ɵ̟,+,+,-,+,0,-,-,-,+,-,-,0,-,0,+,-,-,-,+,-,+,-,0,0
ɵ̠,+,+,-,+,0,-,-,-,+,-,-,0,-,0,+,-,-,-,+,-,+,-,0,0
ɵ̈,+,+,-,+,0,-,-,-,+,-,-,0,-,0,+,-,-,-,+,-,+,-,0,0
ɵ̽,+,+,-,+,0,-,-,-,+,-,-,0,-,0,+,-,-,-,+,-,+,-,0,0
ɵ̝͗,+,+,-,+,0,-,-,-,+,-,-,0,-,0,+,-,-,-,+,-,+,-,0,0
ɵ̞̈,+,+,-,+,0,-,-,-,+,-,-,0,-,0,+,-,-,-,+,-,+,-,0,0
ɵ̆,+,+,-,+,0,-,-,-,+,-,-,0,-,0,+,-,-,-,+,-,+,-,0,0
ɵ̝,+,+,-,+,0,-,-,-,+,-,-,0,-,0,+,-,-,-,+,-,+,-,0,0
ɵ˔,+,+,-,+,0,-,-,-,+,-,-,0,-,0,+,-,-,-,+,-,+,-,0,0
ɵ̞,+,+,-,+,0,-,-,-,+,-,-,0,-,0,+,-,-,-,+,-,+,-,0,0
ɵ,+,+,-,+,0,-,-,-,+,-,-,0,-,0,+,-,-,-,+,-,+,-,0,0
ɵ͗,+,+,-,+,0,-,-,-,+,-,-,0,-,0,+,-,-,-,+,-,+,-,0,0
ɞ̘,+,+,-,+,0,-,-,-,+,-,-,0,-,0,+,-,-,-,+,-,+,-,0,0
ɵ̘,+,+,-,+,0,-,-,-,+,-,-,0,-,0,+,-,-,-,+,-,+,-,0,0
ɵ̥ː,+,+,-,+,0,-,-,-,-,-,-,0,-,0,+,-,-,-,+,-,+,+,0,0
ɵ̟ː,+,+,-,+,0,-,-,-,+,-,-,0,-,0,+,-,-,-,+,-,+,+,0,0
ɵː,+,+,-,+,0,-,-,-,+,-,-,0,-,0,+,-,-,-,+,-,+,+,0,0
ɵ̝ː,+,+,-,+,0,-,-,-,+,-,-,0,-,0,+,-,-,-,+,-,+,+,0,0
ɵˑ,+,+,-,+,0,-,-,-,+,-,-,0,-,0,+,-,-,-,+,-,+,+,0,0
ɵ̞ː,+,+,-,+,0,-,-,-,+,-,-,0,-,0,+,-,-,-,+,-,+,+,0,0
ɞ̘ː,+,+,-,+,0,-,-,-,+,-,-,0,-,0,+,-,-,-,+,-,+,+,0,0
ɵ̘ː,+,+,-,+,0,-,-,-,+,-,-,0,-,0,+,-,-,-,+,-,+,+,0,0
ɑ̙,+,+,-,+,0,-,-,-,+,-,-,0,-,0,-,-,+,+,-,-,-,-,0,0
ɑ̙ː,+,+,-,+,0,-,-,-,+,-,-,0,-,0,-,-,+,+,-,-,-,+,0,0
ɑ̥ˤ,+,+,-,+,0,-,-,-,-,-,-,0,-,0,-,-,+,+,-,-,+,-,0,0
ɘ̥ˤ,+,+,-,+,0,-,-,-,-,-,-,0,-,0,-,-,+,+,-,-,+,-,0,0
ɤ̥ˤ,+,+,-,+,0,-,-,-,-,-,-,0,-,0,-,-,+,+,-,-,+,-,0,0
ɑ̠̊,+,+,-,+,0,-,-,-,-,-,-,0,-,0,-,-,+,+,-,-,+,-,0,0
ɑ̠̊˔,+,+,-,+,0,-,-,-,-,-,-,0,-,0,-,-,+,+,-,-,+,-,0,0
ɑ̝̊,+,+,-,+,0,-,-,-,-,-,-,0,-,0,-,-,+,+,-,-,+,-,0,0
ɑ̥,+,+,-,+,0,-,-,-,-,-,-,0,-,0,-,-,+,+,-,-,+,-,0,0
ɑ̊,+,+,-,+,0,-,-,-,-,-,-,0,-,0,-,-,+,+,-,-,+,-,0,0
ɑ̟,+,+,-,+,0,-,-,-,+,-,-,0,-,0,-,-,+,+,-,-,+,-,0,0
ɑ̠,+,+,-,+,0,-,-,-,+,-,-,0,-,0,-,-,+,+,-,-,+,-,0,0
ɑ̈,+,+,-,+,0,-,-,-,+,-,-,0,-,0,-,-,+,+,-,-,+,-,0,0
ɑ̽,+,+,-,+,0,-,-,-,+,-,-,0,-,0,-,-,+,+,-,-,+,-,0,0
ɑ̞̈,+,+,-,+,0,-,-,-,+,-,-,0,-,0,-,-,+,+,-,-,+,-,0,0
ɑ̆,+,+,-,+,0,-,-,-,+,-,-,0,-,0,-,-,+,+,-,-,+,-,0,0
ɑˤ,+,+,-,+,0,-,-,-,+,-,-,0,-,0,-,-,+,+,-,-,+,-,0,0
ɘˤ,+,+,-,+,0,-,-,-,+,-,-,0,-,0,-,-,+,+,-,-,+,-,0,0
ɤˤ,+,+,-,+,0,-,-,-,+,-,-,0,-,0,-,-,+,+,-,-,+,-,0,0
ɑ̝,+,+,-,+,0,-,-,-,+,-,-,0,-,0,-,-,+,+,-,-,+,-,0,0
ɑ˔,+,+,-,+,0,-,-,-,+,-,-,0,-,0,-,-,+,+,-,-,+,-,0,0
ɑ̞,+,+,-,+,0,-,-,-,+,-,-,0,-,0,-,-,+,+,-,-,+,-,0,0
ɑ,+,+,-,+,0,-,-,-,+,-,-,0,-,0,-,-,+,+,-,-,+,-,0,0
ɑ̘,+,+,-,+,0,-,-,-,+,-,-,0,-,0,-,-,+,+,-,-,+,-,0,0
ɑ̥ː,+,+,-,+,0,-,-,-,-,-,-,0,-,0,-,-,+,+,-,-,+,+,0,0
ɑ̟ː,+,+,-,+,0,-,-,-,+,-,-,0,-,0,-,-,+,+,-,-,+,+,0,0
ɑː,+,+,-,+,0,-,-,-,+,-,-,0,-,0,-,-,+,+,-,-,+,+,0,0
ɑ̝ː,+,+,-,+,0,-,-,-,+,-,-,0,-,0,-,-,+,+,-,-,+,+,0,0
ɑˑ,+,+,-,+,0,-,-,-,+,-,-,0,-,0,-,-,+,+,-,-,+,+,0,0
ɑ̞ː,+,+,-,+,0,-,-,-,+,-,-,0,-,0,-,-,+,+,-,-,+,+,0,0
ɑˤː,+,+,-,+,0,-,-,-,+,-,-,0,-,0,-,-,+,+,-,-,+,+,0,0
ɘˤː,+,+,-,+,0,-,-,-,+,-,-,0,-,0,-,-,+,+,-,-,+,+,0,0
ɤˤː,+,+,-,+,0,-,-,-,+,-,-,0,-,0,-,-,+,+,-,-,+,+,0,0
ɑ̘ː,+,+,-,+,0,-,-,-,+,-,-,0,-,0,-,-,+,+,-,-,+,+,0,0
ɑːˤ,+,+,-,+,0,-,-,-,+,-,-,0,-,0,-,-,+,+,-,-,+,+,0,0
ɘːˤ,+,+,-,+,0,-,-,-,+,-,-,0,-,0,-,-,+,+,-,-,+,+,0,0
ɤːˤ,+,+,-,+,0,-,-,-,+,-,-,0,-,0,-,-,+,+,-,-,+,+,0,0
ɑ̝̹,+,+,-,+,0,-,-,-,+,-,-,0,-,0,-,-,+,+,+,-,+,-,0,0
ɑ̝͗,+,+,-,+,0,-,-,-,+,-,-,0,-,0,-,-,+,+,+,-,+,-,0,0
ɑ̹,+,+,-,+,0,-,-,-,+,-,-,0,-,0,-,-,+,+,+,-,+,-,0,0
ɑ͗,+,+,-,+,0,-,-,-,+,-,-,0,-,0,-,-,+,+,+,-,+,-,0,0
ɞ̥ˤ,+,+,-,+,0,-,-,-,-,-,-,0,-,0,+,-,+,+,+,-,-,-,0,0
ɞˤ,+,+,-,+,0,-,-,-,+,-,-,0,-,0,+,-,+,+,+,-,-,-,0,0
ɞˤː,+,+,-,+,0,-,-,-,+,-,-,0,-,0,+,-,+,+,+,-,-,+,0,0
ɞːˤ,+,+,-,+,0,-,-,-,+,-,-,0,-,0,+,-,+,+,+,-,-,+,0,0
ɵ̥ˤ,+,+,-,+,0,-,-,-,-,-,-,0,-,0,+,-,+,+,+,-,+,-,0,0
ɵˤ,+,+,-,+,0,-,-,-,+,-,-,0,-,0,+,-,+,+,+,-,+,-,0,0
ɵˤː,+,+,-,+,0,-,-,-,+,-,-,0,-,0,+,-,+,+,+,-,+,+,0,0
ɵːˤ,+,+,-,+,0,-,-,-,+,-,-,0,-,0,+,-,+,+,+,-,+,+,0,0
ʋ̩ʷ,+,+,-,+,0,-,-,-,+,-,-,+,-,0,+,+,0,+,+,-,0,-,0,0
ɘ̥ʲ,+,+,-,+,0,-,-,-,-,-,-,0,-,0,-,+,-,-,-,-,+,-,0,0
ɤ̥ʲ,+,+,-,+,0,-,-,-,-,-,-,0,-,0,-,+,-,-,-,-,+,-,0,0
ɘʲ,+,+,-,+,0,-,-,-,+,-,-,0,-,0,-,+,-,-,-,-,+,-,0,0
ɤʲ,+,+,-,+,0,-,-,-,+,-,-,0,-,0,-,+,-,-,-,-,+,-,0,0
ɘʲː,+,+,-,+,0,-,-,-,+,-,-,0,-,0,-,+,-,-,-,-,+,+,0,0
ɤʲː,+,+,-,+,0,-,-,-,+,-,-,0,-,0,-,+,-,-,-,-,+,+,0,0
ɘːʲ,+,+,-,+,0,-,-,-,+,-,-,0,-,0,-,+,-,-,-,-,+,+,0,0
ɤːʲ,+,+,-,+,0,-,-,-,+,-,-,0,-,0,-,+,-,-,-,-,+,+,0,0
ɘ̙ˠ,+,+,-,+,0,-,-,-,+,-,-,0,-,0,-,+,-,+,-,-,-,-,0,0
ɤ̙ˠ,+,+,-,+,0,-,-,-,+,-,-,0,-,0,-,+,-,+,-,-,-,-,0,0
ɘ̥ˠ,+,+,-,+,0,-,-,-,-,-,-,0,-,0,-,+,-,+,-,-,+,-,0,0
ɤ̥ˠ,+,+,-,+,0,-,-,-,-,-,-,0,-,0,-,+,-,+,-,-,+,-,0,0
ɘˠ,+,+,-,+,0,-,-,-,+,-,-,0,-,0,-,+,-,+,-,-,+,-,0,0
ɤˠ,+,+,-,+,0,-,-,-,+,-,-,0,-,0,-,+,-,+,-,-,+,-,0,0
ɘ̘ˠ,+,+,-,+,0,-,-,-,+,-,-,0,-,0,-,+,-,+,-,-,+,-,0,0
ɤ̘ˠ,+,+,-,+,0,-,-,-,+,-,-,0,-,0,-,+,-,+,-,-,+,-,0,0
ɘːˠ,+,+,-,+,0,-,-,-,+,-,-,0,-,0,-,+,-,+,-,-,+,+,0,0
ɤːˠ,+,+,-,+,0,-,-,-,+,-,-,0,-,0,-,+,-,+,-,-,+,+,0,0
ɘ̠̊˔ʷ,+,+,-,+,0,-,-,-,-,-,-,0,-,0,-,+,-,+,+,-,+,-,0,0
ɤ̠̊˔ʷ,+,+,-,+,0,-,-,-,-,-,-,0,-,0,-,+,-,+,+,-,+,-,0,0
ɘ̝̊ʷ,+,+,-,+,0,-,-,-,-,-,-,0,-,0,-,+,-,+,+,-,+,-,0,0
ɤ̝̊ʷ,+,+,-,+,0,-,-,-,-,-,-,0,-,0,-,+,-,+,+,-,+,-,0,0
ɘ̥ʷ,+,+,-,+,0,-,-,-,-,-,-,0,-,0,-,+,-,+,+,-,+,-,0,0
ɤ̥ʷ,+,+,-,+,0,-,-,-,-,-,-,0,-,0,-,+,-,+,+,-,+,-,0,0
ɘʲʷ,+,+,-,+,0,-,-,-,+,-,-,0,-,0,-,+,-,+,+,-,+,-,0,0
ɤʲʷ,+,+,-,+,0,-,-,-,+,-,-,0,-,0,-,+,-,+,+,-,+,-,0,0
ɘ̝ʷ,+,+,-,+,0,-,-,-,+,-,-,0,-,0,-,+,-,+,+,-,+,-,0,0
ɤ̝ʷ,+,+,-,+,0,-,-,-,+,-,-,0,-,0,-,+,-,+,+,-,+,-,0,0
ɘ̞̈ʷ,+,+,-,+,0,-,-,-,+,-,-,0,-,0,-,+,-,+,+,-,+,-,0,0
ɤ̞̈ʷ,+,+,-,+,0,-,-,-,+,-,-,0,-,0,-,+,-,+,+,-,+,-,0,0
ɘ̠ʷ,+,+,-,+,0,-,-,-,+,-,-,0,-,0,-,+,-,+,+,-,+,-,0,0
ɤ̠ʷ,+,+,-,+,0,-,-,-,+,-,-,0,-,0,-,+,-,+,+,-,+,-,0,0
ɘʷ,+,+,-,+,0,-,-,-,+,-,-,0,-,0,-,+,-,+,+,-,+,-,0,0
ɤʷ,+,+,-,+,0,-,-,-,+,-,-,0,-,0,-,+,-,+,+,-,+,-,0,0
ɘ̠˔ʷ,+,+,-,+,0,-,-,-,+,-,-,0,-,0,-,+,-,+,+,-,+,-,0,0
ɤ̠˔ʷ,+,+,-,+,0,-,-,-,+,-,-,0,-,0,-,+,-,+,+,-,+,-,0,0
ɘʷː,+,+,-,+,0,-,-,-,+,-,-,0,-,0,-,+,-,+,+,-,+,+,0,0
ɤʷː,+,+,-,+,0,-,-,-,+,-,-,0,-,0,-,+,-,+,+,-,+,+,0,0
ɘːʷ,+,+,-,+,0,-,-,-,+,-,-,0,-,0,-,+,-,+,+,-,+,+,0,0
ɤːʷ,+,+,-,+,0,-,-,-,+,-,-,0,-,0,-,+,-,+,+,-,+,+,0,0
ɘ˞,+,+,-,+,0,-,-,-,+,-,-,-,-,0,-,+,-,-,+,-,+,-,0,0
ɘ˞̞,+,+,-,+,0,-,-,-,+,-,-,-,-,0,-,+,-,-,+,-,+,-,0,0
ɘ˞ˑ,+,+,-,+,0,-,-,-,+,-,-,-,-,0,-,+,-,-,+,-,+,+,0,0
ɘ˞ː,+,+,-,+,0,-,-,-,+,-,-,-,-,0,-,+,-,-,+,-,+,+,0,0
ɰ̍,+,+,-,+,0,-,-,-,+,-,-,-,-,0,-,+,-,+,-,-,+,-,0,0
ɰ̩,+,+,-,+,0,-,-,-,+,-,-,-,-,0,-,+,-,+,-,-,+,-,0,0
ɰ̍ː,+,+,-,+,0,-,-,-,+,-,-,-,-,0,-,+,-,+,-,-,+,+,0,0
ɤ˞,+,+,-,+,0,-,-,-,+,-,-,-,-,0,-,+,-,+,+,-,+,-,0,0
ɰ̩ʷ,+,+,-,+,0,-,-,-,+,-,-,-,-,0,-,+,-,+,+,-,+,-,0,0
ɤ˞̞,+,+,-,+,0,-,-,-,+,-,-,-,-,0,-,+,-,+,+,-,+,-,0,0
ɤ˞ˑ,+,+,-,+,0,-,-,-,+,-,-,-,-,0,-,+,-,+,+,-,+,+,0,0
ɤ˞ː,+,+,-,+,0,-,-,-,+,-,-,-,-,0,-,+,-,+,+,-,+,+,0,0
ɞ̥ʲ,+,+,-,+,0,-,-,-,-,-,-,0,-,0,+,+,-,-,+,-,-,-,0,0
ɞʲ,+,+,-,+,0,-,-,-,+,-,-,0,-,0,+,+,-,-,+,-,-,-,0,0
ɞʲː,+,+,-,+,0,-,-,-,+,-,-,0,-,0,+,+,-,-,+,-,-,+,0,0
ɞːʲ,+,+,-,+,0,-,-,-,+,-,-,0,-,0,+,+,-,-,+,-,-,+,0,0
ɵ̥ʲ,+,+,-,+,0,-,-,-,-,-,-,0,-,0,+,+,-,-,+,-,+,-,0,0
ʉ̥ʲ,+,+,-,+,0,-,-,-,-,-,-,0,-,0,+,+,-,-,+,-,+,-,0,0
ɵʲ,+,+,-,+,0,-,-,-,+,-,-,0,-,0,+,+,-,-,+,-,+,-,0,0
ʉʲ,+,+,-,+,0,-,-,-,+,-,-,0,-,0,+,+,-,-,+,-,+,-,0,0
ɵʲː,+,+,-,+,0,-,-,-,+,-,-,0,-,0,+,+,-,-,+,-,+,+,0,0
ʉʲː,+,+,-,+,0,-,-,-,+,-,-,0,-,0,+,+,-,-,+,-,+,+,0,0
ɵːʲ,+,+,-,+,0,-,-,-,+,-,-,0,-,0,+,+,-,-,+,-,+,+,0,0
ʉːʲ,+,+,-,+,0,-,-,-,+,-,-,0,-,0,+,+,-,-,+,-,+,+,0,0
ɞ̠̊˔ʷ,+,+,-,+,0,-,-,-,-,-,-,0,-,0,+,+,-,+,+,-,-,-,0,0
ɞ̝̊ʷ,+,+,-,+,0,-,-,-,-,-,-,0,-,0,+,+,-,+,+,-,-,-,0,0
ɞ̥ʷ,+,+,-,+,0,-,-,-,-,-,-,0,-,0,+,+,-,+,+,-,-,-,0,0
ɞ̥ˠ,+,+,-,+,0,-,-,-,-,-,-,0,-,0,+,+,-,+,+,-,-,-,0,0
ɞʲʷ,+,+,-,+,0,-,-,-,+,-,-,0,-,0,+,+,-,+,+,-,-,-,0,0
ɞ̝ʷ,+,+,-,+,0,-,-,-,+,-,-,0,-,0,+,+,-,+,+,-,-,-,0,0
ɞ̞̈ʷ,+,+,-,+,0,-,-,-,+,-,-,0,-,0,+,+,-,+,+,-,-,-,0,0
ɞˠ,+,+,-,+,0,-,-,-,+,-,-,0,-,0,+,+,-,+,+,-,-,-,0,0
ɞ̠ʷ,+,+,-,+,0,-,-,-,+,-,-,0,-,0,+,+,-,+,+,-,-,-,0,0
ɞ̙ˠ,+,+,-,+,0,-,-,-,+,-,-,0,-,0,+,+,-,+,+,-,-,-,0,0
ɵ̙ˠ,+,+,-,+,0,-,-,-,+,-,-,0,-,0,+,+,-,+,+,-,-,-,0,0
ɞʷ,+,+,-,+,0,-,-,-,+,-,-,0,-,0,+,+,-,+,+,-,-,-,0,0
ɞ̠˔ʷ,+,+,-,+,0,-,-,-,+,-,-,0,-,0,+,+,-,+,+,-,-,-,0,0
ʉ̙,+,+,-,+,0,-,-,-,+,-,-,0,-,0,+,+,-,+,+,-,-,-,0,0
ɞʷː,+,+,-,+,0,-,-,-,+,-,-,0,-,0,+,+,-,+,+,-,-,+,0,0
ɞːʷ,+,+,-,+,0,-,-,-,+,-,-,0,-,0,+,+,-,+,+,-,-,+,0,0
ʉ̙ː,+,+,-,+,0,-,-,-,+,-,-,0,-,0,+,+,-,+,+,-,-,+,0,0
ɞːˠ,+,+,-,+,0,-,-,-,+,-,-,0,-,0,+,+,-,+,+,-,-,+,0,0
ʉ̠̊,+,+,-,+,0,-,-,-,-,-,-,0,-,0,+,+,-,+,+,-,+,-,0,0
ʉ̠̊˔,+,+,-,+,0,-,-,-,-,-,-,0,-,0,+,+,-,+,+,-,+,-,0,0
ʉ̝̊,+,+,-,+,0,-,-,-,-,-,-,0,-,0,+,+,-,+,+,-,+,-,0,0
ɵ̠̊˔ʷ,+,+,-,+,0,-,-,-,-,-,-,0,-,0,+,+,-,+,+,-,+,-,0,0
ʉ̠̊˔ʷ,+,+,-,+,0,-,-,-,-,-,-,0,-,0,+,+,-,+,+,-,+,-,0,0
ɵ̝̊ʷ,+,+,-,+,0,-,-,-,-,-,-,0,-,0,+,+,-,+,+,-,+,-,0,0
ʉ̝̊ʷ,+,+,-,+,0,-,-,-,-,-,-,0,-,0,+,+,-,+,+,-,+,-,0,0
ʉ̥,+,+,-,+,0,-,-,-,-,-,-,0,-,0,+,+,-,+,+,-,+,-,0,0
ɵ̥ʷ,+,+,-,+,0,-,-,-,-,-,-,0,-,0,+,+,-,+,+,-,+,-,0,0
ʉ̥ʷ,+,+,-,+,0,-,-,-,-,-,-,0,-,0,+,+,-,+,+,-,+,-,0,0
ʉ̊,+,+,-,+,0,-,-,-,-,-,-,0,-,0,+,+,-,+,+,-,+,-,0,0
ɵ̥ˠ,+,+,-,+,0,-,-,-,-,-,-,0,-,0,+,+,-,+,+,-,+,-,0,0
ʉ̟,+,+,-,+,0,-,-,-,+,-,-,0,-,0,+,+,-,+,+,-,+,-,0,0
ʉ̠,+,+,-,+,0,-,-,-,+,-,-,0,-,0,+,+,-,+,+,-,+,-,0,0
ɵʲʷ,+,+,-,+,0,-,-,-,+,-,-,0,-,0,+,+,-,+,+,-,+,-,0,0
ʉʲʷ,+,+,-,+,0,-,-,-,+,-,-,0,-,0,+,+,-,+,+,-,+,-,0,0
ʉ̈,+,+,-,+,0,-,-,-,+,-,-,0,-,0,+,+,-,+,+,-,+,-,0,0
ʉ̽,+,+,-,+,0,-,-,-,+,-,-,0,-,0,+,+,-,+,+,-,+,-,0,0
ʉ̝͗,+,+,-,+,0,-,-,-,+,-,-,0,-,0,+,+,-,+,+,-,+,-,0,0
ɵ̝ʷ,+,+,-,+,0,-,-,-,+,-,-,0,-,0,+,+,-,+,+,-,+,-,0,0
ʉ̝ʷ,+,+,-,+,0,-,-,-,+,-,-,0,-,0,+,+,-,+,+,-,+,-,0,0
ʉ̞̈,+,+,-,+,0,-,-,-,+,-,-,0,-,0,+,+,-,+,+,-,+,-,0,0
ɵ̞̈ʷ,+,+,-,+,0,-,-,-,+,-,-,0,-,0,+,+,-,+,+,-,+,-,0,0
ʉ̞̈ʷ,+,+,-,+,0,-,-,-,+,-,-,0,-,0,+,+,-,+,+,-,+,-,0,0
ʉ̆,+,+,-,+,0,-,-,-,+,-,-,0,-,0,+,+,-,+,+,-,+,-,0,0
ɵˠ,+,+,-,+,0,-,-,-,+,-,-,0,-,0,+,+,-,+,+,-,+,-,0,0
ɵ̠ʷ,+,+,-,+,0,-,-,-,+,-,-,0,-,0,+,+,-,+,+,-,+,-,0,0
ʉ̠ʷ,+,+,-,+,0,-,-,-,+,-,-,0,-,0,+,+,-,+,+,-,+,-,0,0
ɞ̘ˠ,+,+,-,+,0,-,-,-,+,-,-,0,-,0,+,+,-,+,+,-,+,-,0,0
ɵ̘ˠ,+,+,-,+,0,-,-,-,+,-,-,0,-,0,+,+,-,+,+,-,+,-,0,0
ʉ̝,+,+,-,+,0,-,-,-,+,-,-,0,-,0,+,+,-,+,+,-,+,-,0,0
ɵʷ,+,+,-,+,0,-,-,-,+,-,-,0,-,0,+,+,-,+,+,-,+,-,0,0
ʉʷ,+,+,-,+,0,-,-,-,+,-,-,0,-,0,+,+,-,+,+,-,+,-,0,0
ɵ̠˔ʷ,+,+,-,+,0,-,-,-,+,-,-,0,-,0,+,+,-,+,+,-,+,-,0,0
ʉ̠˔ʷ,+,+,-,+,0,-,-,-,+,-,-,0,-,0,+,+,-,+,+,-,+,-,0,0
ʉ˔,+,+,-,+,0,-,-,-,+,-,-,0,-,0,+,+,-,+,+,-,+,-,0,0
ʉ̞,+,+,-,+,0,-,-,-,+,-,-,0,-,0,+,+,-,+,+,-,+,-,0,0
ʉ,+,+,-,+,0,-,-,-,+,-,-,0,-,0,+,+,-,+,+,-,+,-,0,0
ʉ͗,+,+,-,+,0,-,-,-,+,-,-,0,-,0,+,+,-,+,+,-,+,-,0,0
ʉ̘,+,+,-,+,0,-,-,-,+,-,-,0,-,0,+,+,-,+,+,-,+,-,0,0
ʉ̥ː,+,+,-,+,0,-,-,-,-,-,-,0,-,0,+,+,-,+,+,-,+,+,0,0
ɵʷː,+,+,-,+,0,-,-,-,+,-,-,0,-,0,+,+,-,+,+,-,+,+,0,0
ʉʷː,+,+,-,+,0,-,-,-,+,-,-,0,-,0,+,+,-,+,+,-,+,+,0,0
ʉ̟ː,+,+,-,+,0,-,-,-,+,-,-,0,-,0,+,+,-,+,+,-,+,+,0,0
ʉː,+,+,-,+,0,-,-,-,+,-,-,0,-,0,+,+,-,+,+,-,+,+,0,0
ʉ̝ː,+,+,-,+,0,-,-,-,+,-,-,0,-,0,+,+,-,+,+,-,+,+,0,0
ʉˑ,+,+,-,+,0,-,-,-,+,-,-,0,-,0,+,+,-,+,+,-,+,+,0,0
ʉ̞ː,+,+,-,+,0,-,-,-,+,-,-,0,-,0,+,+,-,+,+,-,+,+,0,0
ɵːʷ,+,+,-,+,0,-,-,-,+,-,-,0,-,0,+,+,-,+,+,-,+,+,0,0
ʉːʷ,+,+,-,+,0,-,-,-,+,-,-,0,-,0,+,+,-,+,+,-,+,+,0,0
ʉ̘ː,+,+,-,+,0,-,-,-,+,-,-,0,-,0,+,+,-,+,+,-,+,+,0,0
ɵːˠ,+,+,-,+,0,-,-,-,+,-,-,0,-,0,+,+,-,+,+,-,+,+,0,0
ɞ˞,+,+,-,+,0,-,-,-,+,-,-,-,-,0,+,+,-,-,+,-,-,-,0,0
ɞ˞̞,+,+,-,+,0,-,-,-,+,-,-,-,-,0,+,+,-,-,+,-,-,-,0,0
ɞ˞ˑ,+,+,-,+,0,-,-,-,+,-,-,-,-,0,+,+,-,-,+,-,-,+,0,0
ɞ˞ː,+,+,-,+,0,-,-,-,+,-,-,-,-,0,+,+,-,-,+,-,-,+,0,0
ɥ̍,+,+,-,+,0,-,-,-,+,-,-,-,-,0,+,+,-,-,+,-,+,-,0,0
ɥ̩,+,+,-,+,0,-,-,-,+,-,-,-,-,0,+,+,-,-,+,-,+,-,0,0
ɵ˞,+,+,-,+,0,-,-,-,+,-,-,-,-,0,+,+,-,-,+,-,+,-,0,0
ɵ˞̞,+,+,-,+,0,-,-,-,+,-,-,-,-,0,+,+,-,-,+,-,+,-,0,0
ɵ˞ˑ,+,+,-,+,0,-,-,-,+,-,-,-,-,0,+,+,-,-,+,-,+,+,0,0
ɵ˞ː,+,+,-,+,0,-,-,-,+,-,-,-,-,0,+,+,-,-,+,-,+,+,0,0
ɥ̍ː,+,+,-,+,0,-,-,-,+,-,-,-,-,0,+,+,-,-,+,-,+,+,0,0
ʉ˞,+,+,-,+,0,-,-,-,+,-,-,-,-,0,+,+,-,+,+,-,+,-,0,0
ɥ̩ʷ,+,+,-,+,0,-,-,-,+,-,-,-,-,0,+,+,-,+,+,-,+,-,0,0
ʉ˞̞,+,+,-,+,0,-,-,-,+,-,-,-,-,0,+,+,-,+,+,-,+,-,0,0
ʉ˞ˑ,+,+,-,+,0,-,-,-,+,-,-,-,-,0,+,+,-,+,+,-,+,+,0,0
ʉ˞ː,+,+,-,+,0,-,-,-,+,-,-,-,-,0,+,+,-,+,+,-,+,+,0,0
ɑ̥ʲ,+,+,-,+,0,-,-,-,-,-,-,0,-,0,-,+,+,-,-,-,+,-,0,0
ɑʲ,+,+,-,+,0,-,-,-,+,-,-,0,-,0,-,+,+,-,-,-,+,-,0,0
ɑʲː,+,+,-,+,0,-,-,-,+,-,-,0,-,0,-,+,+,-,-,-,+,+,0,0
ɑːʲ,+,+,-,+,0,-,-,-,+,-,-,0,-,0,-,+,+,-,-,-,+,+,0,0
ɑ̙ˠ,+,+,-,+,0,-,-,-,+,-,-,0,-,0,-,+,+,+,-,-,-,-,0,0
ɑ̥ˠ,+,+,-,+,0,-,-,-,-,-,-,0,-,0,-,+,+,+,-,-,+,-,0,0
ɑˠ,+,+,-,+,0,-,-,-,+,-,-,0,-,0,-,+,+,+,-,-,+,-,0,0
ɑ̘ˠ,+,+,-,+,0,-,-,-,+,-,-,0,-,0,-,+,+,+,-,-,+,-,0,0
ɑːˠ,+,+,-,+,0,-,-,-,+,-,-,0,-,0,-,+,+,+,-,-,+,+,0,0
ɑ̠̊˔ʷ,+,+,-,+,0,-,-,-,-,-,-,0,-,0,-,+,+,+,+,-,+,-,0,0
ɑ̝̊ʷ,+,+,-,+,0,-,-,-,-,-,-,0,-,0,-,+,+,+,+,-,+,-,0,0
ɑ̥ʷ,+,+,-,+,0,-,-,-,-,-,-,0,-,0,-,+,+,+,+,-,+,-,0,0
ɑʲʷ,+,+,-,+,0,-,-,-,+,-,-,0,-,0,-,+,+,+,+,-,+,-,0,0
ɑ̝ʷ,+,+,-,+,0,-,-,-,+,-,-,0,-,0,-,+,+,+,+,-,+,-,0,0
ɑ̞̈ʷ,+,+,-,+,0,-,-,-,+,-,-,0,-,0,-,+,+,+,+,-,+,-,0,0
ɑ̠ʷ,+,+,-,+,0,-,-,-,+,-,-,0,-,0,-,+,+,+,+,-,+,-,0,0
ɑʷ,+,+,-,+,0,-,-,-,+,-,-,0,-,0,-,+,+,+,+,-,+,-,0,0
ɑ̠˔ʷ,+,+,-,+,0,-,-,-,+,-,-,0,-,0,-,+,+,+,+,-,+,-,0,0
ɑʷˤ,+,+,-,+,0,-,-,-,+,-,-,0,-,0,-,+,+,+,+,-,+,-,0,0
ɘʷˤ,+,+,-,+,0,-,-,-,+,-,-,0,-,0,-,+,+,+,+,-,+,-,0,0
ɤʷˤ,+,+,-,+,0,-,-,-,+,-,-,0,-,0,-,+,+,+,+,-,+,-,0,0
ɑʷː,+,+,-,+,0,-,-,-,+,-,-,0,-,0,-,+,+,+,+,-,+,+,0,0
ɑːʷ,+,+,-,+,0,-,-,-,+,-,-,0,-,0,-,+,+,+,+,-,+,+,0,0
ɑ˞,+,+,-,+,0,-,-,-,+,-,-,-,-,0,-,+,+,+,+,-,+,-,0,0
ɑ˞̞,+,+,-,+,0,-,-,-,+,-,-,-,-,0,-,+,+,+,+,-,+,-,0,0
ɑ˞ˑ,+,+,-,+,0,-,-,-,+,-,-,-,-,0,-,+,+,+,+,-,+,+,0,0
ɑ˞ː,+,+,-,+,0,-,-,-,+,-,-,-,-,0,-,+,+,+,+,-,+,+,0,0
ɞʷˤ,+,+,-,+,0,-,-,-,+,-,-,0,-,0,+,+,+,+,+,-,-,-,0,0
ʉ̥ˤ,+,+,-,+,0,-,-,-,-,-,-,0,-,0,+,+,+,+,+,-,+,-,0,0
ʉˤ,+,+,-,+,0,-,-,-,+,-,-,0,-,0,+,+,+,+,+,-,+,-,0,0
ɵʷˤ,+,+,-,+,0,-,-,-,+,-,-,0,-,0,+,+,+,+,+,-,+,-,0,0
ʉʷˤ,+,+,-,+,0,-,-,-,+,-,-,0,-,0,+,+,+,+,+,-,+,-,0,0
ʉˤː,+,+,-,+,0,-,-,-,+,-,-,0,-,0,+,+,+,+,+,-,+,+,0,0
ʉːˤ,+,+,-,+,0,-,-,-,+,-,-,0,-,0,+,+,+,+,+,-,+,+,0,0
ɘ̰,+,+,-,+,0,-,-,-,+,-,+,0,-,0,-,-,-,-,-,-,+,-,0,0
ɘ̰ː,+,+,-,+,0,-,-,-,+,-,+,0,-,0,-,-,-,-,-,-,+,+,0,0
ɤ̰,+,+,-,+,0,-,-,-,+,-,+,0,-,0,-,-,-,+,-,-,+,-,0,0
ɤ̰ː,+,+,-,+,0,-,-,-,+,-,+,0,-,0,-,-,-,+,-,-,+,+,0,0
ɞ̰,+,+,-,+,0,-,-,-,+,-,+,0,-,0,+,-,-,-,+,-,-,-,0,0
ɞ̰ː,+,+,-,+,0,-,-,-,+,-,+,0,-,0,+,-,-,-,+,-,-,+,0,0
ɵ̰,+,+,-,+,0,-,-,-,+,-,+,0,-,0,+,-,-,-,+,-,+,-,0,0
ɵ̰ː,+,+,-,+,0,-,-,-,+,-,+,0,-,0,+,-,-,-,+,-,+,+,0,0
ɑ̰ˤ,+,+,-,+,0,-,-,-,+,-,+,0,-,0,-,-,+,+,-,-,+,-,0,0
ɘ̰ˤ,+,+,-,+,0,-,-,-,+,-,+,0,-,0,-,-,+,+,-,-,+,-,0,0
ɤ̰ˤ,+,+,-,+,0,-,-,-,+,-,+,0,-,0,-,-,+,+,-,-,+,-,0,0
ɑ̰,+,+,-,+,0,-,-,-,+,-,+,0,-,0,-,-,+,+,-,-,+,-,0,0
ɑ̰ː,+,+,-,+,0,-,-,-,+,-,+,0,-,0,-,-,+,+,-,-,+,+,0,0
ɞ̰ˤ,+,+,-,+,0,-,-,-,+,-,+,0,-,0,+,-,+,+,+,-,-,-,0,0
ɵ̰ˤ,+,+,-,+,0,-,-,-,+,-,+,0,-,0,+,-,+,+,+,-,+,-,0,0
ɘ̰ʲ,+,+,-,+,0,-,-,-,+,-,+,0,-,0,-,+,-,-,-,-,+,-,0,0
ɤ̰ʲ,+,+,-,+,0,-,-,-,+,-,+,0,-,0,-,+,-,-,-,-,+,-,0,0
ɘ̰ˠ,+,+,-,+,0,-,-,-,+,-,+,0,-,0,-,+,-,+,-,-,+,-,0,0
ɤ̰ˠ,+,+,-,+,0,-,-,-,+,-,+,0,-,0,-,+,-,+,-,-,+,-,0,0
ɘ̰ʷ,+,+,-,+,0,-,-,-,+,-,+,0,-,0,-,+,-,+,+,-,+,-,0,0
ɤ̰ʷ,+,+,-,+,0,-,-,-,+,-,+,0,-,0,-,+,-,+,+,-,+,-,0,0
ɞ̰ʲ,+,+,-,+,0,-,-,-,+,-,+,0,-,0,+,+,-,-,+,-,-,-,0,0
ɵ̰ʲ,+,+,-,+,0,-,-,-,+,-,+,0,-,0,+,+,-,-,+,-,+,-,0,0
ʉ̰ʲ,+,+,-,+,0,-,-,-,+,-,+,0,-,0,+,+,-,-,+,-,+,-,0,0
ɞ̰ˠ,+,+,-,+,0,-,-,-,+,-,+,0,-,0,+,+,-,+,+,-,-,-,0,0
ɞ̰ʷ,+,+,-,+,0,-,-,-,+,-,+,0,-,0,+,+,-,+,+,-,-,-,0,0
ɵ̰ˠ,+,+,-,+,0,-,-,-,+,-,+,0,-,0,+,+,-,+,+,-,+,-,0,0
ʉ̰,+,+,-,+,0,-,-,-,+,-,+,0,-,0,+,+,-,+,+,-,+,-,0,0
ɵ̰ʷ,+,+,-,+,0,-,-,-,+,-,+,0,-,0,+,+,-,+,+,-,+,-,0,0
ʉ̰ʷ,+,+,-,+,0,-,-,-,+,-,+,0,-,0,+,+,-,+,+,-,+,-,0,0
ʉ̰ː,+,+,-,+,0,-,-,-,+,-,+,0,-,0,+,+,-,+,+,-,+,+,0,0
ɑ̰ʲ,+,+,-,+,0,-,-,-,+,-,+,0,-,0,-,+,+,-,-,-,+,-,0,0
ɑ̰ˠ,+,+,-,+,0,-,-,-,+,-,+,0,-,0,-,+,+,+,-,-,+,-,0,0
ɑ̰ʷ,+,+,-,+,0,-,-,-,+,-,+,0,-,0,-,+,+,+,+,-,+,-,0,0
ʉ̰ˤ,+,+,-,+,0,-,-,-,+,-,+,0,-,0,+,+,+,+,+,-,+,-,0,0
ɘ̤̥,+,+,-,+,0,-,-,-,-,+,-,0,-,0,-,-,-,-,-,-,+,-,0,0
ɘ̤,+,+,-,+,0,-,-,-,+,+,-,0,-,0,-,-,-,-,-,-,+,-,0,0
ɘ̤ː,+,+,-,+,0,-,-,-,+,+,-,0,-,0,-,-,-,-,-,-,+,+,0,0
ɤ̤̥,+,+,-,+,0,-,-,-,-,+,-,0,-,0,-,-,-,+,-,-,+,-,0,0
ɤ̤,+,+,-,+,0,-,-,-,+,+,-,0,-,0,-,-,-,+,-,-,+,-,0,0
ɤ̤ː,+,+,-,+,0,-,-,-,+,+,-,0,-,0,-,-,-,+,-,-,+,+,0,0
ɞ̤̥,+,+,-,+,0,-,-,-,-,+,-,0,-,0,+,-,-,-,+,-,-,-,0,0
ɞ̤,+,+,-,+,0,-,-,-,+,+,-,0,-,0,+,-,-,-,+,-,-,-,0,0
ɞ̤ː,+,+,-,+,0,-,-,-,+,+,-,0,-,0,+,-,-,-,+,-,-,+,0,0
ɵ̤̥,+,+,-,+,0,-,-,-,-,+,-,0,-,0,+,-,-,-,+,-,+,-,0,0
ɵ̤,+,+,-,+,0,-,-,-,+,+,-,0,-,0,+,-,-,-,+,-,+,-,0,0
ɵ̤ː,+,+,-,+,0,-,-,-,+,+,-,0,-,0,+,-,-,-,+,-,+,+,0,0
ɑ̤̥,+,+,-,+,0,-,-,-,-,+,-,0,-,0,-,-,+,+,-,-,+,-,0,0
ɑ̤,+,+,-,+,0,-,-,-,+,+,-,0,-,0,-,-,+,+,-,-,+,-,0,0
ɑ̤ˤ,+,+,-,+,0,-,-,-,+,+,-,0,-,0,-,-,+,+,-,-,+,-,0,0
ɘ̤ˤ,+,+,-,+,0,-,-,-,+,+,-,0,-,0,-,-,+,+,-,-,+,-,0,0
ɤ̤ˤ,+,+,-,+,0,-,-,-,+,+,-,0,-,0,-,-,+,+,-,-,+,-,0,0
ɑ̤ː,+,+,-,+,0,-,-,-,+,+,-,0,-,0,-,-,+,+,-,-,+,+,0,0
ɞ̤ˤ,+,+,-,+,0,-,-,-,+,+,-,0,-,0,+,-,+,+,+,-,-,-,0,0
ɵ̤ˤ,+,+,-,+,0,-,-,-,+,+,-,0,-,0,+,-,+,+,+,-,+,-,0,0
ɘ̤ʲ,+,+,-,+,0,-,-,-,+,+,-,0,-,0,-,+,-,-,-,-,+,-,0,0
ɤ̤ʲ,+,+,-,+,0,-,-,-,+,+,-,0,-,0,-,+,-,-,-,-,+,-,0,0
ɘ̤ˠ,+,+,-,+,0,-,-,-,+,+,-,0,-,0,-,+,-,+,-,-,+,-,0,0
ɤ̤ˠ,+,+,-,+,0,-,-,-,+,+,-,0,-,0,-,+,-,+,-,-,+,-,0,0
ɘ̤ʷ,+,+,-,+,0,-,-,-,+,+,-,0,-,0,-,+,-,+,+,-,+,-,0,0
ɤ̤ʷ,+,+,-,+,0,-,-,-,+,+,-,0,-,0,-,+,-,+,+,-,+,-,0,0
ɞ̤ʲ,+,+,-,+,0,-,-,-,+,+,-,0,-,0,+,+,-,-,+,-,-,-,0,0
ɵ̤ʲ,+,+,-,+,0,-,-,-,+,+,-,0,-,0,+,+,-,-,+,-,+,-,0,0
ʉ̤ʲ,+,+,-,+,0,-,-,-,+,+,-,0,-,0,+,+,-,-,+,-,+,-,0,0
ɞ̤ʷ,+,+,-,+,0,-,-,-,+,+,-,0,-,0,+,+,-,+,+,-,-,-,0,0
ɞ̤ˠ,+,+,-,+,0,-,-,-,+,+,-,0,-,0,+,+,-,+,+,-,-,-,0,0
ʉ̤̥,+,+,-,+,0,-,-,-,-,+,-,0,-,0,+,+,-,+,+,-,+,-,0,0
ʉ̤,+,+,-,+,0,-,-,-,+,+,-,0,-,0,+,+,-,+,+,-,+,-,0,0
ɵ̤ʷ,+,+,-,+,0,-,-,-,+,+,-,0,-,0,+,+,-,+,+,-,+,-,0,0
ʉ̤ʷ,+,+,-,+,0,-,-,-,+,+,-,0,-,0,+,+,-,+,+,-,+,-,0,0
ɵ̤ˠ,+,+,-,+,0,-,-,-,+,+,-,0,-,0,+,+,-,+,+,-,+,-,0,0
ʉ̤ː,+,+,-,+,0,-,-,-,+,+,-,0,-,0,+,+,-,+,+,-,+,+,0,0
ɑ̤ʲ,+,+,-,+,0,-,-,-,+,+,-,0,-,0,-,+,+,-,-,-,+,-,0,0
ɑ̤ˠ,+,+,-,+,0,-,-,-,+,+,-,0,-,0,-,+,+,+,-,-,+,-,0,0
ɑ̤ʷ,+,+,-,+,0,-,-,-,+,+,-,0,-,0,-,+,+,+,+,-,+,-,0,0
ʉ̤ˤ,+,+,-,+,0,-,-,-,+,+,-,0,-,0,+,+,+,+,+,-,+,-,0,0
ɘ̃ⁿ,+,+,-,+,0,-,+,-,+,-,-,0,-,0,-,-,-,-,-,-,+,-,0,0
ɘ̃,+,+,-,+,0,-,+,-,+,-,-,0,-,0,-,-,-,-,-,-,+,-,0,0
ɘⁿ,+,+,-,+,0,-,+,-,+,-,-,0,-,0,-,-,-,-,-,-,+,-,0,0
ɘ̃ː,+,+,-,+,0,-,+,-,+,-,-,0,-,0,-,-,-,-,-,-,+,+,0,0
ɘ̃ˑ,+,+,-,+,0,-,+,-,+,-,-,0,-,0,-,-,-,-,-,-,+,+,0,0
ɤ̃ⁿ,+,+,-,+,0,-,+,-,+,-,-,0,-,0,-,-,-,+,-,-,+,-,0,0
ɤ̃,+,+,-,+,0,-,+,-,+,-,-,0,-,0,-,-,-,+,-,-,+,-,0,0
ɤⁿ,+,+,-,+,0,-,+,-,+,-,-,0,-,0,-,-,-,+,-,-,+,-,0,0
ɤ̃ː,+,+,-,+,0,-,+,-,+,-,-,0,-,0,-,-,-,+,-,-,+,+,0,0
ɤ̃ˑ,+,+,-,+,0,-,+,-,+,-,-,0,-,0,-,-,-,+,-,-,+,+,0,0
ɞ̃ⁿ,+,+,-,+,0,-,+,-,+,-,-,0,-,0,+,-,-,-,+,-,-,-,0,0
ɞ̃,+,+,-,+,0,-,+,-,+,-,-,0,-,0,+,-,-,-,+,-,-,-,0,0
ɞⁿ,+,+,-,+,0,-,+,-,+,-,-,0,-,0,+,-,-,-,+,-,-,-,0,0
ɞ̃ː,+,+,-,+,0,-,+,-,+,-,-,0,-,0,+,-,-,-,+,-,-,+,0,0
ɞ̃ˑ,+,+,-,+,0,-,+,-,+,-,-,0,-,0,+,-,-,-,+,-,-,+,0,0
ɵ̃ⁿ,+,+,-,+,0,-,+,-,+,-,-,0,-,0,+,-,-,-,+,-,+,-,0,0
ɵ̃,+,+,-,+,0,-,+,-,+,-,-,0,-,0,+,-,-,-,+,-,+,-,0,0
ɵⁿ,+,+,-,+,0,-,+,-,+,-,-,0,-,0,+,-,-,-,+,-,+,-,0,0
ɵ̃ː,+,+,-,+,0,-,+,-,+,-,-,0,-,0,+,-,-,-,+,-,+,+,0,0
ɵ̃ˑ,+,+,-,+,0,-,+,-,+,-,-,0,-,0,+,-,-,-,+,-,+,+,0,0
ɑ̃ˤ,+,+,-,+,0,-,+,-,+,-,-,0,-,0,-,-,+,+,-,-,+,-,0,0
ɘ̃ˤ,+,+,-,+,0,-,+,-,+,-,-,0,-,0,-,-,+,+,-,-,+,-,0,0
ɤ̃ˤ,+,+,-,+,0,-,+,-,+,-,-,0,-,0,-,-,+,+,-,-,+,-,0,0
ɑ̃ⁿ,+,+,-,+,0,-,+,-,+,-,-,0,-,0,-,-,+,+,-,-,+,-,0,0
ɑ̃,+,+,-,+,0,-,+,-,+,-,-,0,-,0,-,-,+,+,-,-,+,-,0,0
ɑⁿ,+,+,-,+,0,-,+,-,+,-,-,0,-,0,-,-,+,+,-,-,+,-,0,0
ɑ̃ː,+,+,-,+,0,-,+,-,+,-,-,0,-,0,-,-,+,+,-,-,+,+,0,0
ɑ̃ˑ,+,+,-,+,0,-,+,-,+,-,-,0,-,0,-,-,+,+,-,-,+,+,0,0
ɞ̃ˤ,+,+,-,+,0,-,+,-,+,-,-,0,-,0,+,-,+,+,+,-,-,-,0,0
ɵ̃ˤ,+,+,-,+,0,-,+,-,+,-,-,0,-,0,+,-,+,+,+,-,+,-,0,0
ɘ˞̃,+,+,-,+,0,-,+,-,+,-,-,-,-,0,-,+,-,-,+,-,+,-,0,0
ɤ˞̃,+,+,-,+,0,-,+,-,+,-,-,-,-,0,-,+,-,+,+,-,+,-,0,0
ʉ̃ⁿ,+,+,-,+,0,-,+,-,+,-,-,0,-,0,+,+,-,+,+,-,+,-,0,0
ʉ̃,+,+,-,+,0,-,+,-,+,-,-,0,-,0,+,+,-,+,+,-,+,-,0,0
ʉⁿ,+,+,-,+,0,-,+,-,+,-,-,0,-,0,+,+,-,+,+,-,+,-,0,0
ʉ̃ː,+,+,-,+,0,-,+,-,+,-,-,0,-,0,+,+,-,+,+,-,+,+,0,0
ʉ̃ˑ,+,+,-,+,0,-,+,-,+,-,-,0,-,0,+,+,-,+,+,-,+,+,0,0
ɞ˞̃,+,+,-,+,0,-,+,-,+,-,-,-,-,0,+,+,-,-,+,-,-,-,0,0
ɵ˞̃,+,+,-,+,0,-,+,-,+,-,-,-,-,0,+,+,-,-,+,-,+,-,0,0
ʉ˞̃,+,+,-,+,0,-,+,-,+,-,-,-,-,0,+,+,-,+,+,-,+,-,0,0
ɑ˞̃,+,+,-,+,0,-,+,-,+,-,-,-,-,0,-,+,+,+,+,-,+,-,0,0
ʉ̃ˤ,+,+,-,+,0,-,+,-,+,-,-,0,-,0,+,+,+,+,+,-,+,-,0,0
ɘ̰̃,+,+,-,+,0,-,+,-,+,-,+,0,-,0,-,-,-,-,-,-,+,-,0,0
ɤ̰̃,+,+,-,+,0,-,+,-,+,-,+,0,-,0,-,-,-,+,-,-,+,-,0,0
ɞ̰̃,+,+,-,+,0,-,+,-,+,-,+,0,-,0,+,-,-,-,+,-,-,-,0,0
ɵ̰̃,+,+,-,+,0,-,+,-,+,-,+,0,-,0,+,-,-,-,+,-,+,-,0,0
ɑ̰̃,+,+,-,+,0,-,+,-,+,-,+,0,-,0,-,-,+,+,-,-,+,-,0,0
ʉ̰̃,+,+,-,+,0,-,+,-,+,-,+,0,-,0,+,+,-,+,+,-,+,-,0,0
ɛ̠̊,+,+,-,+,-,-,-,-,-,-,-,0,-,0,-,-,-,-,-,-,-,-,0,0
ɛ̠̊˔,+,+,-,+,-,-,-,-,-,-,-,0,-,0,-,-,-,-,-,-,-,-,0,0
ɛ̝̊,+,+,-,+,-,-,-,-,-,-,-,0,-,0,-,-,-,-,-,-,-,-,0,0
ɛ̥,+,+,-,+,-,-,-,-,-,-,-,0,-,0,-,-,-,-,-,-,-,-,0,0
ɛ̊,+,+,-,+,-,-,-,-,-,-,-,0,-,0,-,-,-,-,-,-,-,-,0,0
ɛ̟,+,+,-,+,-,-,-,-,+,-,-,0,-,0,-,-,-,-,-,-,-,-,0,0
ɛ̠,+,+,-,+,-,-,-,-,+,-,-,0,-,0,-,-,-,-,-,-,-,-,0,0
ɛ̈,+,+,-,+,-,-,-,-,+,-,-,0,-,0,-,-,-,-,-,-,-,-,0,0
ɛ̽,+,+,-,+,-,-,-,-,+,-,-,0,-,0,-,-,-,-,-,-,-,-,0,0
ɛ̞̈,+,+,-,+,-,-,-,-,+,-,-,0,-,0,-,-,-,-,-,-,-,-,0,0
ɛ̆,+,+,-,+,-,-,-,-,+,-,-,0,-,0,-,-,-,-,-,-,-,-,0,0
ɛ̝,+,+,-,+,-,-,-,-,+,-,-,0,-,0,-,-,-,-,-,-,-,-,0,0
ɛ˔,+,+,-,+,-,-,-,-,+,-,-,0,-,0,-,-,-,-,-,-,-,-,0,0
ɛ̞,+,+,-,+,-,-,-,-,+,-,-,0,-,0,-,-,-,-,-,-,-,-,0,0
ɛ,+,+,-,+,-,-,-,-,+,-,-,0,-,0,-,-,-,-,-,-,-,-,0,0
e̙,+,+,-,+,-,-,-,-,+,-,-,0,-,0,-,-,-,-,-,-,-,-,0,0
ɛ̙,+,+,-,+,-,-,-,-,+,-,-,0,-,0,-,-,-,-,-,-,-,-,0,0
ɛ̥ː,+,+,-,+,-,-,-,-,-,-,-,0,-,0,-,-,-,-,-,-,-,+,0,0
ɛ̟ː,+,+,-,+,-,-,-,-,+,-,-,0,-,0,-,-,-,-,-,-,-,+,0,0
ɛː,+,+,-,+,-,-,-,-,+,-,-,0,-,0,-,-,-,-,-,-,-,+,0,0
ɛ̝ː,+,+,-,+,-,-,-,-,+,-,-,0,-,0,-,-,-,-,-,-,-,+,0,0
ɛˑ,+,+,-,+,-,-,-,-,+,-,-,0,-,0,-,-,-,-,-,-,-,+,0,0
ɛ̞ː,+,+,-,+,-,-,-,-,+,-,-,0,-,0,-,-,-,-,-,-,-,+,0,0
e̙ː,+,+,-,+,-,-,-,-,+,-,-,0,-,0,-,-,-,-,-,-,-,+,0,0
ɛ̙ː,+,+,-,+,-,-,-,-,+,-,-,0,-,0,-,-,-,-,-,-,-,+,0,0
e̠̊,+,+,-,+,-,-,-,-,-,-,-,0,-,0,-,-,-,-,-,-,+,-,0,0
e̠̊˔,+,+,-,+,-,-,-,-,-,-,-,0,-,0,-,-,-,-,-,-,+,-,0,0
e̝̊,+,+,-,+,-,-,-,-,-,-,-,0,-,0,-,-,-,-,-,-,+,-,0,0
e̥,+,+,-,+,-,-,-,-,-,-,-,0,-,0,-,-,-,-,-,-,+,-,0,0
e̊,+,+,-,+,-,-,-,-,-,-,-,0,-,0,-,-,-,-,-,-,+,-,0,0
e̟,+,+,-,+,-,-,-,-,+,-,-,0,-,0,-,-,-,-,-,-,+,-,0,0
e̠,+,+,-,+,-,-,-,-,+,-,-,0,-,0,-,-,-,-,-,-,+,-,0,0
ë,+,+,-,+,-,-,-,-,+,-,-,0,-,0,-,-,-,-,-,-,+,-,0,0
e̽,+,+,-,+,-,-,-,-,+,-,-,0,-,0,-,-,-,-,-,-,+,-,0,0
ë̞,+,+,-,+,-,-,-,-,+,-,-,0,-,0,-,-,-,-,-,-,+,-,0,0
ĕ,+,+,-,+,-,-,-,-,+,-,-,0,-,0,-,-,-,-,-,-,+,-,0,0
e̝,+,+,-,+,-,-,-,-,+,-,-,0,-,0,-,-,-,-,-,-,+,-,0,0
e˔,+,+,-,+,-,-,-,-,+,-,-,0,-,0,-,-,-,-,-,-,+,-,0,0
e̞,+,+,-,+,-,-,-,-,+,-,-,0,-,0,-,-,-,-,-,-,+,-,0,0
e,+,+,-,+,-,-,-,-,+,-,-,0,-,0,-,-,-,-,-,-,+,-,0,0
e̘,+,+,-,+,-,-,-,-,+,-,-,0,-,0,-,-,-,-,-,-,+,-,0,0
ɛ̘,+,+,-,+,-,-,-,-,+,-,-,0,-,0,-,-,-,-,-,-,+,-,0,0
e̥ː,+,+,-,+,-,-,-,-,-,-,-,0,-,0,-,-,-,-,-,-,+,+,0,0
e̟ː,+,+,-,+,-,-,-,-,+,-,-,0,-,0,-,-,-,-,-,-,+,+,0,0
eː,+,+,-,+,-,-,-,-,+,-,-,0,-,0,-,-,-,-,-,-,+,+,0,0
e̝ː,+,+,-,+,-,-,-,-,+,-,-,0,-,0,-,-,-,-,-,-,+,+,0,0
eˑ,+,+,-,+,-,-,-,-,+,-,-,0,-,0,-,-,-,-,-,-,+,+,0,0
e̞ː,+,+,-,+,-,-,-,-,+,-,-,0,-,0,-,-,-,-,-,-,+,+,0,0
e̘ː,+,+,-,+,-,-,-,-,+,-,-,0,-,0,-,-,-,-,-,-,+,+,0,0
ɛ̘ː,+,+,-,+,-,-,-,-,+,-,-,0,-,0,-,-,-,-,-,-,+,+,0,0
œ̠̊,+,+,-,+,-,-,-,-,-,-,-,0,-,0,-,-,-,-,+,-,-,-,0,0
œ̠̊˔,+,+,-,+,-,-,-,-,-,-,-,0,-,0,-,-,-,-,+,-,-,-,0,0
œ̝̊,+,+,-,+,-,-,-,-,-,-,-,0,-,0,-,-,-,-,+,-,-,-,0,0
œ̥,+,+,-,+,-,-,-,-,-,-,-,0,-,0,-,-,-,-,+,-,-,-,0,0
œ̊,+,+,-,+,-,-,-,-,-,-,-,0,-,0,-,-,-,-,+,-,-,-,0,0
œ̟,+,+,-,+,-,-,-,-,+,-,-,0,-,0,-,-,-,-,+,-,-,-,0,0
œ̠,+,+,-,+,-,-,-,-,+,-,-,0,-,0,-,-,-,-,+,-,-,-,0,0
œ̈,+,+,-,+,-,-,-,-,+,-,-,0,-,0,-,-,-,-,+,-,-,-,0,0
œ̽,+,+,-,+,-,-,-,-,+,-,-,0,-,0,-,-,-,-,+,-,-,-,0,0
ɛ̝̹,+,+,-,+,-,-,-,-,+,-,-,0,-,0,-,-,-,-,+,-,-,-,0,0
œ̝͗,+,+,-,+,-,-,-,-,+,-,-,0,-,0,-,-,-,-,+,-,-,-,0,0
ɛ̝͗,+,+,-,+,-,-,-,-,+,-,-,0,-,0,-,-,-,-,+,-,-,-,0,0
œ̞̈,+,+,-,+,-,-,-,-,+,-,-,0,-,0,-,-,-,-,+,-,-,-,0,0
œ̆,+,+,-,+,-,-,-,-,+,-,-,0,-,0,-,-,-,-,+,-,-,-,0,0
œ̝,+,+,-,+,-,-,-,-,+,-,-,0,-,0,-,-,-,-,+,-,-,-,0,0
œ˔,+,+,-,+,-,-,-,-,+,-,-,0,-,0,-,-,-,-,+,-,-,-,0,0
œ̞,+,+,-,+,-,-,-,-,+,-,-,0,-,0,-,-,-,-,+,-,-,-,0,0
ɛ̹,+,+,-,+,-,-,-,-,+,-,-,0,-,0,-,-,-,-,+,-,-,-,0,0
œ,+,+,-,+,-,-,-,-,+,-,-,0,-,0,-,-,-,-,+,-,-,-,0,0
œ͗,+,+,-,+,-,-,-,-,+,-,-,0,-,0,-,-,-,-,+,-,-,-,0,0
ɛ͗,+,+,-,+,-,-,-,-,+,-,-,0,-,0,-,-,-,-,+,-,-,-,0,0
ø̙,+,+,-,+,-,-,-,-,+,-,-,0,-,0,-,-,-,-,+,-,-,-,0,0
œ̙,+,+,-,+,-,-,-,-,+,-,-,0,-,0,-,-,-,-,+,-,-,-,0,0
œ̥ː,+,+,-,+,-,-,-,-,-,-,-,0,-,0,-,-,-,-,+,-,-,+,0,0
œ̟ː,+,+,-,+,-,-,-,-,+,-,-,0,-,0,-,-,-,-,+,-,-,+,0,0
œː,+,+,-,+,-,-,-,-,+,-,-,0,-,0,-,-,-,-,+,-,-,+,0,0
œ̝ː,+,+,-,+,-,-,-,-,+,-,-,0,-,0,-,-,-,-,+,-,-,+,0,0
œˑ,+,+,-,+,-,-,-,-,+,-,-,0,-,0,-,-,-,-,+,-,-,+,0,0
œ̞ː,+,+,-,+,-,-,-,-,+,-,-,0,-,0,-,-,-,-,+,-,-,+,0,0
ø̙ː,+,+,-,+,-,-,-,-,+,-,-,0,-,0,-,-,-,-,+,-,-,+,0,0
œ̙ː,+,+,-,+,-,-,-,-,+,-,-,0,-,0,-,-,-,-,+,-,-,+,0,0
ø̠̊,+,+,-,+,-,-,-,-,-,-,-,0,-,0,-,-,-,-,+,-,+,-,0,0
ø̠̊˔,+,+,-,+,-,-,-,-,-,-,-,0,-,0,-,-,-,-,+,-,+,-,0,0
ø̝̊,+,+,-,+,-,-,-,-,-,-,-,0,-,0,-,-,-,-,+,-,+,-,0,0
ø̥,+,+,-,+,-,-,-,-,-,-,-,0,-,0,-,-,-,-,+,-,+,-,0,0
ø̊,+,+,-,+,-,-,-,-,-,-,-,0,-,0,-,-,-,-,+,-,+,-,0,0
ø̟,+,+,-,+,-,-,-,-,+,-,-,0,-,0,-,-,-,-,+,-,+,-,0,0
ø̠,+,+,-,+,-,-,-,-,+,-,-,0,-,0,-,-,-,-,+,-,+,-,0,0
ø̈,+,+,-,+,-,-,-,-,+,-,-,0,-,0,-,-,-,-,+,-,+,-,0,0
ø̽,+,+,-,+,-,-,-,-,+,-,-,0,-,0,-,-,-,-,+,-,+,-,0,0
e̝̹,+,+,-,+,-,-,-,-,+,-,-,0,-,0,-,-,-,-,+,-,+,-,0,0
e̝͗,+,+,-,+,-,-,-,-,+,-,-,0,-,0,-,-,-,-,+,-,+,-,0,0
ø̝͗,+,+,-,+,-,-,-,-,+,-,-,0,-,0,-,-,-,-,+,-,+,-,0,0
ø̞̈,+,+,-,+,-,-,-,-,+,-,-,0,-,0,-,-,-,-,+,-,+,-,0,0
ø̆,+,+,-,+,-,-,-,-,+,-,-,0,-,0,-,-,-,-,+,-,+,-,0,0
ø̝,+,+,-,+,-,-,-,-,+,-,-,0,-,0,-,-,-,-,+,-,+,-,0,0
ø˔,+,+,-,+,-,-,-,-,+,-,-,0,-,0,-,-,-,-,+,-,+,-,0,0
ø̞,+,+,-,+,-,-,-,-,+,-,-,0,-,0,-,-,-,-,+,-,+,-,0,0
e̹,+,+,-,+,-,-,-,-,+,-,-,0,-,0,-,-,-,-,+,-,+,-,0,0
ø,+,+,-,+,-,-,-,-,+,-,-,0,-,0,-,-,-,-,+,-,+,-,0,0
e͗,+,+,-,+,-,-,-,-,+,-,-,0,-,0,-,-,-,-,+,-,+,-,0,0
ø͗,+,+,-,+,-,-,-,-,+,-,-,0,-,0,-,-,-,-,+,-,+,-,0,0
ø̘,+,+,-,+,-,-,-,-,+,-,-,0,-,0,-,-,-,-,+,-,+,-,0,0
œ̘,+,+,-,+,-,-,-,-,+,-,-,0,-,0,-,-,-,-,+,-,+,-,0,0
ø̥ː,+,+,-,+,-,-,-,-,-,-,-,0,-,0,-,-,-,-,+,-,+,+,0,0
ø̟ː,+,+,-,+,-,-,-,-,+,-,-,0,-,0,-,-,-,-,+,-,+,+,0,0
øː,+,+,-,+,-,-,-,-,+,-,-,0,-,0,-,-,-,-,+,-,+,+,0,0
ø̝ː,+,+,-,+,-,-,-,-,+,-,-,0,-,0,-,-,-,-,+,-,+,+,0,0
øˑ,+,+,-,+,-,-,-,-,+,-,-,0,-,0,-,-,-,-,+,-,+,+,0,0
ø̞ː,+,+,-,+,-,-,-,-,+,-,-,0,-,0,-,-,-,-,+,-,+,+,0,0
ø̘ː,+,+,-,+,-,-,-,-,+,-,-,0,-,0,-,-,-,-,+,-,+,+,0,0
œ̘ː,+,+,-,+,-,-,-,-,+,-,-,0,-,0,-,-,-,-,+,-,+,+,0,0
ə̠̊,+,+,-,+,-,-,-,-,-,-,-,0,-,0,-,-,-,+,-,-,-,-,0,0
ɜ̠̊,+,+,-,+,-,-,-,-,-,-,-,0,-,0,-,-,-,+,-,-,-,-,0,0
ə̠̊˔,+,+,-,+,-,-,-,-,-,-,-,0,-,0,-,-,-,+,-,-,-,-,0,0
ɜ̠̊˔,+,+,-,+,-,-,-,-,-,-,-,0,-,0,-,-,-,+,-,-,-,-,0,0
ə̝̊,+,+,-,+,-,-,-,-,-,-,-,0,-,0,-,-,-,+,-,-,-,-,0,0
ɜ̝̊,+,+,-,+,-,-,-,-,-,-,-,0,-,0,-,-,-,+,-,-,-,-,0,0
ə̥,+,+,-,+,-,-,-,-,-,-,-,0,-,0,-,-,-,+,-,-,-,-,0,0
ɜ̥,+,+,-,+,-,-,-,-,-,-,-,0,-,0,-,-,-,+,-,-,-,-,0,0
ə̊,+,+,-,+,-,-,-,-,-,-,-,0,-,0,-,-,-,+,-,-,-,-,0,0
ɜ̊,+,+,-,+,-,-,-,-,-,-,-,0,-,0,-,-,-,+,-,-,-,-,0,0
ə̟,+,+,-,+,-,-,-,-,+,-,-,0,-,0,-,-,-,+,-,-,-,-,0,0
ɜ̟,+,+,-,+,-,-,-,-,+,-,-,0,-,0,-,-,-,+,-,-,-,-,0,0
ə̠,+,+,-,+,-,-,-,-,+,-,-,0,-,0,-,-,-,+,-,-,-,-,0,0
ɜ̠,+,+,-,+,-,-,-,-,+,-,-,0,-,0,-,-,-,+,-,-,-,-,0,0
ɜ̈,+,+,-,+,-,-,-,-,+,-,-,0,-,0,-,-,-,+,-,-,-,-,0,0
ə̽,+,+,-,+,-,-,-,-,+,-,-,0,-,0,-,-,-,+,-,-,-,-,0,0
ɜ̽,+,+,-,+,-,-,-,-,+,-,-,0,-,0,-,-,-,+,-,-,-,-,0,0
ɜ̞̈,+,+,-,+,-,-,-,-,+,-,-,0,-,0,-,-,-,+,-,-,-,-,0,0
ə̆,+,+,-,+,-,-,-,-,+,-,-,0,-,0,-,-,-,+,-,-,-,-,0,0
ɜ̆,+,+,-,+,-,-,-,-,+,-,-,0,-,0,-,-,-,+,-,-,-,-,0,0
ə̝,+,+,-,+,-,-,-,-,+,-,-,0,-,0,-,-,-,+,-,-,-,-,0,0
ɜ̝,+,+,-,+,-,-,-,-,+,-,-,0,-,0,-,-,-,+,-,-,-,-,0,0
ə˔,+,+,-,+,-,-,-,-,+,-,-,0,-,0,-,-,-,+,-,-,-,-,0,0
ɜ˔,+,+,-,+,-,-,-,-,+,-,-,0,-,0,-,-,-,+,-,-,-,-,0,0
ə̞,+,+,-,+,-,-,-,-,+,-,-,0,-,0,-,-,-,+,-,-,-,-,0,0
ɜ̞,+,+,-,+,-,-,-,-,+,-,-,0,-,0,-,-,-,+,-,-,-,-,0,0
ə,+,+,-,+,-,-,-,-,+,-,-,0,-,0,-,-,-,+,-,-,-,-,0,0
ɜ,+,+,-,+,-,-,-,-,+,-,-,0,-,0,-,-,-,+,-,-,-,-,0,0
ə̙,+,+,-,+,-,-,-,-,+,-,-,0,-,0,-,-,-,+,-,-,-,-,0,0
ɜ̙,+,+,-,+,-,-,-,-,+,-,-,0,-,0,-,-,-,+,-,-,-,-,0,0
ɐ̙,+,+,-,+,-,-,-,-,+,-,-,0,-,0,-,-,-,+,-,-,-,-,0,0
ʌ̙,+,+,-,+,-,-,-,-,+,-,-,0,-,0,-,-,-,+,-,-,-,-,0,0
ə̥ː,+,+,-,+,-,-,-,-,-,-,-,0,-,0,-,-,-,+,-,-,-,+,0,0
ɜ̥ː,+,+,-,+,-,-,-,-,-,-,-,0,-,0,-,-,-,+,-,-,-,+,0,0
ə̟ː,+,+,-,+,-,-,-,-,+,-,-,0,-,0,-,-,-,+,-,-,-,+,0,0
ɜ̟ː,+,+,-,+,-,-,-,-,+,-,-,0,-,0,-,-,-,+,-,-,-,+,0,0
əː,+,+,-,+,-,-,-,-,+,-,-,0,-,0,-,-,-,+,-,-,-,+,0,0
ɜː,+,+,-,+,-,-,-,-,+,-,-,0,-,0,-,-,-,+,-,-,-,+,0,0
ə̝ː,+,+,-,+,-,-,-,-,+,-,-,0,-,0,-,-,-,+,-,-,-,+,0,0
ɜ̝ː,+,+,-,+,-,-,-,-,+,-,-,0,-,0,-,-,-,+,-,-,-,+,0,0
əˑ,+,+,-,+,-,-,-,-,+,-,-,0,-,0,-,-,-,+,-,-,-,+,0,0
ɜˑ,+,+,-,+,-,-,-,-,+,-,-,0,-,0,-,-,-,+,-,-,-,+,0,0
ə̞ː,+,+,-,+,-,-,-,-,+,-,-,0,-,0,-,-,-,+,-,-,-,+,0,0
ɜ̞ː,+,+,-,+,-,-,-,-,+,-,-,0,-,0,-,-,-,+,-,-,-,+,0,0
ə̙ː,+,+,-,+,-,-,-,-,+,-,-,0,-,0,-,-,-,+,-,-,-,+,0,0
ɜ̙ː,+,+,-,+,-,-,-,-,+,-,-,0,-,0,-,-,-,+,-,-,-,+,0,0
ɐ̙ː,+,+,-,+,-,-,-,-,+,-,-,0,-,0,-,-,-,+,-,-,-,+,0,0
ʌ̙ː,+,+,-,+,-,-,-,-,+,-,-,0,-,0,-,-,-,+,-,-,-,+,0,0
ɐ̠̊,+,+,-,+,-,-,-,-,-,-,-,0,-,0,-,-,-,+,-,-,+,-,0,0
ʌ̠̊,+,+,-,+,-,-,-,-,-,-,-,0,-,0,-,-,-,+,-,-,+,-,0,0
ɐ̠̊˔,+,+,-,+,-,-,-,-,-,-,-,0,-,0,-,-,-,+,-,-,+,-,0,0
ʌ̠̊˔,+,+,-,+,-,-,-,-,-,-,-,0,-,0,-,-,-,+,-,-,+,-,0,0
ɐ̝̊,+,+,-,+,-,-,-,-,-,-,-,0,-,0,-,-,-,+,-,-,+,-,0,0
ʌ̝̊,+,+,-,+,-,-,-,-,-,-,-,0,-,0,-,-,-,+,-,-,+,-,0,0
ɐ̥,+,+,-,+,-,-,-,-,-,-,-,0,-,0,-,-,-,+,-,-,+,-,0,0
ʌ̥,+,+,-,+,-,-,-,-,-,-,-,0,-,0,-,-,-,+,-,-,+,-,0,0
ɐ̊,+,+,-,+,-,-,-,-,-,-,-,0,-,0,-,-,-,+,-,-,+,-,0,0
ʌ̊,+,+,-,+,-,-,-,-,-,-,-,0,-,0,-,-,-,+,-,-,+,-,0,0
ɐ̟,+,+,-,+,-,-,-,-,+,-,-,0,-,0,-,-,-,+,-,-,+,-,0,0
ʌ̟,+,+,-,+,-,-,-,-,+,-,-,0,-,0,-,-,-,+,-,-,+,-,0,0
ɐ̠,+,+,-,+,-,-,-,-,+,-,-,0,-,0,-,-,-,+,-,-,+,-,0,0
ʌ̠,+,+,-,+,-,-,-,-,+,-,-,0,-,0,-,-,-,+,-,-,+,-,0,0
ɐ̈,+,+,-,+,-,-,-,-,+,-,-,0,-,0,-,-,-,+,-,-,+,-,0,0
ʌ̈,+,+,-,+,-,-,-,-,+,-,-,0,-,0,-,-,-,+,-,-,+,-,0,0
ɐ̽,+,+,-,+,-,-,-,-,+,-,-,0,-,0,-,-,-,+,-,-,+,-,0,0
ʌ̽,+,+,-,+,-,-,-,-,+,-,-,0,-,0,-,-,-,+,-,-,+,-,0,0
ɐ̞̈,+,+,-,+,-,-,-,-,+,-,-,0,-,0,-,-,-,+,-,-,+,-,0,0
ʌ̞̈,+,+,-,+,-,-,-,-,+,-,-,0,-,0,-,-,-,+,-,-,+,-,0,0
ɐ̆,+,+,-,+,-,-,-,-,+,-,-,0,-,0,-,-,-,+,-,-,+,-,0,0
ʌ̆,+,+,-,+,-,-,-,-,+,-,-,0,-,0,-,-,-,+,-,-,+,-,0,0
ɐ̝,+,+,-,+,-,-,-,-,+,-,-,0,-,0,-,-,-,+,-,-,+,-,0,0
ʌ̝,+,+,-,+,-,-,-,-,+,-,-,0,-,0,-,-,-,+,-,-,+,-,0,0
ɐ˔,+,+,-,+,-,-,-,-,+,-,-,0,-,0,-,-,-,+,-,-,+,-,0,0
ʌ˔,+,+,-,+,-,-,-,-,+,-,-,0,-,0,-,-,-,+,-,-,+,-,0,0
ɐ̞,+,+,-,+,-,-,-,-,+,-,-,0,-,0,-,-,-,+,-,-,+,-,0,0
ʌ̞,+,+,-,+,-,-,-,-,+,-,-,0,-,0,-,-,-,+,-,-,+,-,0,0
ɐ,+,+,-,+,-,-,-,-,+,-,-,0,-,0,-,-,-,+,-,-,+,-,0,0
ʌ,+,+,-,+,-,-,-,-,+,-,-,0,-,0,-,-,-,+,-,-,+,-,0,0
ə̘,+,+,-,+,-,-,-,-,+,-,-,0,-,0,-,-,-,+,-,-,+,-,0,0
ɜ̘,+,+,-,+,-,-,-,-,+,-,-,0,-,0,-,-,-,+,-,-,+,-,0,0
ɐ̘,+,+,-,+,-,-,-,-,+,-,-,0,-,0,-,-,-,+,-,-,+,-,0,0
ʌ̘,+,+,-,+,-,-,-,-,+,-,-,0,-,0,-,-,-,+,-,-,+,-,0,0
ɐ̥ː,+,+,-,+,-,-,-,-,-,-,-,0,-,0,-,-,-,+,-,-,+,+,0,0
ʌ̥ː,+,+,-,+,-,-,-,-,-,-,-,0,-,0,-,-,-,+,-,-,+,+,0,0
ɐ̟ː,+,+,-,+,-,-,-,-,+,-,-,0,-,0,-,-,-,+,-,-,+,+,0,0
ʌ̟ː,+,+,-,+,-,-,-,-,+,-,-,0,-,0,-,-,-,+,-,-,+,+,0,0
ɐː,+,+,-,+,-,-,-,-,+,-,-,0,-,0,-,-,-,+,-,-,+,+,0,0
ʌː,+,+,-,+,-,-,-,-,+,-,-,0,-,0,-,-,-,+,-,-,+,+,0,0
ɐ̝ː,+,+,-,+,-,-,-,-,+,-,-,0,-,0,-,-,-,+,-,-,+,+,0,0
ʌ̝ː,+,+,-,+,-,-,-,-,+,-,-,0,-,0,-,-,-,+,-,-,+,+,0,0
ɐˑ,+,+,-,+,-,-,-,-,+,-,-,0,-,0,-,-,-,+,-,-,+,+,0,0
ʌˑ,+,+,-,+,-,-,-,-,+,-,-,0,-,0,-,-,-,+,-,-,+,+,0,0
ɐ̞ː,+,+,-,+,-,-,-,-,+,-,-,0,-,0,-,-,-,+,-,-,+,+,0,0
ʌ̞ː,+,+,-,+,-,-,-,-,+,-,-,0,-,0,-,-,-,+,-,-,+,+,0,0
ə̘ː,+,+,-,+,-,-,-,-,+,-,-,0,-,0,-,-,-,+,-,-,+,+,0,0
ɜ̘ː,+,+,-,+,-,-,-,-,+,-,-,0,-,0,-,-,-,+,-,-,+,+,0,0
ɐ̘ː,+,+,-,+,-,-,-,-,+,-,-,0,-,0,-,-,-,+,-,-,+,+,0,0
ʌ̘ː,+,+,-,+,-,-,-,-,+,-,-,0,-,0,-,-,-,+,-,-,+,+,0,0
ɔ̠̊,+,+,-,+,-,-,-,-,-,-,-,0,-,0,-,-,-,+,+,-,-,-,0,0
ɔ̠̊˔,+,+,-,+,-,-,-,-,-,-,-,0,-,0,-,-,-,+,+,-,-,-,0,0
ɔ̝̊,+,+,-,+,-,-,-,-,-,-,-,0,-,0,-,-,-,+,+,-,-,-,0,0
ɔ̥,+,+,-,+,-,-,-,-,-,-,-,0,-,0,-,-,-,+,+,-,-,-,0,0
ɔ̊,+,+,-,+,-,-,-,-,-,-,-,0,-,0,-,-,-,+,+,-,-,-,0,0
ɔ̟,+,+,-,+,-,-,-,-,+,-,-,0,-,0,-,-,-,+,+,-,-,-,0,0
ɔ̠,+,+,-,+,-,-,-,-,+,-,-,0,-,0,-,-,-,+,+,-,-,-,0,0
ɔ̈,+,+,-,+,-,-,-,-,+,-,-,0,-,0,-,-,-,+,+,-,-,-,0,0
ɔ̽,+,+,-,+,-,-,-,-,+,-,-,0,-,0,-,-,-,+,+,-,-,-,0,0
ə̝̹,+,+,-,+,-,-,-,-,+,-,-,0,-,0,-,-,-,+,+,-,-,-,0,0
ɜ̝̹,+,+,-,+,-,-,-,-,+,-,-,0,-,0,-,-,-,+,+,-,-,-,0,0
ɔ̝͗,+,+,-,+,-,-,-,-,+,-,-,0,-,0,-,-,-,+,+,-,-,-,0,0
ə̝͗,+,+,-,+,-,-,-,-,+,-,-,0,-,0,-,-,-,+,+,-,-,-,0,0
ɜ̝͗,+,+,-,+,-,-,-,-,+,-,-,0,-,0,-,-,-,+,+,-,-,-,0,0
ɔ̞̈,+,+,-,+,-,-,-,-,+,-,-,0,-,0,-,-,-,+,+,-,-,-,0,0
ɔ̆,+,+,-,+,-,-,-,-,+,-,-,0,-,0,-,-,-,+,+,-,-,-,0,0
ɔ̝,+,+,-,+,-,-,-,-,+,-,-,0,-,0,-,-,-,+,+,-,-,-,0,0
ɔ˔,+,+,-,+,-,-,-,-,+,-,-,0,-,0,-,-,-,+,+,-,-,-,0,0
ɔ̞,+,+,-,+,-,-,-,-,+,-,-,0,-,0,-,-,-,+,+,-,-,-,0,0
ə̹,+,+,-,+,-,-,-,-,+,-,-,0,-,0,-,-,-,+,+,-,-,-,0,0
ɜ̹,+,+,-,+,-,-,-,-,+,-,-,0,-,0,-,-,-,+,+,-,-,-,0,0
ɔ,+,+,-,+,-,-,-,-,+,-,-,0,-,0,-,-,-,+,+,-,-,-,0,0
ɔ͗,+,+,-,+,-,-,-,-,+,-,-,0,-,0,-,-,-,+,+,-,-,-,0,0
ə͗,+,+,-,+,-,-,-,-,+,-,-,0,-,0,-,-,-,+,+,-,-,-,0,0
ɜ͗,+,+,-,+,-,-,-,-,+,-,-,0,-,0,-,-,-,+,+,-,-,-,0,0
o̙,+,+,-,+,-,-,-,-,+,-,-,0,-,0,-,-,-,+,+,-,-,-,0,0
ɔ̙,+,+,-,+,-,-,-,-,+,-,-,0,-,0,-,-,-,+,+,-,-,-,0,0
ɔ̥ː,+,+,-,+,-,-,-,-,-,-,-,0,-,0,-,-,-,+,+,-,-,+,0,0
ɔ̟ː,+,+,-,+,-,-,-,-,+,-,-,0,-,0,-,-,-,+,+,-,-,+,0,0
ɔː,+,+,-,+,-,-,-,-,+,-,-,0,-,0,-,-,-,+,+,-,-,+,0,0
ɔ̝ː,+,+,-,+,-,-,-,-,+,-,-,0,-,0,-,-,-,+,+,-,-,+,0,0
ɔˑ,+,+,-,+,-,-,-,-,+,-,-,0,-,0,-,-,-,+,+,-,-,+,0,0
ɔ̞ː,+,+,-,+,-,-,-,-,+,-,-,0,-,0,-,-,-,+,+,-,-,+,0,0
o̙ː,+,+,-,+,-,-,-,-,+,-,-,0,-,0,-,-,-,+,+,-,-,+,0,0
ɔ̙ː,+,+,-,+,-,-,-,-,+,-,-,0,-,0,-,-,-,+,+,-,-,+,0,0
o̠̊,+,+,-,+,-,-,-,-,-,-,-,0,-,0,-,-,-,+,+,-,+,-,0,0
o̠̊˔,+,+,-,+,-,-,-,-,-,-,-,0,-,0,-,-,-,+,+,-,+,-,0,0
o̝̊,+,+,-,+,-,-,-,-,-,-,-,0,-,0,-,-,-,+,+,-,+,-,0,0
o̥,+,+,-,+,-,-,-,-,-,-,-,0,-,0,-,-,-,+,+,-,+,-,0,0
o̊,+,+,-,+,-,-,-,-,-,-,-,0,-,0,-,-,-,+,+,-,+,-,0,0
o̟,+,+,-,+,-,-,-,-,+,-,-,0,-,0,-,-,-,+,+,-,+,-,0,0
o̠,+,+,-,+,-,-,-,-,+,-,-,0,-,0,-,-,-,+,+,-,+,-,0,0
ö,+,+,-,+,-,-,-,-,+,-,-,0,-,0,-,-,-,+,+,-,+,-,0,0
o̽,+,+,-,+,-,-,-,-,+,-,-,0,-,0,-,-,-,+,+,-,+,-,0,0
ɐ̝̹,+,+,-,+,-,-,-,-,+,-,-,0,-,0,-,-,-,+,+,-,+,-,0,0
ʌ̝̹,+,+,-,+,-,-,-,-,+,-,-,0,-,0,-,-,-,+,+,-,+,-,0,0
o̝͗,+,+,-,+,-,-,-,-,+,-,-,0,-,0,-,-,-,+,+,-,+,-,0,0
ɐ̝͗,+,+,-,+,-,-,-,-,+,-,-,0,-,0,-,-,-,+,+,-,+,-,0,0
ʌ̝͗,+,+,-,+,-,-,-,-,+,-,-,0,-,0,-,-,-,+,+,-,+,-,0,0
ö̞,+,+,-,+,-,-,-,-,+,-,-,0,-,0,-,-,-,+,+,-,+,-,0,0
ŏ,+,+,-,+,-,-,-,-,+,-,-,0,-,0,-,-,-,+,+,-,+,-,0,0
o̝,+,+,-,+,-,-,-,-,+,-,-,0,-,0,-,-,-,+,+,-,+,-,0,0
o˔,+,+,-,+,-,-,-,-,+,-,-,0,-,0,-,-,-,+,+,-,+,-,0,0
o̞,+,+,-,+,-,-,-,-,+,-,-,0,-,0,-,-,-,+,+,-,+,-,0,0
ɐ̹,+,+,-,+,-,-,-,-,+,-,-,0,-,0,-,-,-,+,+,-,+,-,0,0
ʌ̹,+,+,-,+,-,-,-,-,+,-,-,0,-,0,-,-,-,+,+,-,+,-,0,0
o,+,+,-,+,-,-,-,-,+,-,-,0,-,0,-,-,-,+,+,-,+,-,0,0
o͗,+,+,-,+,-,-,-,-,+,-,-,0,-,0,-,-,-,+,+,-,+,-,0,0
ɐ͗,+,+,-,+,-,-,-,-,+,-,-,0,-,0,-,-,-,+,+,-,+,-,0,0
ʌ͗,+,+,-,+,-,-,-,-,+,-,-,0,-,0,-,-,-,+,+,-,+,-,0,0
o̘,+,+,-,+,-,-,-,-,+,-,-,0,-,0,-,-,-,+,+,-,+,-,0,0
ɔ̘,+,+,-,+,-,-,-,-,+,-,-,0,-,0,-,-,-,+,+,-,+,-,0,0
o̥ː,+,+,-,+,-,-,-,-,-,-,-,0,-,0,-,-,-,+,+,-,+,+,0,0
o̟ː,+,+,-,+,-,-,-,-,+,-,-,0,-,0,-,-,-,+,+,-,+,+,0,0
oː,+,+,-,+,-,-,-,-,+,-,-,0,-,0,-,-,-,+,+,-,+,+,0,0
o̝ː,+,+,-,+,-,-,-,-,+,-,-,0,-,0,-,-,-,+,+,-,+,+,0,0
oˑ,+,+,-,+,-,-,-,-,+,-,-,0,-,0,-,-,-,+,+,-,+,+,0,0
o̞ː,+,+,-,+,-,-,-,-,+,-,-,0,-,0,-,-,-,+,+,-,+,+,0,0
o̘ː,+,+,-,+,-,-,-,-,+,-,-,0,-,0,-,-,-,+,+,-,+,+,0,0
ɔ̘ː,+,+,-,+,-,-,-,-,+,-,-,0,-,0,-,-,-,+,+,-,+,+,0,0
ɻ̍,+,+,-,+,-,-,-,-,+,-,-,-,+,-,-,-,-,-,-,-,0,-,0,0
ɻ̩,+,+,-,+,-,-,-,-,+,-,-,-,+,-,-,-,-,-,-,-,0,-,0,0
ɻ̍ː,+,+,-,+,-,-,-,-,+,-,-,-,+,-,-,-,-,-,-,-,0,+,0,0
æ̙,+,+,-,+,-,-,-,-,+,-,-,0,-,0,-,-,+,-,-,-,-,-,0,0
æ̙ː,+,+,-,+,-,-,-,-,+,-,-,0,-,0,-,-,+,-,-,-,-,+,0,0
æ̠̊,+,+,-,+,-,-,-,-,-,-,-,0,-,0,-,-,+,-,-,-,+,-,0,0
æ̠̊˔,+,+,-,+,-,-,-,-,-,-,-,0,-,0,-,-,+,-,-,-,+,-,0,0
æ̝̊,+,+,-,+,-,-,-,-,-,-,-,0,-,0,-,-,+,-,-,-,+,-,0,0
æ̥,+,+,-,+,-,-,-,-,-,-,-,0,-,0,-,-,+,-,-,-,+,-,0,0
æ̊,+,+,-,+,-,-,-,-,-,-,-,0,-,0,-,-,+,-,-,-,+,-,0,0
æ̟,+,+,-,+,-,-,-,-,+,-,-,0,-,0,-,-,+,-,-,-,+,-,0,0
æ̠,+,+,-,+,-,-,-,-,+,-,-,0,-,0,-,-,+,-,-,-,+,-,0,0
æ̈,+,+,-,+,-,-,-,-,+,-,-,0,-,0,-,-,+,-,-,-,+,-,0,0
æ̽,+,+,-,+,-,-,-,-,+,-,-,0,-,0,-,-,+,-,-,-,+,-,0,0
æ̞̈,+,+,-,+,-,-,-,-,+,-,-,0,-,0,-,-,+,-,-,-,+,-,0,0
æ̆,+,+,-,+,-,-,-,-,+,-,-,0,-,0,-,-,+,-,-,-,+,-,0,0
æ̝,+,+,-,+,-,-,-,-,+,-,-,0,-,0,-,-,+,-,-,-,+,-,0,0
æ˔,+,+,-,+,-,-,-,-,+,-,-,0,-,0,-,-,+,-,-,-,+,-,0,0
æ̞,+,+,-,+,-,-,-,-,+,-,-,0,-,0,-,-,+,-,-,-,+,-,0,0
æ,+,+,-,+,-,-,-,-,+,-,-,0,-,0,-,-,+,-,-,-,+,-,0,0
æ̘,+,+,-,+,-,-,-,-,+,-,-,0,-,0,-,-,+,-,-,-,+,-,0,0
æ̥ː,+,+,-,+,-,-,-,-,-,-,-,0,-,0,-,-,+,-,-,-,+,+,0,0
æ̟ː,+,+,-,+,-,-,-,-,+,-,-,0,-,0,-,-,+,-,-,-,+,+,0,0
æː,+,+,-,+,-,-,-,-,+,-,-,0,-,0,-,-,+,-,-,-,+,+,0,0
æ̝ː,+,+,-,+,-,-,-,-,+,-,-,0,-,0,-,-,+,-,-,-,+,+,0,0
æˑ,+,+,-,+,-,-,-,-,+,-,-,0,-,0,-,-,+,-,-,-,+,+,0,0
æ̞ː,+,+,-,+,-,-,-,-,+,-,-,0,-,0,-,-,+,-,-,-,+,+,0,0
æ̘ː,+,+,-,+,-,-,-,-,+,-,-,0,-,0,-,-,+,-,-,-,+,+,0,0
ɶ̙,+,+,-,+,-,-,-,-,+,-,-,0,-,0,-,-,+,-,+,-,-,-,0,0
ɶ̙ː,+,+,-,+,-,-,-,-,+,-,-,0,-,0,-,-,+,-,+,-,-,+,0,0
ɶ̠̊,+,+,-,+,-,-,-,-,-,-,-,0,-,0,-,-,+,-,+,-,+,-,0,0
ɶ̠̊˔,+,+,-,+,-,-,-,-,-,-,-,0,-,0,-,-,+,-,+,-,+,-,0,0
ɶ̝̊,+,+,-,+,-,-,-,-,-,-,-,0,-,0,-,-,+,-,+,-,+,-,0,0
ɶ̥,+,+,-,+,-,-,-,-,-,-,-,0,-,0,-,-,+,-,+,-,+,-,0,0
ɶ̊,+,+,-,+,-,-,-,-,-,-,-,0,-,0,-,-,+,-,+,-,+,-,0,0
ɶ̟,+,+,-,+,-,-,-,-,+,-,-,0,-,0,-,-,+,-,+,-,+,-,0,0
ɶ̠,+,+,-,+,-,-,-,-,+,-,-,0,-,0,-,-,+,-,+,-,+,-,0,0
ɶ̈,+,+,-,+,-,-,-,-,+,-,-,0,-,0,-,-,+,-,+,-,+,-,0,0
ɶ̽,+,+,-,+,-,-,-,-,+,-,-,0,-,0,-,-,+,-,+,-,+,-,0,0
æ̝̹,+,+,-,+,-,-,-,-,+,-,-,0,-,0,-,-,+,-,+,-,+,-,0,0
æ̝͗,+,+,-,+,-,-,-,-,+,-,-,0,-,0,-,-,+,-,+,-,+,-,0,0
ɶ̝͗,+,+,-,+,-,-,-,-,+,-,-,0,-,0,-,-,+,-,+,-,+,-,0,0
ɶ̞̈,+,+,-,+,-,-,-,-,+,-,-,0,-,0,-,-,+,-,+,-,+,-,0,0
ɶ̆,+,+,-,+,-,-,-,-,+,-,-,0,-,0,-,-,+,-,+,-,+,-,0,0
ɶ̝,+,+,-,+,-,-,-,-,+,-,-,0,-,0,-,-,+,-,+,-,+,-,0,0
ɶ˔,+,+,-,+,-,-,-,-,+,-,-,0,-,0,-,-,+,-,+,-,+,-,0,0
ɶ̞,+,+,-,+,-,-,-,-,+,-,-,0,-,0,-,-,+,-,+,-,+,-,0,0
æ̹,+,+,-,+,-,-,-,-,+,-,-,0,-,0,-,-,+,-,+,-,+,-,0,0
ɶ,+,+,-,+,-,-,-,-,+,-,-,0,-,0,-,-,+,-,+,-,+,-,0,0
æ͗,+,+,-,+,-,-,-,-,+,-,-,0,-,0,-,-,+,-,+,-,+,-,0,0
ɶ͗,+,+,-,+,-,-,-,-,+,-,-,0,-,0,-,-,+,-,+,-,+,-,0,0
ɶ̘,+,+,-,+,-,-,-,-,+,-,-,0,-,0,-,-,+,-,+,-,+,-,0,0
ɶ̥ː,+,+,-,+,-,-,-,-,-,-,-,0,-,0,-,-,+,-,+,-,+,+,0,0
ɶ̟ː,+,+,-,+,-,-,-,-,+,-,-,0,-,0,-,-,+,-,+,-,+,+,0,0
ɶː,+,+,-,+,-,-,-,-,+,-,-,0,-,0,-,-,+,-,+,-,+,+,0,0
ɶ̝ː,+,+,-,+,-,-,-,-,+,-,-,0,-,0,-,-,+,-,+,-,+,+,0,0
ɶˑ,+,+,-,+,-,-,-,-,+,-,-,0,-,0,-,-,+,-,+,-,+,+,0,0
ɶ̞ː,+,+,-,+,-,-,-,-,+,-,-,0,-,0,-,-,+,-,+,-,+,+,0,0
ɶ̘ː,+,+,-,+,-,-,-,-,+,-,-,0,-,0,-,-,+,-,+,-,+,+,0,0
ə̥ˤ,+,+,-,+,-,-,-,-,-,-,-,0,-,0,-,-,+,+,-,-,-,-,0,0
ɜ̥ˤ,+,+,-,+,-,-,-,-,-,-,-,0,-,0,-,-,+,+,-,-,-,-,0,0
ɛ̥ˤ,+,+,-,+,-,-,-,-,-,-,-,0,-,0,-,-,+,+,-,-,-,-,0,0
əˤ,+,+,-,+,-,-,-,-,+,-,-,0,-,0,-,-,+,+,-,-,-,-,0,0
ɜˤ,+,+,-,+,-,-,-,-,+,-,-,0,-,0,-,-,+,+,-,-,-,-,0,0
ɛˤ,+,+,-,+,-,-,-,-,+,-,-,0,-,0,-,-,+,+,-,-,-,-,0,0
a̙,+,+,-,+,-,-,-,-,+,-,-,0,-,0,-,-,+,+,-,-,-,-,0,0
əˤː,+,+,-,+,-,-,-,-,+,-,-,0,-,0,-,-,+,+,-,-,-,+,0,0
ɜˤː,+,+,-,+,-,-,-,-,+,-,-,0,-,0,-,-,+,+,-,-,-,+,0,0
ɛˤː,+,+,-,+,-,-,-,-,+,-,-,0,-,0,-,-,+,+,-,-,-,+,0,0
a̙ː,+,+,-,+,-,-,-,-,+,-,-,0,-,0,-,-,+,+,-,-,-,+,0,0
əːˤ,+,+,-,+,-,-,-,-,+,-,-,0,-,0,-,-,+,+,-,-,-,+,0,0
ɜːˤ,+,+,-,+,-,-,-,-,+,-,-,0,-,0,-,-,+,+,-,-,-,+,0,0
ɛːˤ,+,+,-,+,-,-,-,-,+,-,-,0,-,0,-,-,+,+,-,-,-,+,0,0
ḁˤ,+,+,-,+,-,-,-,-,-,-,-,0,-,0,-,-,+,+,-,-,+,-,0,0
e̥ˤ,+,+,-,+,-,-,-,-,-,-,-,0,-,0,-,-,+,+,-,-,+,-,0,0
æ̥ˤ,+,+,-,+,-,-,-,-,-,-,-,0,-,0,-,-,+,+,-,-,+,-,0,0
ɐ̥ˤ,+,+,-,+,-,-,-,-,-,-,-,0,-,0,-,-,+,+,-,-,+,-,0,0
ʌ̥ˤ,+,+,-,+,-,-,-,-,-,-,-,0,-,0,-,-,+,+,-,-,+,-,0,0
å̠,+,+,-,+,-,-,-,-,-,-,-,0,-,0,-,-,+,+,-,-,+,-,0,0
å̠˔,+,+,-,+,-,-,-,-,-,-,-,0,-,0,-,-,+,+,-,-,+,-,0,0
å̝,+,+,-,+,-,-,-,-,-,-,-,0,-,0,-,-,+,+,-,-,+,-,0,0
ḁ,+,+,-,+,-,-,-,-,-,-,-,0,-,0,-,-,+,+,-,-,+,-,0,0
å,+,+,-,+,-,-,-,-,-,-,-,0,-,0,-,-,+,+,-,-,+,-,0,0
a̟,+,+,-,+,-,-,-,-,+,-,-,0,-,0,-,-,+,+,-,-,+,-,0,0
a̠,+,+,-,+,-,-,-,-,+,-,-,0,-,0,-,-,+,+,-,-,+,-,0,0
ä,+,+,-,+,-,-,-,-,+,-,-,0,-,0,-,-,+,+,-,-,+,-,0,0
a̽,+,+,-,+,-,-,-,-,+,-,-,0,-,0,-,-,+,+,-,-,+,-,0,0
ä̞,+,+,-,+,-,-,-,-,+,-,-,0,-,0,-,-,+,+,-,-,+,-,0,0
ă,+,+,-,+,-,-,-,-,+,-,-,0,-,0,-,-,+,+,-,-,+,-,0,0
aˤ,+,+,-,+,-,-,-,-,+,-,-,0,-,0,-,-,+,+,-,-,+,-,0,0
eˤ,+,+,-,+,-,-,-,-,+,-,-,0,-,0,-,-,+,+,-,-,+,-,0,0
æˤ,+,+,-,+,-,-,-,-,+,-,-,0,-,0,-,-,+,+,-,-,+,-,0,0
ɐˤ,+,+,-,+,-,-,-,-,+,-,-,0,-,0,-,-,+,+,-,-,+,-,0,0
ʌˤ,+,+,-,+,-,-,-,-,+,-,-,0,-,0,-,-,+,+,-,-,+,-,0,0
a̝,+,+,-,+,-,-,-,-,+,-,-,0,-,0,-,-,+,+,-,-,+,-,0,0
a˔,+,+,-,+,-,-,-,-,+,-,-,0,-,0,-,-,+,+,-,-,+,-,0,0
a̞,+,+,-,+,-,-,-,-,+,-,-,0,-,0,-,-,+,+,-,-,+,-,0,0
a,+,+,-,+,-,-,-,-,+,-,-,0,-,0,-,-,+,+,-,-,+,-,0,0
a̘,+,+,-,+,-,-,-,-,+,-,-,0,-,0,-,-,+,+,-,-,+,-,0,0
ḁː,+,+,-,+,-,-,-,-,-,-,-,0,-,0,-,-,+,+,-,-,+,+,0,0
a̟ː,+,+,-,+,-,-,-,-,+,-,-,0,-,0,-,-,+,+,-,-,+,+,0,0
aː,+,+,-,+,-,-,-,-,+,-,-,0,-,0,-,-,+,+,-,-,+,+,0,0
a̝ː,+,+,-,+,-,-,-,-,+,-,-,0,-,0,-,-,+,+,-,-,+,+,0,0
aˑ,+,+,-,+,-,-,-,-,+,-,-,0,-,0,-,-,+,+,-,-,+,+,0,0
a̞ː,+,+,-,+,-,-,-,-,+,-,-,0,-,0,-,-,+,+,-,-,+,+,0,0
aˤː,+,+,-,+,-,-,-,-,+,-,-,0,-,0,-,-,+,+,-,-,+,+,0,0
eˤː,+,+,-,+,-,-,-,-,+,-,-,0,-,0,-,-,+,+,-,-,+,+,0,0
æˤː,+,+,-,+,-,-,-,-,+,-,-,0,-,0,-,-,+,+,-,-,+,+,0,0
ɐˤː,+,+,-,+,-,-,-,-,+,-,-,0,-,0,-,-,+,+,-,-,+,+,0,0
ʌˤː,+,+,-,+,-,-,-,-,+,-,-,0,-,0,-,-,+,+,-,-,+,+,0,0
a̘ː,+,+,-,+,-,-,-,-,+,-,-,0,-,0,-,-,+,+,-,-,+,+,0,0
aːˤ,+,+,-,+,-,-,-,-,+,-,-,0,-,0,-,-,+,+,-,-,+,+,0,0
eːˤ,+,+,-,+,-,-,-,-,+,-,-,0,-,0,-,-,+,+,-,-,+,+,0,0
æːˤ,+,+,-,+,-,-,-,-,+,-,-,0,-,0,-,-,+,+,-,-,+,+,0,0
ɐːˤ,+,+,-,+,-,-,-,-,+,-,-,0,-,0,-,-,+,+,-,-,+,+,0,0
ʌːˤ,+,+,-,+,-,-,-,-,+,-,-,0,-,0,-,-,+,+,-,-,+,+,0,0
œ̥ˤ,+,+,-,+,-,-,-,-,-,-,-,0,-,0,-,-,+,+,+,-,-,-,0,0
ɔ̥ˤ,+,+,-,+,-,-,-,-,-,-,-,0,-,0,-,-,+,+,+,-,-,-,0,0
œˤ,+,+,-,+,-,-,-,-,+,-,-,0,-,0,-,-,+,+,+,-,-,-,0,0
ɔˤ,+,+,-,+,-,-,-,-,+,-,-,0,-,0,-,-,+,+,+,-,-,-,0,0
ɒ̙,+,+,-,+,-,-,-,-,+,-,-,0,-,0,-,-,+,+,+,-,-,-,0,0
œˤː,+,+,-,+,-,-,-,-,+,-,-,0,-,0,-,-,+,+,+,-,-,+,0,0
ɔˤː,+,+,-,+,-,-,-,-,+,-,-,0,-,0,-,-,+,+,+,-,-,+,0,0
ɒ̙ː,+,+,-,+,-,-,-,-,+,-,-,0,-,0,-,-,+,+,+,-,-,+,0,0
œːˤ,+,+,-,+,-,-,-,-,+,-,-,0,-,0,-,-,+,+,+,-,-,+,0,0
ɔːˤ,+,+,-,+,-,-,-,-,+,-,-,0,-,0,-,-,+,+,+,-,-,+,0,0
o̥ˤ,+,+,-,+,-,-,-,-,-,-,-,0,-,0,-,-,+,+,+,-,+,-,0,0
ø̥ˤ,+,+,-,+,-,-,-,-,-,-,-,0,-,0,-,-,+,+,+,-,+,-,0,0
ɒ̥ˤ,+,+,-,+,-,-,-,-,-,-,-,0,-,0,-,-,+,+,+,-,+,-,0,0
ɶ̥ˤ,+,+,-,+,-,-,-,-,-,-,-,0,-,0,-,-,+,+,+,-,+,-,0,0
ɒ̠̊,+,+,-,+,-,-,-,-,-,-,-,0,-,0,-,-,+,+,+,-,+,-,0,0
ɒ̠̊˔,+,+,-,+,-,-,-,-,-,-,-,0,-,0,-,-,+,+,+,-,+,-,0,0
ɒ̝̊,+,+,-,+,-,-,-,-,-,-,-,0,-,0,-,-,+,+,+,-,+,-,0,0
ɒ̥,+,+,-,+,-,-,-,-,-,-,-,0,-,0,-,-,+,+,+,-,+,-,0,0
ɒ̊,+,+,-,+,-,-,-,-,-,-,-,0,-,0,-,-,+,+,+,-,+,-,0,0
ɒ̟,+,+,-,+,-,-,-,-,+,-,-,0,-,0,-,-,+,+,+,-,+,-,0,0
ɒ̠,+,+,-,+,-,-,-,-,+,-,-,0,-,0,-,-,+,+,+,-,+,-,0,0
ɒ̈,+,+,-,+,-,-,-,-,+,-,-,0,-,0,-,-,+,+,+,-,+,-,0,0
ɒ̽,+,+,-,+,-,-,-,-,+,-,-,0,-,0,-,-,+,+,+,-,+,-,0,0
a̝̹,+,+,-,+,-,-,-,-,+,-,-,0,-,0,-,-,+,+,+,-,+,-,0,0
a̝͗,+,+,-,+,-,-,-,-,+,-,-,0,-,0,-,-,+,+,+,-,+,-,0,0
ɒ̝͗,+,+,-,+,-,-,-,-,+,-,-,0,-,0,-,-,+,+,+,-,+,-,0,0
ɒ̞̈,+,+,-,+,-,-,-,-,+,-,-,0,-,0,-,-,+,+,+,-,+,-,0,0
ɒ̆,+,+,-,+,-,-,-,-,+,-,-,0,-,0,-,-,+,+,+,-,+,-,0,0
oˤ,+,+,-,+,-,-,-,-,+,-,-,0,-,0,-,-,+,+,+,-,+,-,0,0
øˤ,+,+,-,+,-,-,-,-,+,-,-,0,-,0,-,-,+,+,+,-,+,-,0,0
ɒˤ,+,+,-,+,-,-,-,-,+,-,-,0,-,0,-,-,+,+,+,-,+,-,0,0
ɶˤ,+,+,-,+,-,-,-,-,+,-,-,0,-,0,-,-,+,+,+,-,+,-,0,0
ɒ̝,+,+,-,+,-,-,-,-,+,-,-,0,-,0,-,-,+,+,+,-,+,-,0,0
ɒ˔,+,+,-,+,-,-,-,-,+,-,-,0,-,0,-,-,+,+,+,-,+,-,0,0
ɒ̞,+,+,-,+,-,-,-,-,+,-,-,0,-,0,-,-,+,+,+,-,+,-,0,0
a̹,+,+,-,+,-,-,-,-,+,-,-,0,-,0,-,-,+,+,+,-,+,-,0,0
ɒ,+,+,-,+,-,-,-,-,+,-,-,0,-,0,-,-,+,+,+,-,+,-,0,0
a͗,+,+,-,+,-,-,-,-,+,-,-,0,-,0,-,-,+,+,+,-,+,-,0,0
ɒ͗,+,+,-,+,-,-,-,-,+,-,-,0,-,0,-,-,+,+,+,-,+,-,0,0
ɒ̘,+,+,-,+,-,-,-,-,+,-,-,0,-,0,-,-,+,+,+,-,+,-,0,0
ɒ̥ː,+,+,-,+,-,-,-,-,-,-,-,0,-,0,-,-,+,+,+,-,+,+,0,0
ɒ̟ː,+,+,-,+,-,-,-,-,+,-,-,0,-,0,-,-,+,+,+,-,+,+,0,0
ɒː,+,+,-,+,-,-,-,-,+,-,-,0,-,0,-,-,+,+,+,-,+,+,0,0
ɒ̝ː,+,+,-,+,-,-,-,-,+,-,-,0,-,0,-,-,+,+,+,-,+,+,0,0
ɒˑ,+,+,-,+,-,-,-,-,+,-,-,0,-,0,-,-,+,+,+,-,+,+,0,0
ɒ̞ː,+,+,-,+,-,-,-,-,+,-,-,0,-,0,-,-,+,+,+,-,+,+,0,0
oˤː,+,+,-,+,-,-,-,-,+,-,-,0,-,0,-,-,+,+,+,-,+,+,0,0
øˤː,+,+,-,+,-,-,-,-,+,-,-,0,-,0,-,-,+,+,+,-,+,+,0,0
ɒˤː,+,+,-,+,-,-,-,-,+,-,-,0,-,0,-,-,+,+,+,-,+,+,0,0
ɶˤː,+,+,-,+,-,-,-,-,+,-,-,0,-,0,-,-,+,+,+,-,+,+,0,0
ɒ̘ː,+,+,-,+,-,-,-,-,+,-,-,0,-,0,-,-,+,+,+,-,+,+,0,0
oːˤ,+,+,-,+,-,-,-,-,+,-,-,0,-,0,-,-,+,+,+,-,+,+,0,0
øːˤ,+,+,-,+,-,-,-,-,+,-,-,0,-,0,-,-,+,+,+,-,+,+,0,0
ɒːˤ,+,+,-,+,-,-,-,-,+,-,-,0,-,0,-,-,+,+,+,-,+,+,0,0
ɶːˤ,+,+,-,+,-,-,-,-,+,-,-,0,-,0,-,-,+,+,+,-,+,+,0,0
ɪ̠̊,+,+,-,+,-,-,-,-,-,-,-,0,-,0,-,+,-,-,-,-,-,-,0,0
ɪ̠̊˔,+,+,-,+,-,-,-,-,-,-,-,0,-,0,-,+,-,-,-,-,-,-,0,0
ɪ̝̊,+,+,-,+,-,-,-,-,-,-,-,0,-,0,-,+,-,-,-,-,-,-,0,0
ɪ̥,+,+,-,+,-,-,-,-,-,-,-,0,-,0,-,+,-,-,-,-,-,-,0,0
ɪ̊,+,+,-,+,-,-,-,-,-,-,-,0,-,0,-,+,-,-,-,-,-,-,0,0
ə̥ʲ,+,+,-,+,-,-,-,-,-,-,-,0,-,0,-,+,-,-,-,-,-,-,0,0
ɜ̥ʲ,+,+,-,+,-,-,-,-,-,-,-,0,-,0,-,+,-,-,-,-,-,-,0,0
ɛ̥ʲ,+,+,-,+,-,-,-,-,-,-,-,0,-,0,-,+,-,-,-,-,-,-,0,0
ɪ̥ʲ,+,+,-,+,-,-,-,-,-,-,-,0,-,0,-,+,-,-,-,-,-,-,0,0
ɯ̥ʲ,+,+,-,+,-,-,-,-,-,-,-,0,-,0,-,+,-,-,-,-,-,-,0,0
ɪ̟,+,+,-,+,-,-,-,-,+,-,-,0,-,0,-,+,-,-,-,-,-,-,0,0
ɪ̠,+,+,-,+,-,-,-,-,+,-,-,0,-,0,-,+,-,-,-,-,-,-,0,0
ɪ̈,+,+,-,+,-,-,-,-,+,-,-,0,-,0,-,+,-,-,-,-,-,-,0,0
ɪ̽,+,+,-,+,-,-,-,-,+,-,-,0,-,0,-,+,-,-,-,-,-,-,0,0
əʲ,+,+,-,+,-,-,-,-,+,-,-,0,-,0,-,+,-,-,-,-,-,-,0,0
ɜʲ,+,+,-,+,-,-,-,-,+,-,-,0,-,0,-,+,-,-,-,-,-,-,0,0
ɛʲ,+,+,-,+,-,-,-,-,+,-,-,0,-,0,-,+,-,-,-,-,-,-,0,0
ɪʲ,+,+,-,+,-,-,-,-,+,-,-,0,-,0,-,+,-,-,-,-,-,-,0,0
ɯʲ,+,+,-,+,-,-,-,-,+,-,-,0,-,0,-,+,-,-,-,-,-,-,0,0
ɪ̞̈,+,+,-,+,-,-,-,-,+,-,-,0,-,0,-,+,-,-,-,-,-,-,0,0
ɪ̆,+,+,-,+,-,-,-,-,+,-,-,0,-,0,-,+,-,-,-,-,-,-,0,0
ɪ̝,+,+,-,+,-,-,-,-,+,-,-,0,-,0,-,+,-,-,-,-,-,-,0,0
ɪ˔,+,+,-,+,-,-,-,-,+,-,-,0,-,0,-,+,-,-,-,-,-,-,0,0
ɪ̞,+,+,-,+,-,-,-,-,+,-,-,0,-,0,-,+,-,-,-,-,-,-,0,0
ɪ,+,+,-,+,-,-,-,-,+,-,-,0,-,0,-,+,-,-,-,-,-,-,0,0
i̙,+,+,-,+,-,-,-,-,+,-,-,0,-,0,-,+,-,-,-,-,-,-,0,0
ɪ̙,+,+,-,+,-,-,-,-,+,-,-,0,-,0,-,+,-,-,-,-,-,-,0,0
ɪ̥ː,+,+,-,+,-,-,-,-,-,-,-,0,-,0,-,+,-,-,-,-,-,+,0,0
ɪ̟ː,+,+,-,+,-,-,-,-,+,-,-,0,-,0,-,+,-,-,-,-,-,+,0,0
əʲː,+,+,-,+,-,-,-,-,+,-,-,0,-,0,-,+,-,-,-,-,-,+,0,0
ɜʲː,+,+,-,+,-,-,-,-,+,-,-,0,-,0,-,+,-,-,-,-,-,+,0,0
ɛʲː,+,+,-,+,-,-,-,-,+,-,-,0,-,0,-,+,-,-,-,-,-,+,0,0
ɪʲː,+,+,-,+,-,-,-,-,+,-,-,0,-,0,-,+,-,-,-,-,-,+,0,0
ɯʲː,+,+,-,+,-,-,-,-,+,-,-,0,-,0,-,+,-,-,-,-,-,+,0,0
ɪː,+,+,-,+,-,-,-,-,+,-,-,0,-,0,-,+,-,-,-,-,-,+,0,0
ɪ̝ː,+,+,-,+,-,-,-,-,+,-,-,0,-,0,-,+,-,-,-,-,-,+,0,0
ɪˑ,+,+,-,+,-,-,-,-,+,-,-,0,-,0,-,+,-,-,-,-,-,+,0,0
ɪ̞ː,+,+,-,+,-,-,-,-,+,-,-,0,-,0,-,+,-,-,-,-,-,+,0,0
əːʲ,+,+,-,+,-,-,-,-,+,-,-,0,-,0,-,+,-,-,-,-,-,+,0,0
ɜːʲ,+,+,-,+,-,-,-,-,+,-,-,0,-,0,-,+,-,-,-,-,-,+,0,0
ɛːʲ,+,+,-,+,-,-,-,-,+,-,-,0,-,0,-,+,-,-,-,-,-,+,0,0
ɪːʲ,+,+,-,+,-,-,-,-,+,-,-,0,-,0,-,+,-,-,-,-,-,+,0,0
ɯːʲ,+,+,-,+,-,-,-,-,+,-,-,0,-,0,-,+,-,-,-,-,-,+,0,0
i̙ː,+,+,-,+,-,-,-,-,+,-,-,0,-,0,-,+,-,-,-,-,-,+,0,0
ɪ̙ː,+,+,-,+,-,-,-,-,+,-,-,0,-,0,-,+,-,-,-,-,-,+,0,0
i̠̊,+,+,-,+,-,-,-,-,-,-,-,0,-,0,-,+,-,-,-,-,+,-,0,0
i̠̊˔,+,+,-,+,-,-,-,-,-,-,-,0,-,0,-,+,-,-,-,-,+,-,0,0
i̝̊,+,+,-,+,-,-,-,-,-,-,-,0,-,0,-,+,-,-,-,-,+,-,0,0
i̥,+,+,-,+,-,-,-,-,-,-,-,0,-,0,-,+,-,-,-,-,+,-,0,0
i̊,+,+,-,+,-,-,-,-,-,-,-,0,-,0,-,+,-,-,-,-,+,-,0,0
e̥ʲ,+,+,-,+,-,-,-,-,-,-,-,0,-,0,-,+,-,-,-,-,+,-,0,0
i̥ʲ,+,+,-,+,-,-,-,-,-,-,-,0,-,0,-,+,-,-,-,-,+,-,0,0
ɨ̥ʲ,+,+,-,+,-,-,-,-,-,-,-,0,-,0,-,+,-,-,-,-,+,-,0,0
ɐ̥ʲ,+,+,-,+,-,-,-,-,-,-,-,0,-,0,-,+,-,-,-,-,+,-,0,0
ʌ̥ʲ,+,+,-,+,-,-,-,-,-,-,-,0,-,0,-,+,-,-,-,-,+,-,0,0
i̟,+,+,-,+,-,-,-,-,+,-,-,0,-,0,-,+,-,-,-,-,+,-,0,0
i̠,+,+,-,+,-,-,-,-,+,-,-,0,-,0,-,+,-,-,-,-,+,-,0,0
ï,+,+,-,+,-,-,-,-,+,-,-,0,-,0,-,+,-,-,-,-,+,-,0,0
i̽,+,+,-,+,-,-,-,-,+,-,-,0,-,0,-,+,-,-,-,-,+,-,0,0
eʲ,+,+,-,+,-,-,-,-,+,-,-,0,-,0,-,+,-,-,-,-,+,-,0,0
iʲ,+,+,-,+,-,-,-,-,+,-,-,0,-,0,-,+,-,-,-,-,+,-,0,0
ɨʲ,+,+,-,+,-,-,-,-,+,-,-,0,-,0,-,+,-,-,-,-,+,-,0,0
ɐʲ,+,+,-,+,-,-,-,-,+,-,-,0,-,0,-,+,-,-,-,-,+,-,0,0
ʌʲ,+,+,-,+,-,-,-,-,+,-,-,0,-,0,-,+,-,-,-,-,+,-,0,0
ï̞,+,+,-,+,-,-,-,-,+,-,-,0,-,0,-,+,-,-,-,-,+,-,0,0
ĭ,+,+,-,+,-,-,-,-,+,-,-,0,-,0,-,+,-,-,-,-,+,-,0,0
i̝,+,+,-,+,-,-,-,-,+,-,-,0,-,0,-,+,-,-,-,-,+,-,0,0
i˔,+,+,-,+,-,-,-,-,+,-,-,0,-,0,-,+,-,-,-,-,+,-,0,0
i̞,+,+,-,+,-,-,-,-,+,-,-,0,-,0,-,+,-,-,-,-,+,-,0,0
i,+,+,-,+,-,-,-,-,+,-,-,0,-,0,-,+,-,-,-,-,+,-,0,0
i̘,+,+,-,+,-,-,-,-,+,-,-,0,-,0,-,+,-,-,-,-,+,-,0,0
ɪ̘,+,+,-,+,-,-,-,-,+,-,-,0,-,0,-,+,-,-,-,-,+,-,0,0
i̥ː,+,+,-,+,-,-,-,-,-,-,-,0,-,0,-,+,-,-,-,-,+,+,0,0
i̟ː,+,+,-,+,-,-,-,-,+,-,-,0,-,0,-,+,-,-,-,-,+,+,0,0
eʲː,+,+,-,+,-,-,-,-,+,-,-,0,-,0,-,+,-,-,-,-,+,+,0,0
iʲː,+,+,-,+,-,-,-,-,+,-,-,0,-,0,-,+,-,-,-,-,+,+,0,0
ɨʲː,+,+,-,+,-,-,-,-,+,-,-,0,-,0,-,+,-,-,-,-,+,+,0,0
ɐʲː,+,+,-,+,-,-,-,-,+,-,-,0,-,0,-,+,-,-,-,-,+,+,0,0
ʌʲː,+,+,-,+,-,-,-,-,+,-,-,0,-,0,-,+,-,-,-,-,+,+,0,0
iː,+,+,-,+,-,-,-,-,+,-,-,0,-,0,-,+,-,-,-,-,+,+,0,0
i̝ː,+,+,-,+,-,-,-,-,+,-,-,0,-,0,-,+,-,-,-,-,+,+,0,0
iˑ,+,+,-,+,-,-,-,-,+,-,-,0,-,0,-,+,-,-,-,-,+,+,0,0
i̞ː,+,+,-,+,-,-,-,-,+,-,-,0,-,0,-,+,-,-,-,-,+,+,0,0
eːʲ,+,+,-,+,-,-,-,-,+,-,-,0,-,0,-,+,-,-,-,-,+,+,0,0
iːʲ,+,+,-,+,-,-,-,-,+,-,-,0,-,0,-,+,-,-,-,-,+,+,0,0
ɨːʲ,+,+,-,+,-,-,-,-,+,-,-,0,-,0,-,+,-,-,-,-,+,+,0,0
ɐːʲ,+,+,-,+,-,-,-,-,+,-,-,0,-,0,-,+,-,-,-,-,+,+,0,0
ʌːʲ,+,+,-,+,-,-,-,-,+,-,-,0,-,0,-,+,-,-,-,-,+,+,0,0
i̘ː,+,+,-,+,-,-,-,-,+,-,-,0,-,0,-,+,-,-,-,-,+,+,0,0
ɪ̘ː,+,+,-,+,-,-,-,-,+,-,-,0,-,0,-,+,-,-,-,-,+,+,0,0
ʏ̠̊,+,+,-,+,-,-,-,-,-,-,-,0,-,0,-,+,-,-,+,-,-,-,0,0
ʏ̠̊˔,+,+,-,+,-,-,-,-,-,-,-,0,-,0,-,+,-,-,+,-,-,-,0,0
ʏ̝̊,+,+,-,+,-,-,-,-,-,-,-,0,-,0,-,+,-,-,+,-,-,-,0,0
ʏ̥,+,+,-,+,-,-,-,-,-,-,-,0,-,0,-,+,-,-,+,-,-,-,0,0
ʏ̊,+,+,-,+,-,-,-,-,-,-,-,0,-,0,-,+,-,-,+,-,-,-,0,0
œ̥ʲ,+,+,-,+,-,-,-,-,-,-,-,0,-,0,-,+,-,-,+,-,-,-,0,0
ɔ̥ʲ,+,+,-,+,-,-,-,-,-,-,-,0,-,0,-,+,-,-,+,-,-,-,0,0
ʊ̥ʲ,+,+,-,+,-,-,-,-,-,-,-,0,-,0,-,+,-,-,+,-,-,-,0,0
ʏ̥ʲ,+,+,-,+,-,-,-,-,-,-,-,0,-,0,-,+,-,-,+,-,-,-,0,0
ʏ̟,+,+,-,+,-,-,-,-,+,-,-,0,-,0,-,+,-,-,+,-,-,-,0,0
ʏ̠,+,+,-,+,-,-,-,-,+,-,-,0,-,0,-,+,-,-,+,-,-,-,0,0
ʏ̈,+,+,-,+,-,-,-,-,+,-,-,0,-,0,-,+,-,-,+,-,-,-,0,0
ʏ̽,+,+,-,+,-,-,-,-,+,-,-,0,-,0,-,+,-,-,+,-,-,-,0,0
ɪ̝̹,+,+,-,+,-,-,-,-,+,-,-,0,-,0,-,+,-,-,+,-,-,-,0,0
ɪ̝͗,+,+,-,+,-,-,-,-,+,-,-,0,-,0,-,+,-,-,+,-,-,-,0,0
ʏ̝͗,+,+,-,+,-,-,-,-,+,-,-,0,-,0,-,+,-,-,+,-,-,-,0,0
œʲ,+,+,-,+,-,-,-,-,+,-,-,0,-,0,-,+,-,-,+,-,-,-,0,0
ɔʲ,+,+,-,+,-,-,-,-,+,-,-,0,-,0,-,+,-,-,+,-,-,-,0,0
ʊʲ,+,+,-,+,-,-,-,-,+,-,-,0,-,0,-,+,-,-,+,-,-,-,0,0
ʏʲ,+,+,-,+,-,-,-,-,+,-,-,0,-,0,-,+,-,-,+,-,-,-,0,0
ʏ̞̈,+,+,-,+,-,-,-,-,+,-,-,0,-,0,-,+,-,-,+,-,-,-,0,0
ʏ̆,+,+,-,+,-,-,-,-,+,-,-,0,-,0,-,+,-,-,+,-,-,-,0,0
ʏ̝,+,+,-,+,-,-,-,-,+,-,-,0,-,0,-,+,-,-,+,-,-,-,0,0
ʏ˔,+,+,-,+,-,-,-,-,+,-,-,0,-,0,-,+,-,-,+,-,-,-,0,0
ʏ̞,+,+,-,+,-,-,-,-,+,-,-,0,-,0,-,+,-,-,+,-,-,-,0,0
ɪ̹,+,+,-,+,-,-,-,-,+,-,-,0,-,0,-,+,-,-,+,-,-,-,0,0
ʏ,+,+,-,+,-,-,-,-,+,-,-,0,-,0,-,+,-,-,+,-,-,-,0,0
ɪ͗,+,+,-,+,-,-,-,-,+,-,-,0,-,0,-,+,-,-,+,-,-,-,0,0
ʏ͗,+,+,-,+,-,-,-,-,+,-,-,0,-,0,-,+,-,-,+,-,-,-,0,0
ʏ̙,+,+,-,+,-,-,-,-,+,-,-,0,-,0,-,+,-,-,+,-,-,-,0,0
ʏ̥ː,+,+,-,+,-,-,-,-,-,-,-,0,-,0,-,+,-,-,+,-,-,+,0,0
ʏ̟ː,+,+,-,+,-,-,-,-,+,-,-,0,-,0,-,+,-,-,+,-,-,+,0,0
œʲː,+,+,-,+,-,-,-,-,+,-,-,0,-,0,-,+,-,-,+,-,-,+,0,0
ɔʲː,+,+,-,+,-,-,-,-,+,-,-,0,-,0,-,+,-,-,+,-,-,+,0,0
ʊʲː,+,+,-,+,-,-,-,-,+,-,-,0,-,0,-,+,-,-,+,-,-,+,0,0
ʏʲː,+,+,-,+,-,-,-,-,+,-,-,0,-,0,-,+,-,-,+,-,-,+,0,0
ʏː,+,+,-,+,-,-,-,-,+,-,-,0,-,0,-,+,-,-,+,-,-,+,0,0
ʏ̝ː,+,+,-,+,-,-,-,-,+,-,-,0,-,0,-,+,-,-,+,-,-,+,0,0
ʏˑ,+,+,-,+,-,-,-,-,+,-,-,0,-,0,-,+,-,-,+,-,-,+,0,0
ʏ̞ː,+,+,-,+,-,-,-,-,+,-,-,0,-,0,-,+,-,-,+,-,-,+,0,0
œːʲ,+,+,-,+,-,-,-,-,+,-,-,0,-,0,-,+,-,-,+,-,-,+,0,0
ɔːʲ,+,+,-,+,-,-,-,-,+,-,-,0,-,0,-,+,-,-,+,-,-,+,0,0
ʊːʲ,+,+,-,+,-,-,-,-,+,-,-,0,-,0,-,+,-,-,+,-,-,+,0,0
ʏːʲ,+,+,-,+,-,-,-,-,+,-,-,0,-,0,-,+,-,-,+,-,-,+,0,0
ʏ̙ː,+,+,-,+,-,-,-,-,+,-,-,0,-,0,-,+,-,-,+,-,-,+,0,0
o̥ʲ,+,+,-,+,-,-,-,-,-,-,-,0,-,0,-,+,-,-,+,-,+,-,0,0
ø̥ʲ,+,+,-,+,-,-,-,-,-,-,-,0,-,0,-,+,-,-,+,-,+,-,0,0
i̝̹,+,+,-,+,-,-,-,-,+,-,-,0,-,0,-,+,-,-,+,-,+,-,0,0
i̝͗,+,+,-,+,-,-,-,-,+,-,-,0,-,0,-,+,-,-,+,-,+,-,0,0
oʲ,+,+,-,+,-,-,-,-,+,-,-,0,-,0,-,+,-,-,+,-,+,-,0,0
øʲ,+,+,-,+,-,-,-,-,+,-,-,0,-,0,-,+,-,-,+,-,+,-,0,0
i̹,+,+,-,+,-,-,-,-,+,-,-,0,-,0,-,+,-,-,+,-,+,-,0,0
i͗,+,+,-,+,-,-,-,-,+,-,-,0,-,0,-,+,-,-,+,-,+,-,0,0
ʏ̘,+,+,-,+,-,-,-,-,+,-,-,0,-,0,-,+,-,-,+,-,+,-,0,0
oʲː,+,+,-,+,-,-,-,-,+,-,-,0,-,0,-,+,-,-,+,-,+,+,0,0
øʲː,+,+,-,+,-,-,-,-,+,-,-,0,-,0,-,+,-,-,+,-,+,+,0,0
oːʲ,+,+,-,+,-,-,-,-,+,-,-,0,-,0,-,+,-,-,+,-,+,+,0,0
øːʲ,+,+,-,+,-,-,-,-,+,-,-,0,-,0,-,+,-,-,+,-,+,+,0,0
ʏ̘ː,+,+,-,+,-,-,-,-,+,-,-,0,-,0,-,+,-,-,+,-,+,+,0,0
ɯ̠̊,+,+,-,+,-,-,-,-,-,-,-,0,-,0,-,+,-,+,-,-,-,-,0,0
ɯ̠̊˔,+,+,-,+,-,-,-,-,-,-,-,0,-,0,-,+,-,+,-,-,-,-,0,0
ɯ̝̊,+,+,-,+,-,-,-,-,-,-,-,0,-,0,-,+,-,+,-,-,-,-,0,0
ɯ̥,+,+,-,+,-,-,-,-,-,-,-,0,-,0,-,+,-,+,-,-,-,-,0,0
ɯ̊,+,+,-,+,-,-,-,-,-,-,-,0,-,0,-,+,-,+,-,-,-,-,0,0
ə̥ˠ,+,+,-,+,-,-,-,-,-,-,-,0,-,0,-,+,-,+,-,-,-,-,0,0
ɜ̥ˠ,+,+,-,+,-,-,-,-,-,-,-,0,-,0,-,+,-,+,-,-,-,-,0,0
ɛ̥ˠ,+,+,-,+,-,-,-,-,-,-,-,0,-,0,-,+,-,+,-,-,-,-,0,0
ɪ̥ˠ,+,+,-,+,-,-,-,-,-,-,-,0,-,0,-,+,-,+,-,-,-,-,0,0
ɯ̟,+,+,-,+,-,-,-,-,+,-,-,0,-,0,-,+,-,+,-,-,-,-,0,0
ɯ̠,+,+,-,+,-,-,-,-,+,-,-,0,-,0,-,+,-,+,-,-,-,-,0,0
ɯ̈,+,+,-,+,-,-,-,-,+,-,-,0,-,0,-,+,-,+,-,-,-,-,0,0
ɯ̽,+,+,-,+,-,-,-,-,+,-,-,0,-,0,-,+,-,+,-,-,-,-,0,0
ɯ̞̈,+,+,-,+,-,-,-,-,+,-,-,0,-,0,-,+,-,+,-,-,-,-,0,0
ɯ̆,+,+,-,+,-,-,-,-,+,-,-,0,-,0,-,+,-,+,-,-,-,-,0,0
əˠ,+,+,-,+,-,-,-,-,+,-,-,0,-,0,-,+,-,+,-,-,-,-,0,0
ɜˠ,+,+,-,+,-,-,-,-,+,-,-,0,-,0,-,+,-,+,-,-,-,-,0,0
ɛˠ,+,+,-,+,-,-,-,-,+,-,-,0,-,0,-,+,-,+,-,-,-,-,0,0
ɪˠ,+,+,-,+,-,-,-,-,+,-,-,0,-,0,-,+,-,+,-,-,-,-,0,0
e̙ˠ,+,+,-,+,-,-,-,-,+,-,-,0,-,0,-,+,-,+,-,-,-,-,0,0
i̙ˠ,+,+,-,+,-,-,-,-,+,-,-,0,-,0,-,+,-,+,-,-,-,-,0,0
ə̙ˠ,+,+,-,+,-,-,-,-,+,-,-,0,-,0,-,+,-,+,-,-,-,-,0,0
ɜ̙ˠ,+,+,-,+,-,-,-,-,+,-,-,0,-,0,-,+,-,+,-,-,-,-,0,0
ɛ̙ˠ,+,+,-,+,-,-,-,-,+,-,-,0,-,0,-,+,-,+,-,-,-,-,0,0
ʌ̙ˠ,+,+,-,+,-,-,-,-,+,-,-,0,-,0,-,+,-,+,-,-,-,-,0,0
ɪ̙ˠ,+,+,-,+,-,-,-,-,+,-,-,0,-,0,-,+,-,+,-,-,-,-,0,0
ɐ̙ˠ,+,+,-,+,-,-,-,-,+,-,-,0,-,0,-,+,-,+,-,-,-,-,0,0
ɯ̝,+,+,-,+,-,-,-,-,+,-,-,0,-,0,-,+,-,+,-,-,-,-,0,0
ɯ˔,+,+,-,+,-,-,-,-,+,-,-,0,-,0,-,+,-,+,-,-,-,-,0,0
ɯ̞,+,+,-,+,-,-,-,-,+,-,-,0,-,0,-,+,-,+,-,-,-,-,0,0
ɯ,+,+,-,+,-,-,-,-,+,-,-,0,-,0,-,+,-,+,-,-,-,-,0,0
ɨ̙,+,+,-,+,-,-,-,-,+,-,-,0,-,0,-,+,-,+,-,-,-,-,0,0
ɯ̙,+,+,-,+,-,-,-,-,+,-,-,0,-,0,-,+,-,+,-,-,-,-,0,0
ɯ̥ː,+,+,-,+,-,-,-,-,-,-,-,0,-,0,-,+,-,+,-,-,-,+,0,0
ɯ̟ː,+,+,-,+,-,-,-,-,+,-,-,0,-,0,-,+,-,+,-,-,-,+,0,0
ɯː,+,+,-,+,-,-,-,-,+,-,-,0,-,0,-,+,-,+,-,-,-,+,0,0
ɯ̝ː,+,+,-,+,-,-,-,-,+,-,-,0,-,0,-,+,-,+,-,-,-,+,0,0
ɯˑ,+,+,-,+,-,-,-,-,+,-,-,0,-,0,-,+,-,+,-,-,-,+,0,0
ɯ̞ː,+,+,-,+,-,-,-,-,+,-,-,0,-,0,-,+,-,+,-,-,-,+,0,0
ɨ̙ː,+,+,-,+,-,-,-,-,+,-,-,0,-,0,-,+,-,+,-,-,-,+,0,0
ɯ̙ː,+,+,-,+,-,-,-,-,+,-,-,0,-,0,-,+,-,+,-,-,-,+,0,0
əːˠ,+,+,-,+,-,-,-,-,+,-,-,0,-,0,-,+,-,+,-,-,-,+,0,0
ɜːˠ,+,+,-,+,-,-,-,-,+,-,-,0,-,0,-,+,-,+,-,-,-,+,0,0
ɛːˠ,+,+,-,+,-,-,-,-,+,-,-,0,-,0,-,+,-,+,-,-,-,+,0,0
ɪːˠ,+,+,-,+,-,-,-,-,+,-,-,0,-,0,-,+,-,+,-,-,-,+,0,0
ɨ̠̊,+,+,-,+,-,-,-,-,-,-,-,0,-,0,-,+,-,+,-,-,+,-,0,0
ɨ̠̊˔,+,+,-,+,-,-,-,-,-,-,-,0,-,0,-,+,-,+,-,-,+,-,0,0
ɨ̝̊,+,+,-,+,-,-,-,-,-,-,-,0,-,0,-,+,-,+,-,-,+,-,0,0
ɨ̥,+,+,-,+,-,-,-,-,-,-,-,0,-,0,-,+,-,+,-,-,+,-,0,0
ɨ̊,+,+,-,+,-,-,-,-,-,-,-,0,-,0,-,+,-,+,-,-,+,-,0,0
e̥ˠ,+,+,-,+,-,-,-,-,-,-,-,0,-,0,-,+,-,+,-,-,+,-,0,0
i̥ˠ,+,+,-,+,-,-,-,-,-,-,-,0,-,0,-,+,-,+,-,-,+,-,0,0
ʌ̥ˠ,+,+,-,+,-,-,-,-,-,-,-,0,-,0,-,+,-,+,-,-,+,-,0,0
ɐ̥ˠ,+,+,-,+,-,-,-,-,-,-,-,0,-,0,-,+,-,+,-,-,+,-,0,0
ɨ̟,+,+,-,+,-,-,-,-,+,-,-,0,-,0,-,+,-,+,-,-,+,-,0,0
ɨ̠,+,+,-,+,-,-,-,-,+,-,-,0,-,0,-,+,-,+,-,-,+,-,0,0
ɨ̈,+,+,-,+,-,-,-,-,+,-,-,0,-,0,-,+,-,+,-,-,+,-,0,0
ɨ̽,+,+,-,+,-,-,-,-,+,-,-,0,-,0,-,+,-,+,-,-,+,-,0,0
ɨ̞̈,+,+,-,+,-,-,-,-,+,-,-,0,-,0,-,+,-,+,-,-,+,-,0,0
ɨ̆,+,+,-,+,-,-,-,-,+,-,-,0,-,0,-,+,-,+,-,-,+,-,0,0
eˠ,+,+,-,+,-,-,-,-,+,-,-,0,-,0,-,+,-,+,-,-,+,-,0,0
iˠ,+,+,-,+,-,-,-,-,+,-,-,0,-,0,-,+,-,+,-,-,+,-,0,0
ɐˠ,+,+,-,+,-,-,-,-,+,-,-,0,-,0,-,+,-,+,-,-,+,-,0,0
ʌˠ,+,+,-,+,-,-,-,-,+,-,-,0,-,0,-,+,-,+,-,-,+,-,0,0
e̘ˠ,+,+,-,+,-,-,-,-,+,-,-,0,-,0,-,+,-,+,-,-,+,-,0,0
i̘ˠ,+,+,-,+,-,-,-,-,+,-,-,0,-,0,-,+,-,+,-,-,+,-,0,0
ə̘ˠ,+,+,-,+,-,-,-,-,+,-,-,0,-,0,-,+,-,+,-,-,+,-,0,0
ɜ̘ˠ,+,+,-,+,-,-,-,-,+,-,-,0,-,0,-,+,-,+,-,-,+,-,0,0
ɛ̘ˠ,+,+,-,+,-,-,-,-,+,-,-,0,-,0,-,+,-,+,-,-,+,-,0,0
ʌ̘ˠ,+,+,-,+,-,-,-,-,+,-,-,0,-,0,-,+,-,+,-,-,+,-,0,0
ɪ̘ˠ,+,+,-,+,-,-,-,-,+,-,-,0,-,0,-,+,-,+,-,-,+,-,0,0
ɐ̘ˠ,+,+,-,+,-,-,-,-,+,-,-,0,-,0,-,+,-,+,-,-,+,-,0,0
ɨ̝,+,+,-,+,-,-,-,-,+,-,-,0,-,0,-,+,-,+,-,-,+,-,0,0
ɨ˔,+,+,-,+,-,-,-,-,+,-,-,0,-,0,-,+,-,+,-,-,+,-,0,0
ɨ̞,+,+,-,+,-,-,-,-,+,-,-,0,-,0,-,+,-,+,-,-,+,-,0,0
ɨ,+,+,-,+,-,-,-,-,+,-,-,0,-,0,-,+,-,+,-,-,+,-,0,0
ɨ̘,+,+,-,+,-,-,-,-,+,-,-,0,-,0,-,+,-,+,-,-,+,-,0,0
ɯ̘,+,+,-,+,-,-,-,-,+,-,-,0,-,0,-,+,-,+,-,-,+,-,0,0
ɨ̥ː,+,+,-,+,-,-,-,-,-,-,-,0,-,0,-,+,-,+,-,-,+,+,0,0
ɨ̟ː,+,+,-,+,-,-,-,-,+,-,-,0,-,0,-,+,-,+,-,-,+,+,0,0
ɨː,+,+,-,+,-,-,-,-,+,-,-,0,-,0,-,+,-,+,-,-,+,+,0,0
ɨ̝ː,+,+,-,+,-,-,-,-,+,-,-,0,-,0,-,+,-,+,-,-,+,+,0,0
ɨˑ,+,+,-,+,-,-,-,-,+,-,-,0,-,0,-,+,-,+,-,-,+,+,0,0
ɨ̞ː,+,+,-,+,-,-,-,-,+,-,-,0,-,0,-,+,-,+,-,-,+,+,0,0
ɨ̘ː,+,+,-,+,-,-,-,-,+,-,-,0,-,0,-,+,-,+,-,-,+,+,0,0
ɯ̘ː,+,+,-,+,-,-,-,-,+,-,-,0,-,0,-,+,-,+,-,-,+,+,0,0
eːˠ,+,+,-,+,-,-,-,-,+,-,-,0,-,0,-,+,-,+,-,-,+,+,0,0
iːˠ,+,+,-,+,-,-,-,-,+,-,-,0,-,0,-,+,-,+,-,-,+,+,0,0
ʌːˠ,+,+,-,+,-,-,-,-,+,-,-,0,-,0,-,+,-,+,-,-,+,+,0,0
ɐːˠ,+,+,-,+,-,-,-,-,+,-,-,0,-,0,-,+,-,+,-,-,+,+,0,0
ʊ̠̊,+,+,-,+,-,-,-,-,-,-,-,0,-,0,-,+,-,+,+,-,-,-,0,0
ʊ̠̊˔,+,+,-,+,-,-,-,-,-,-,-,0,-,0,-,+,-,+,+,-,-,-,0,0
œ̠̊˔ʷ,+,+,-,+,-,-,-,-,-,-,-,0,-,0,-,+,-,+,+,-,-,-,0,0
ɔ̠̊˔ʷ,+,+,-,+,-,-,-,-,-,-,-,0,-,0,-,+,-,+,+,-,-,-,0,0
ə̠̊˔ʷ,+,+,-,+,-,-,-,-,-,-,-,0,-,0,-,+,-,+,+,-,-,-,0,0
ɜ̠̊˔ʷ,+,+,-,+,-,-,-,-,-,-,-,0,-,0,-,+,-,+,+,-,-,-,0,0
ɛ̠̊˔ʷ,+,+,-,+,-,-,-,-,-,-,-,0,-,0,-,+,-,+,+,-,-,-,0,0
ɪ̠̊˔ʷ,+,+,-,+,-,-,-,-,-,-,-,0,-,0,-,+,-,+,+,-,-,-,0,0
ɯ̠̊˔ʷ,+,+,-,+,-,-,-,-,-,-,-,0,-,0,-,+,-,+,+,-,-,-,0,0
ʊ̠̊˔ʷ,+,+,-,+,-,-,-,-,-,-,-,0,-,0,-,+,-,+,+,-,-,-,0,0
ʏ̠̊˔ʷ,+,+,-,+,-,-,-,-,-,-,-,0,-,0,-,+,-,+,+,-,-,-,0,0
ʊ̝̊,+,+,-,+,-,-,-,-,-,-,-,0,-,0,-,+,-,+,+,-,-,-,0,0
œ̝̊ʷ,+,+,-,+,-,-,-,-,-,-,-,0,-,0,-,+,-,+,+,-,-,-,0,0
ɔ̝̊ʷ,+,+,-,+,-,-,-,-,-,-,-,0,-,0,-,+,-,+,+,-,-,-,0,0
ə̝̊ʷ,+,+,-,+,-,-,-,-,-,-,-,0,-,0,-,+,-,+,+,-,-,-,0,0
ɜ̝̊ʷ,+,+,-,+,-,-,-,-,-,-,-,0,-,0,-,+,-,+,+,-,-,-,0,0
ɛ̝̊ʷ,+,+,-,+,-,-,-,-,-,-,-,0,-,0,-,+,-,+,+,-,-,-,0,0
ɪ̝̊ʷ,+,+,-,+,-,-,-,-,-,-,-,0,-,0,-,+,-,+,+,-,-,-,0,0
ɯ̝̊ʷ,+,+,-,+,-,-,-,-,-,-,-,0,-,0,-,+,-,+,+,-,-,-,0,0
ʊ̝̊ʷ,+,+,-,+,-,-,-,-,-,-,-,0,-,0,-,+,-,+,+,-,-,-,0,0
ʏ̝̊ʷ,+,+,-,+,-,-,-,-,-,-,-,0,-,0,-,+,-,+,+,-,-,-,0,0
ʊ̥,+,+,-,+,-,-,-,-,-,-,-,0,-,0,-,+,-,+,+,-,-,-,0,0
œ̥ʷ,+,+,-,+,-,-,-,-,-,-,-,0,-,0,-,+,-,+,+,-,-,-,0,0
ɔ̥ʷ,+,+,-,+,-,-,-,-,-,-,-,0,-,0,-,+,-,+,+,-,-,-,0,0
ə̥ʷ,+,+,-,+,-,-,-,-,-,-,-,0,-,0,-,+,-,+,+,-,-,-,0,0
ɜ̥ʷ,+,+,-,+,-,-,-,-,-,-,-,0,-,0,-,+,-,+,+,-,-,-,0,0
ɛ̥ʷ,+,+,-,+,-,-,-,-,-,-,-,0,-,0,-,+,-,+,+,-,-,-,0,0
ɪ̥ʷ,+,+,-,+,-,-,-,-,-,-,-,0,-,0,-,+,-,+,+,-,-,-,0,0
ɯ̥ʷ,+,+,-,+,-,-,-,-,-,-,-,0,-,0,-,+,-,+,+,-,-,-,0,0
ʊ̥ʷ,+,+,-,+,-,-,-,-,-,-,-,0,-,0,-,+,-,+,+,-,-,-,0,0
ʏ̥ʷ,+,+,-,+,-,-,-,-,-,-,-,0,-,0,-,+,-,+,+,-,-,-,0,0
ʊ̊,+,+,-,+,-,-,-,-,-,-,-,0,-,0,-,+,-,+,+,-,-,-,0,0
œ̥ˠ,+,+,-,+,-,-,-,-,-,-,-,0,-,0,-,+,-,+,+,-,-,-,0,0
ɔ̥ˠ,+,+,-,+,-,-,-,-,-,-,-,0,-,0,-,+,-,+,+,-,-,-,0,0
ʏ̥ˠ,+,+,-,+,-,-,-,-,-,-,-,0,-,0,-,+,-,+,+,-,-,-,0,0
ʊ̟,+,+,-,+,-,-,-,-,+,-,-,0,-,0,-,+,-,+,+,-,-,-,0,0
œʲʷ,+,+,-,+,-,-,-,-,+,-,-,0,-,0,-,+,-,+,+,-,-,-,0,0
ɔʲʷ,+,+,-,+,-,-,-,-,+,-,-,0,-,0,-,+,-,+,+,-,-,-,0,0
əʲʷ,+,+,-,+,-,-,-,-,+,-,-,0,-,0,-,+,-,+,+,-,-,-,0,0
ɜʲʷ,+,+,-,+,-,-,-,-,+,-,-,0,-,0,-,+,-,+,+,-,-,-,0,0
ɛʲʷ,+,+,-,+,-,-,-,-,+,-,-,0,-,0,-,+,-,+,+,-,-,-,0,0
ʊ̠,+,+,-,+,-,-,-,-,+,-,-,0,-,0,-,+,-,+,+,-,-,-,0,0
ɪʲʷ,+,+,-,+,-,-,-,-,+,-,-,0,-,0,-,+,-,+,+,-,-,-,0,0
ɯʲʷ,+,+,-,+,-,-,-,-,+,-,-,0,-,0,-,+,-,+,+,-,-,-,0,0
ʊʲʷ,+,+,-,+,-,-,-,-,+,-,-,0,-,0,-,+,-,+,+,-,-,-,0,0
ʏʲʷ,+,+,-,+,-,-,-,-,+,-,-,0,-,0,-,+,-,+,+,-,-,-,0,0
ʊ̈,+,+,-,+,-,-,-,-,+,-,-,0,-,0,-,+,-,+,+,-,-,-,0,0
ʊ̽,+,+,-,+,-,-,-,-,+,-,-,0,-,0,-,+,-,+,+,-,-,-,0,0
ɯ̝̹,+,+,-,+,-,-,-,-,+,-,-,0,-,0,-,+,-,+,+,-,-,-,0,0
ɯ̝͗,+,+,-,+,-,-,-,-,+,-,-,0,-,0,-,+,-,+,+,-,-,-,0,0
ʊ̝͗,+,+,-,+,-,-,-,-,+,-,-,0,-,0,-,+,-,+,+,-,-,-,0,0
œ̝ʷ,+,+,-,+,-,-,-,-,+,-,-,0,-,0,-,+,-,+,+,-,-,-,0,0
ɔ̝ʷ,+,+,-,+,-,-,-,-,+,-,-,0,-,0,-,+,-,+,+,-,-,-,0,0
ə̝ʷ,+,+,-,+,-,-,-,-,+,-,-,0,-,0,-,+,-,+,+,-,-,-,0,0
ɜ̝ʷ,+,+,-,+,-,-,-,-,+,-,-,0,-,0,-,+,-,+,+,-,-,-,0,0
ɛ̝ʷ,+,+,-,+,-,-,-,-,+,-,-,0,-,0,-,+,-,+,+,-,-,-,0,0
ɪ̝ʷ,+,+,-,+,-,-,-,-,+,-,-,0,-,0,-,+,-,+,+,-,-,-,0,0
ɯ̝ʷ,+,+,-,+,-,-,-,-,+,-,-,0,-,0,-,+,-,+,+,-,-,-,0,0
ʊ̝ʷ,+,+,-,+,-,-,-,-,+,-,-,0,-,0,-,+,-,+,+,-,-,-,0,0
ʏ̝ʷ,+,+,-,+,-,-,-,-,+,-,-,0,-,0,-,+,-,+,+,-,-,-,0,0
ʊ̞̈,+,+,-,+,-,-,-,-,+,-,-,0,-,0,-,+,-,+,+,-,-,-,0,0
œ̞̈ʷ,+,+,-,+,-,-,-,-,+,-,-,0,-,0,-,+,-,+,+,-,-,-,0,0
ɔ̞̈ʷ,+,+,-,+,-,-,-,-,+,-,-,0,-,0,-,+,-,+,+,-,-,-,0,0
ɜ̞̈ʷ,+,+,-,+,-,-,-,-,+,-,-,0,-,0,-,+,-,+,+,-,-,-,0,0
ɛ̞̈ʷ,+,+,-,+,-,-,-,-,+,-,-,0,-,0,-,+,-,+,+,-,-,-,0,0
ɪ̞̈ʷ,+,+,-,+,-,-,-,-,+,-,-,0,-,0,-,+,-,+,+,-,-,-,0,0
ɯ̞̈ʷ,+,+,-,+,-,-,-,-,+,-,-,0,-,0,-,+,-,+,+,-,-,-,0,0
ʊ̞̈ʷ,+,+,-,+,-,-,-,-,+,-,-,0,-,0,-,+,-,+,+,-,-,-,0,0
ʏ̞̈ʷ,+,+,-,+,-,-,-,-,+,-,-,0,-,0,-,+,-,+,+,-,-,-,0,0
ʊ̆,+,+,-,+,-,-,-,-,+,-,-,0,-,0,-,+,-,+,+,-,-,-,0,0
œˠ,+,+,-,+,-,-,-,-,+,-,-,0,-,0,-,+,-,+,+,-,-,-,0,0
ɔˠ,+,+,-,+,-,-,-,-,+,-,-,0,-,0,-,+,-,+,+,-,-,-,0,0
ʏˠ,+,+,-,+,-,-,-,-,+,-,-,0,-,0,-,+,-,+,+,-,-,-,0,0
œ̠ʷ,+,+,-,+,-,-,-,-,+,-,-,0,-,0,-,+,-,+,+,-,-,-,0,0
ɔ̠ʷ,+,+,-,+,-,-,-,-,+,-,-,0,-,0,-,+,-,+,+,-,-,-,0,0
ə̠ʷ,+,+,-,+,-,-,-,-,+,-,-,0,-,0,-,+,-,+,+,-,-,-,0,0
ɜ̠ʷ,+,+,-,+,-,-,-,-,+,-,-,0,-,0,-,+,-,+,+,-,-,-,0,0
ɛ̠ʷ,+,+,-,+,-,-,-,-,+,-,-,0,-,0,-,+,-,+,+,-,-,-,0,0
ɪ̠ʷ,+,+,-,+,-,-,-,-,+,-,-,0,-,0,-,+,-,+,+,-,-,-,0,0
ɯ̠ʷ,+,+,-,+,-,-,-,-,+,-,-,0,-,0,-,+,-,+,+,-,-,-,0,0
ʊ̠ʷ,+,+,-,+,-,-,-,-,+,-,-,0,-,0,-,+,-,+,+,-,-,-,0,0
ʏ̠ʷ,+,+,-,+,-,-,-,-,+,-,-,0,-,0,-,+,-,+,+,-,-,-,0,0
o̙ˠ,+,+,-,+,-,-,-,-,+,-,-,0,-,0,-,+,-,+,+,-,-,-,0,0
ø̙ˠ,+,+,-,+,-,-,-,-,+,-,-,0,-,0,-,+,-,+,+,-,-,-,0,0
œ̙ˠ,+,+,-,+,-,-,-,-,+,-,-,0,-,0,-,+,-,+,+,-,-,-,0,0
ɔ̙ˠ,+,+,-,+,-,-,-,-,+,-,-,0,-,0,-,+,-,+,+,-,-,-,0,0
ʏ̙ˠ,+,+,-,+,-,-,-,-,+,-,-,0,-,0,-,+,-,+,+,-,-,-,0,0
ʊ̝,+,+,-,+,-,-,-,-,+,-,-,0,-,0,-,+,-,+,+,-,-,-,0,0
œʷ,+,+,-,+,-,-,-,-,+,-,-,0,-,0,-,+,-,+,+,-,-,-,0,0
ɔʷ,+,+,-,+,-,-,-,-,+,-,-,0,-,0,-,+,-,+,+,-,-,-,0,0
əʷ,+,+,-,+,-,-,-,-,+,-,-,0,-,0,-,+,-,+,+,-,-,-,0,0
ɜʷ,+,+,-,+,-,-,-,-,+,-,-,0,-,0,-,+,-,+,+,-,-,-,0,0
ɛʷ,+,+,-,+,-,-,-,-,+,-,-,0,-,0,-,+,-,+,+,-,-,-,0,0
ɪʷ,+,+,-,+,-,-,-,-,+,-,-,0,-,0,-,+,-,+,+,-,-,-,0,0
ɯʷ,+,+,-,+,-,-,-,-,+,-,-,0,-,0,-,+,-,+,+,-,-,-,0,0
ʊʷ,+,+,-,+,-,-,-,-,+,-,-,0,-,0,-,+,-,+,+,-,-,-,0,0
ʏʷ,+,+,-,+,-,-,-,-,+,-,-,0,-,0,-,+,-,+,+,-,-,-,0,0
œ̠˔ʷ,+,+,-,+,-,-,-,-,+,-,-,0,-,0,-,+,-,+,+,-,-,-,0,0
ɔ̠˔ʷ,+,+,-,+,-,-,-,-,+,-,-,0,-,0,-,+,-,+,+,-,-,-,0,0
ə̠˔ʷ,+,+,-,+,-,-,-,-,+,-,-,0,-,0,-,+,-,+,+,-,-,-,0,0
ɜ̠˔ʷ,+,+,-,+,-,-,-,-,+,-,-,0,-,0,-,+,-,+,+,-,-,-,0,0
ɛ̠˔ʷ,+,+,-,+,-,-,-,-,+,-,-,0,-,0,-,+,-,+,+,-,-,-,0,0
ɪ̠˔ʷ,+,+,-,+,-,-,-,-,+,-,-,0,-,0,-,+,-,+,+,-,-,-,0,0
ɯ̠˔ʷ,+,+,-,+,-,-,-,-,+,-,-,0,-,0,-,+,-,+,+,-,-,-,0,0
ʊ̠˔ʷ,+,+,-,+,-,-,-,-,+,-,-,0,-,0,-,+,-,+,+,-,-,-,0,0
ʏ̠˔ʷ,+,+,-,+,-,-,-,-,+,-,-,0,-,0,-,+,-,+,+,-,-,-,0,0
ʊ˔,+,+,-,+,-,-,-,-,+,-,-,0,-,0,-,+,-,+,+,-,-,-,0,0
ʊ̞,+,+,-,+,-,-,-,-,+,-,-,0,-,0,-,+,-,+,+,-,-,-,0,0
ɯ̹,+,+,-,+,-,-,-,-,+,-,-,0,-,0,-,+,-,+,+,-,-,-,0,0
ʊ,+,+,-,+,-,-,-,-,+,-,-,0,-,0,-,+,-,+,+,-,-,-,0,0
ɯ͗,+,+,-,+,-,-,-,-,+,-,-,0,-,0,-,+,-,+,+,-,-,-,0,0
ʊ͗,+,+,-,+,-,-,-,-,+,-,-,0,-,0,-,+,-,+,+,-,-,-,0,0
ʊ̙,+,+,-,+,-,-,-,-,+,-,-,0,-,0,-,+,-,+,+,-,-,-,0,0
ʊ̥ː,+,+,-,+,-,-,-,-,-,-,-,0,-,0,-,+,-,+,+,-,-,+,0,0
œʷː,+,+,-,+,-,-,-,-,+,-,-,0,-,0,-,+,-,+,+,-,-,+,0,0
ɔʷː,+,+,-,+,-,-,-,-,+,-,-,0,-,0,-,+,-,+,+,-,-,+,0,0
əʷː,+,+,-,+,-,-,-,-,+,-,-,0,-,0,-,+,-,+,+,-,-,+,0,0
ɜʷː,+,+,-,+,-,-,-,-,+,-,-,0,-,0,-,+,-,+,+,-,-,+,0,0
ɛʷː,+,+,-,+,-,-,-,-,+,-,-,0,-,0,-,+,-,+,+,-,-,+,0,0
ɪʷː,+,+,-,+,-,-,-,-,+,-,-,0,-,0,-,+,-,+,+,-,-,+,0,0
ɯʷː,+,+,-,+,-,-,-,-,+,-,-,0,-,0,-,+,-,+,+,-,-,+,0,0
ʊʷː,+,+,-,+,-,-,-,-,+,-,-,0,-,0,-,+,-,+,+,-,-,+,0,0
ʏʷː,+,+,-,+,-,-,-,-,+,-,-,0,-,0,-,+,-,+,+,-,-,+,0,0
ʊ̟ː,+,+,-,+,-,-,-,-,+,-,-,0,-,0,-,+,-,+,+,-,-,+,0,0
ʊː,+,+,-,+,-,-,-,-,+,-,-,0,-,0,-,+,-,+,+,-,-,+,0,0
ʊ̝ː,+,+,-,+,-,-,-,-,+,-,-,0,-,0,-,+,-,+,+,-,-,+,0,0
ʊˑ,+,+,-,+,-,-,-,-,+,-,-,0,-,0,-,+,-,+,+,-,-,+,0,0
ʊ̞ː,+,+,-,+,-,-,-,-,+,-,-,0,-,0,-,+,-,+,+,-,-,+,0,0
œːʷ,+,+,-,+,-,-,-,-,+,-,-,0,-,0,-,+,-,+,+,-,-,+,0,0
ɔːʷ,+,+,-,+,-,-,-,-,+,-,-,0,-,0,-,+,-,+,+,-,-,+,0,0
əːʷ,+,+,-,+,-,-,-,-,+,-,-,0,-,0,-,+,-,+,+,-,-,+,0,0
ɜːʷ,+,+,-,+,-,-,-,-,+,-,-,0,-,0,-,+,-,+,+,-,-,+,0,0
ɛːʷ,+,+,-,+,-,-,-,-,+,-,-,0,-,0,-,+,-,+,+,-,-,+,0,0
ɪːʷ,+,+,-,+,-,-,-,-,+,-,-,0,-,0,-,+,-,+,+,-,-,+,0,0
ɯːʷ,+,+,-,+,-,-,-,-,+,-,-,0,-,0,-,+,-,+,+,-,-,+,0,0
ʊːʷ,+,+,-,+,-,-,-,-,+,-,-,0,-,0,-,+,-,+,+,-,-,+,0,0
ʏːʷ,+,+,-,+,-,-,-,-,+,-,-,0,-,0,-,+,-,+,+,-,-,+,0,0
ʊ̙ː,+,+,-,+,-,-,-,-,+,-,-,0,-,0,-,+,-,+,+,-,-,+,0,0
œːˠ,+,+,-,+,-,-,-,-,+,-,-,0,-,0,-,+,-,+,+,-,-,+,0,0
ɔːˠ,+,+,-,+,-,-,-,-,+,-,-,0,-,0,-,+,-,+,+,-,-,+,0,0
ʏːˠ,+,+,-,+,-,-,-,-,+,-,-,0,-,0,-,+,-,+,+,-,-,+,0,0
e̠̊˔ʷ,+,+,-,+,-,-,-,-,-,-,-,0,-,0,-,+,-,+,+,-,+,-,0,0
i̠̊˔ʷ,+,+,-,+,-,-,-,-,-,-,-,0,-,0,-,+,-,+,+,-,+,-,0,0
o̠̊˔ʷ,+,+,-,+,-,-,-,-,-,-,-,0,-,0,-,+,-,+,+,-,+,-,0,0
ø̠̊˔ʷ,+,+,-,+,-,-,-,-,-,-,-,0,-,0,-,+,-,+,+,-,+,-,0,0
ɨ̠̊˔ʷ,+,+,-,+,-,-,-,-,-,-,-,0,-,0,-,+,-,+,+,-,+,-,0,0
ɐ̠̊˔ʷ,+,+,-,+,-,-,-,-,-,-,-,0,-,0,-,+,-,+,+,-,+,-,0,0
ʌ̠̊˔ʷ,+,+,-,+,-,-,-,-,-,-,-,0,-,0,-,+,-,+,+,-,+,-,0,0
e̝̊ʷ,+,+,-,+,-,-,-,-,-,-,-,0,-,0,-,+,-,+,+,-,+,-,0,0
i̝̊ʷ,+,+,-,+,-,-,-,-,-,-,-,0,-,0,-,+,-,+,+,-,+,-,0,0
o̝̊ʷ,+,+,-,+,-,-,-,-,-,-,-,0,-,0,-,+,-,+,+,-,+,-,0,0
ø̝̊ʷ,+,+,-,+,-,-,-,-,-,-,-,0,-,0,-,+,-,+,+,-,+,-,0,0
ɨ̝̊ʷ,+,+,-,+,-,-,-,-,-,-,-,0,-,0,-,+,-,+,+,-,+,-,0,0
ɐ̝̊ʷ,+,+,-,+,-,-,-,-,-,-,-,0,-,0,-,+,-,+,+,-,+,-,0,0
ʌ̝̊ʷ,+,+,-,+,-,-,-,-,-,-,-,0,-,0,-,+,-,+,+,-,+,-,0,0
e̥ʷ,+,+,-,+,-,-,-,-,-,-,-,0,-,0,-,+,-,+,+,-,+,-,0,0
i̥ʷ,+,+,-,+,-,-,-,-,-,-,-,0,-,0,-,+,-,+,+,-,+,-,0,0
o̥ʷ,+,+,-,+,-,-,-,-,-,-,-,0,-,0,-,+,-,+,+,-,+,-,0,0
ø̥ʷ,+,+,-,+,-,-,-,-,-,-,-,0,-,0,-,+,-,+,+,-,+,-,0,0
ɨ̥ʷ,+,+,-,+,-,-,-,-,-,-,-,0,-,0,-,+,-,+,+,-,+,-,0,0
ɐ̥ʷ,+,+,-,+,-,-,-,-,-,-,-,0,-,0,-,+,-,+,+,-,+,-,0,0
ʌ̥ʷ,+,+,-,+,-,-,-,-,-,-,-,0,-,0,-,+,-,+,+,-,+,-,0,0
o̥ˠ,+,+,-,+,-,-,-,-,-,-,-,0,-,0,-,+,-,+,+,-,+,-,0,0
ø̥ˠ,+,+,-,+,-,-,-,-,-,-,-,0,-,0,-,+,-,+,+,-,+,-,0,0
eʲʷ,+,+,-,+,-,-,-,-,+,-,-,0,-,0,-,+,-,+,+,-,+,-,0,0
iʲʷ,+,+,-,+,-,-,-,-,+,-,-,0,-,0,-,+,-,+,+,-,+,-,0,0
oʲʷ,+,+,-,+,-,-,-,-,+,-,-,0,-,0,-,+,-,+,+,-,+,-,0,0
øʲʷ,+,+,-,+,-,-,-,-,+,-,-,0,-,0,-,+,-,+,+,-,+,-,0,0
ɨʲʷ,+,+,-,+,-,-,-,-,+,-,-,0,-,0,-,+,-,+,+,-,+,-,0,0
ɐʲʷ,+,+,-,+,-,-,-,-,+,-,-,0,-,0,-,+,-,+,+,-,+,-,0,0
ʌʲʷ,+,+,-,+,-,-,-,-,+,-,-,0,-,0,-,+,-,+,+,-,+,-,0,0
ɨ̝̹,+,+,-,+,-,-,-,-,+,-,-,0,-,0,-,+,-,+,+,-,+,-,0,0
ɨ̝͗,+,+,-,+,-,-,-,-,+,-,-,0,-,0,-,+,-,+,+,-,+,-,0,0
e̝ʷ,+,+,-,+,-,-,-,-,+,-,-,0,-,0,-,+,-,+,+,-,+,-,0,0
i̝ʷ,+,+,-,+,-,-,-,-,+,-,-,0,-,0,-,+,-,+,+,-,+,-,0,0
o̝ʷ,+,+,-,+,-,-,-,-,+,-,-,0,-,0,-,+,-,+,+,-,+,-,0,0
ø̝ʷ,+,+,-,+,-,-,-,-,+,-,-,0,-,0,-,+,-,+,+,-,+,-,0,0
ɨ̝ʷ,+,+,-,+,-,-,-,-,+,-,-,0,-,0,-,+,-,+,+,-,+,-,0,0
ɐ̝ʷ,+,+,-,+,-,-,-,-,+,-,-,0,-,0,-,+,-,+,+,-,+,-,0,0
ʌ̝ʷ,+,+,-,+,-,-,-,-,+,-,-,0,-,0,-,+,-,+,+,-,+,-,0,0
ë̞ʷ,+,+,-,+,-,-,-,-,+,-,-,0,-,0,-,+,-,+,+,-,+,-,0,0
ï̞ʷ,+,+,-,+,-,-,-,-,+,-,-,0,-,0,-,+,-,+,+,-,+,-,0,0
ö̞ʷ,+,+,-,+,-,-,-,-,+,-,-,0,-,0,-,+,-,+,+,-,+,-,0,0
ø̞̈ʷ,+,+,-,+,-,-,-,-,+,-,-,0,-,0,-,+,-,+,+,-,+,-,0,0
ɨ̞̈ʷ,+,+,-,+,-,-,-,-,+,-,-,0,-,0,-,+,-,+,+,-,+,-,0,0
ɐ̞̈ʷ,+,+,-,+,-,-,-,-,+,-,-,0,-,0,-,+,-,+,+,-,+,-,0,0
ʌ̞̈ʷ,+,+,-,+,-,-,-,-,+,-,-,0,-,0,-,+,-,+,+,-,+,-,0,0
oˠ,+,+,-,+,-,-,-,-,+,-,-,0,-,0,-,+,-,+,+,-,+,-,0,0
øˠ,+,+,-,+,-,-,-,-,+,-,-,0,-,0,-,+,-,+,+,-,+,-,0,0
e̠ʷ,+,+,-,+,-,-,-,-,+,-,-,0,-,0,-,+,-,+,+,-,+,-,0,0
i̠ʷ,+,+,-,+,-,-,-,-,+,-,-,0,-,0,-,+,-,+,+,-,+,-,0,0
o̠ʷ,+,+,-,+,-,-,-,-,+,-,-,0,-,0,-,+,-,+,+,-,+,-,0,0
ø̠ʷ,+,+,-,+,-,-,-,-,+,-,-,0,-,0,-,+,-,+,+,-,+,-,0,0
ɨ̠ʷ,+,+,-,+,-,-,-,-,+,-,-,0,-,0,-,+,-,+,+,-,+,-,0,0
ɐ̠ʷ,+,+,-,+,-,-,-,-,+,-,-,0,-,0,-,+,-,+,+,-,+,-,0,0
ʌ̠ʷ,+,+,-,+,-,-,-,-,+,-,-,0,-,0,-,+,-,+,+,-,+,-,0,0
o̘ˠ,+,+,-,+,-,-,-,-,+,-,-,0,-,0,-,+,-,+,+,-,+,-,0,0
ø̘ˠ,+,+,-,+,-,-,-,-,+,-,-,0,-,0,-,+,-,+,+,-,+,-,0,0
œ̘ˠ,+,+,-,+,-,-,-,-,+,-,-,0,-,0,-,+,-,+,+,-,+,-,0,0
ɔ̘ˠ,+,+,-,+,-,-,-,-,+,-,-,0,-,0,-,+,-,+,+,-,+,-,0,0
ʏ̘ˠ,+,+,-,+,-,-,-,-,+,-,-,0,-,0,-,+,-,+,+,-,+,-,0,0
eʷ,+,+,-,+,-,-,-,-,+,-,-,0,-,0,-,+,-,+,+,-,+,-,0,0
iʷ,+,+,-,+,-,-,-,-,+,-,-,0,-,0,-,+,-,+,+,-,+,-,0,0
oʷ,+,+,-,+,-,-,-,-,+,-,-,0,-,0,-,+,-,+,+,-,+,-,0,0
øʷ,+,+,-,+,-,-,-,-,+,-,-,0,-,0,-,+,-,+,+,-,+,-,0,0
ɨʷ,+,+,-,+,-,-,-,-,+,-,-,0,-,0,-,+,-,+,+,-,+,-,0,0
ɐʷ,+,+,-,+,-,-,-,-,+,-,-,0,-,0,-,+,-,+,+,-,+,-,0,0
ʌʷ,+,+,-,+,-,-,-,-,+,-,-,0,-,0,-,+,-,+,+,-,+,-,0,0
e̠˔ʷ,+,+,-,+,-,-,-,-,+,-,-,0,-,0,-,+,-,+,+,-,+,-,0,0
i̠˔ʷ,+,+,-,+,-,-,-,-,+,-,-,0,-,0,-,+,-,+,+,-,+,-,0,0
o̠˔ʷ,+,+,-,+,-,-,-,-,+,-,-,0,-,0,-,+,-,+,+,-,+,-,0,0
ø̠˔ʷ,+,+,-,+,-,-,-,-,+,-,-,0,-,0,-,+,-,+,+,-,+,-,0,0
ɨ̠˔ʷ,+,+,-,+,-,-,-,-,+,-,-,0,-,0,-,+,-,+,+,-,+,-,0,0
ɐ̠˔ʷ,+,+,-,+,-,-,-,-,+,-,-,0,-,0,-,+,-,+,+,-,+,-,0,0
ʌ̠˔ʷ,+,+,-,+,-,-,-,-,+,-,-,0,-,0,-,+,-,+,+,-,+,-,0,0
ɨ̹,+,+,-,+,-,-,-,-,+,-,-,0,-,0,-,+,-,+,+,-,+,-,0,0
ɨ͗,+,+,-,+,-,-,-,-,+,-,-,0,-,0,-,+,-,+,+,-,+,-,0,0
ʊ̘,+,+,-,+,-,-,-,-,+,-,-,0,-,0,-,+,-,+,+,-,+,-,0,0
eʷː,+,+,-,+,-,-,-,-,+,-,-,0,-,0,-,+,-,+,+,-,+,+,0,0
iʷː,+,+,-,+,-,-,-,-,+,-,-,0,-,0,-,+,-,+,+,-,+,+,0,0
oʷː,+,+,-,+,-,-,-,-,+,-,-,0,-,0,-,+,-,+,+,-,+,+,0,0
øʷː,+,+,-,+,-,-,-,-,+,-,-,0,-,0,-,+,-,+,+,-,+,+,0,0
ɨʷː,+,+,-,+,-,-,-,-,+,-,-,0,-,0,-,+,-,+,+,-,+,+,0,0
ɐʷː,+,+,-,+,-,-,-,-,+,-,-,0,-,0,-,+,-,+,+,-,+,+,0,0
ʌʷː,+,+,-,+,-,-,-,-,+,-,-,0,-,0,-,+,-,+,+,-,+,+,0,0
eːʷ,+,+,-,+,-,-,-,-,+,-,-,0,-,0,-,+,-,+,+,-,+,+,0,0
iːʷ,+,+,-,+,-,-,-,-,+,-,-,0,-,0,-,+,-,+,+,-,+,+,0,0
oːʷ,+,+,-,+,-,-,-,-,+,-,-,0,-,0,-,+,-,+,+,-,+,+,0,0
øːʷ,+,+,-,+,-,-,-,-,+,-,-,0,-,0,-,+,-,+,+,-,+,+,0,0
ɨːʷ,+,+,-,+,-,-,-,-,+,-,-,0,-,0,-,+,-,+,+,-,+,+,0,0
ɐːʷ,+,+,-,+,-,-,-,-,+,-,-,0,-,0,-,+,-,+,+,-,+,+,0,0
ʌːʷ,+,+,-,+,-,-,-,-,+,-,-,0,-,0,-,+,-,+,+,-,+,+,0,0
ʊ̘ː,+,+,-,+,-,-,-,-,+,-,-,0,-,0,-,+,-,+,+,-,+,+,0,0
oːˠ,+,+,-,+,-,-,-,-,+,-,-,0,-,0,-,+,-,+,+,-,+,+,0,0
øːˠ,+,+,-,+,-,-,-,-,+,-,-,0,-,0,-,+,-,+,+,-,+,+,0,0
j̍,+,+,-,+,-,-,-,-,+,-,-,-,-,0,-,+,-,-,-,-,0,-,0,0
j̩,+,+,-,+,-,-,-,-,+,-,-,-,-,0,-,+,-,-,-,-,0,-,0,0
j̍ː,+,+,-,+,-,-,-,-,+,-,-,-,-,0,-,+,-,-,-,-,0,+,0,0
œ˞,+,+,-,+,-,-,-,-,+,-,-,-,-,0,-,+,-,-,+,-,-,-,0,0
ɛ˞,+,+,-,+,-,-,-,-,+,-,-,-,-,0,-,+,-,-,+,-,-,-,0,0
ɪ˞,+,+,-,+,-,-,-,-,+,-,-,-,-,0,-,+,-,-,+,-,-,-,0,0
ʏ˞,+,+,-,+,-,-,-,-,+,-,-,-,-,0,-,+,-,-,+,-,-,-,0,0
œ˞̞,+,+,-,+,-,-,-,-,+,-,-,-,-,0,-,+,-,-,+,-,-,-,0,0
ɛ˞̞,+,+,-,+,-,-,-,-,+,-,-,-,-,0,-,+,-,-,+,-,-,-,0,0
ɪ˞̞,+,+,-,+,-,-,-,-,+,-,-,-,-,0,-,+,-,-,+,-,-,-,0,0
ʏ˞̞,+,+,-,+,-,-,-,-,+,-,-,-,-,0,-,+,-,-,+,-,-,-,0,0
œ˞ˑ,+,+,-,+,-,-,-,-,+,-,-,-,-,0,-,+,-,-,+,-,-,+,0,0
ɛ˞ˑ,+,+,-,+,-,-,-,-,+,-,-,-,-,0,-,+,-,-,+,-,-,+,0,0
ɪ˞ˑ,+,+,-,+,-,-,-,-,+,-,-,-,-,0,-,+,-,-,+,-,-,+,0,0
ʏ˞ˑ,+,+,-,+,-,-,-,-,+,-,-,-,-,0,-,+,-,-,+,-,-,+,0,0
œ˞ː,+,+,-,+,-,-,-,-,+,-,-,-,-,0,-,+,-,-,+,-,-,+,0,0
ɛ˞ː,+,+,-,+,-,-,-,-,+,-,-,-,-,0,-,+,-,-,+,-,-,+,0,0
ɪ˞ː,+,+,-,+,-,-,-,-,+,-,-,-,-,0,-,+,-,-,+,-,-,+,0,0
ʏ˞ː,+,+,-,+,-,-,-,-,+,-,-,-,-,0,-,+,-,-,+,-,-,+,0,0
e˞,+,+,-,+,-,-,-,-,+,-,-,-,-,0,-,+,-,-,+,-,+,-,0,0
i˞,+,+,-,+,-,-,-,-,+,-,-,-,-,0,-,+,-,-,+,-,+,-,0,0
ø˞,+,+,-,+,-,-,-,-,+,-,-,-,-,0,-,+,-,-,+,-,+,-,0,0
e˞̞,+,+,-,+,-,-,-,-,+,-,-,-,-,0,-,+,-,-,+,-,+,-,0,0
i˞̞,+,+,-,+,-,-,-,-,+,-,-,-,-,0,-,+,-,-,+,-,+,-,0,0
ø˞̞,+,+,-,+,-,-,-,-,+,-,-,-,-,0,-,+,-,-,+,-,+,-,0,0
e˞ˑ,+,+,-,+,-,-,-,-,+,-,-,-,-,0,-,+,-,-,+,-,+,+,0,0
i˞ˑ,+,+,-,+,-,-,-,-,+,-,-,-,-,0,-,+,-,-,+,-,+,+,0,0
ø˞ˑ,+,+,-,+,-,-,-,-,+,-,-,-,-,0,-,+,-,-,+,-,+,+,0,0
e˞ː,+,+,-,+,-,-,-,-,+,-,-,-,-,0,-,+,-,-,+,-,+,+,0,0
i˞ː,+,+,-,+,-,-,-,-,+,-,-,-,-,0,-,+,-,-,+,-,+,+,0,0
ø˞ː,+,+,-,+,-,-,-,-,+,-,-,-,-,0,-,+,-,-,+,-,+,+,0,0
j̩ʷ,+,+,-,+,-,-,-,-,+,-,-,-,-,0,-,+,-,+,+,-,0,-,0,0
ɔ˞,+,+,-,+,-,-,-,-,+,-,-,-,-,0,-,+,-,+,+,-,-,-,0,0
ə˞,+,+,-,+,-,-,-,-,+,-,-,-,-,0,-,+,-,+,+,-,-,-,0,0
ɜ˞,+,+,-,+,-,-,-,-,+,-,-,-,-,0,-,+,-,+,+,-,-,-,0,0
ɯ˞,+,+,-,+,-,-,-,-,+,-,-,-,-,0,-,+,-,+,+,-,-,-,0,0
ʊ˞,+,+,-,+,-,-,-,-,+,-,-,-,-,0,-,+,-,+,+,-,-,-,0,0
ɔ˞̞,+,+,-,+,-,-,-,-,+,-,-,-,-,0,-,+,-,+,+,-,-,-,0,0
ə˞̞,+,+,-,+,-,-,-,-,+,-,-,-,-,0,-,+,-,+,+,-,-,-,0,0
ɜ˞̞,+,+,-,+,-,-,-,-,+,-,-,-,-,0,-,+,-,+,+,-,-,-,0,0
ɯ˞̞,+,+,-,+,-,-,-,-,+,-,-,-,-,0,-,+,-,+,+,-,-,-,0,0
ʊ˞̞,+,+,-,+,-,-,-,-,+,-,-,-,-,0,-,+,-,+,+,-,-,-,0,0
ɔ˞ˑ,+,+,-,+,-,-,-,-,+,-,-,-,-,0,-,+,-,+,+,-,-,+,0,0
ə˞ˑ,+,+,-,+,-,-,-,-,+,-,-,-,-,0,-,+,-,+,+,-,-,+,0,0
ɜ˞ˑ,+,+,-,+,-,-,-,-,+,-,-,-,-,0,-,+,-,+,+,-,-,+,0,0
ɯ˞ˑ,+,+,-,+,-,-,-,-,+,-,-,-,-,0,-,+,-,+,+,-,-,+,0,0
ʊ˞ˑ,+,+,-,+,-,-,-,-,+,-,-,-,-,0,-,+,-,+,+,-,-,+,0,0
ɔ˞ː,+,+,-,+,-,-,-,-,+,-,-,-,-,0,-,+,-,+,+,-,-,+,0,0
ə˞ː,+,+,-,+,-,-,-,-,+,-,-,-,-,0,-,+,-,+,+,-,-,+,0,0
ɜ˞ː,+,+,-,+,-,-,-,-,+,-,-,-,-,0,-,+,-,+,+,-,-,+,0,0
ɯ˞ː,+,+,-,+,-,-,-,-,+,-,-,-,-,0,-,+,-,+,+,-,-,+,0,0
ʊ˞ː,+,+,-,+,-,-,-,-,+,-,-,-,-,0,-,+,-,+,+,-,-,+,0,0
o˞,+,+,-,+,-,-,-,-,+,-,-,-,-,0,-,+,-,+,+,-,+,-,0,0
ɨ˞,+,+,-,+,-,-,-,-,+,-,-,-,-,0,-,+,-,+,+,-,+,-,0,0
ɐ˞,+,+,-,+,-,-,-,-,+,-,-,-,-,0,-,+,-,+,+,-,+,-,0,0
ʌ˞,+,+,-,+,-,-,-,-,+,-,-,-,-,0,-,+,-,+,+,-,+,-,0,0
o˞̞,+,+,-,+,-,-,-,-,+,-,-,-,-,0,-,+,-,+,+,-,+,-,0,0
ɨ˞̞,+,+,-,+,-,-,-,-,+,-,-,-,-,0,-,+,-,+,+,-,+,-,0,0
ɐ˞̞,+,+,-,+,-,-,-,-,+,-,-,-,-,0,-,+,-,+,+,-,+,-,0,0
ʌ˞̞,+,+,-,+,-,-,-,-,+,-,-,-,-,0,-,+,-,+,+,-,+,-,0,0
o˞ˑ,+,+,-,+,-,-,-,-,+,-,-,-,-,0,-,+,-,+,+,-,+,+,0,0
ɨ˞ˑ,+,+,-,+,-,-,-,-,+,-,-,-,-,0,-,+,-,+,+,-,+,+,0,0
ɐ˞ˑ,+,+,-,+,-,-,-,-,+,-,-,-,-,0,-,+,-,+,+,-,+,+,0,0
ʌ˞ˑ,+,+,-,+,-,-,-,-,+,-,-,-,-,0,-,+,-,+,+,-,+,+,0,0
o˞ː,+,+,-,+,-,-,-,-,+,-,-,-,-,0,-,+,-,+,+,-,+,+,0,0
ɨ˞ː,+,+,-,+,-,-,-,-,+,-,-,-,-,0,-,+,-,+,+,-,+,+,0,0
ɐ˞ː,+,+,-,+,-,-,-,-,+,-,-,-,-,0,-,+,-,+,+,-,+,+,0,0
ʌ˞ː,+,+,-,+,-,-,-,-,+,-,-,-,-,0,-,+,-,+,+,-,+,+,0,0
ɻ̩ʷ,+,+,-,+,-,-,-,-,+,-,-,-,+,-,-,+,-,+,+,-,0,-,0,0
ɹ̍,+,+,-,+,-,-,-,-,+,-,-,+,+,-,-,+,-,+,+,-,0,-,0,0
ɹ̩,+,+,-,+,-,-,-,-,+,-,-,+,+,-,-,+,-,+,+,-,0,-,0,0
ɹ̩ʷ,+,+,-,+,-,-,-,-,+,-,-,+,+,-,-,+,-,+,+,-,0,-,0,0
ɹ̍ː,+,+,-,+,-,-,-,-,+,-,-,+,+,-,-,+,-,+,+,-,0,+,0,0
y̙,+,+,-,+,-,-,-,-,+,-,-,0,-,0,+,+,-,-,+,-,-,-,0,0
y̙ː,+,+,-,+,-,-,-,-,+,-,-,0,-,0,+,+,-,-,+,-,-,+,0,0
ẙ̠,+,+,-,+,-,-,-,-,-,-,-,0,-,0,+,+,-,-,+,-,+,-,0,0
ẙ̠˔,+,+,-,+,-,-,-,-,-,-,-,0,-,0,+,+,-,-,+,-,+,-,0,0
ẙ̝,+,+,-,+,-,-,-,-,-,-,-,0,-,0,+,+,-,-,+,-,+,-,0,0
y̥,+,+,-,+,-,-,-,-,-,-,-,0,-,0,+,+,-,-,+,-,+,-,0,0
ẙ,+,+,-,+,-,-,-,-,-,-,-,0,-,0,+,+,-,-,+,-,+,-,0,0
u̥ʲ,+,+,-,+,-,-,-,-,-,-,-,0,-,0,+,+,-,-,+,-,+,-,0,0
y̥ʲ,+,+,-,+,-,-,-,-,-,-,-,0,-,0,+,+,-,-,+,-,+,-,0,0
y̟,+,+,-,+,-,-,-,-,+,-,-,0,-,0,+,+,-,-,+,-,+,-,0,0
y̠,+,+,-,+,-,-,-,-,+,-,-,0,-,0,+,+,-,-,+,-,+,-,0,0
ÿ,+,+,-,+,-,-,-,-,+,-,-,0,-,0,+,+,-,-,+,-,+,-,0,0
y̽,+,+,-,+,-,-,-,-,+,-,-,0,-,0,+,+,-,-,+,-,+,-,0,0
y̝͗,+,+,-,+,-,-,-,-,+,-,-,0,-,0,+,+,-,-,+,-,+,-,0,0
uʲ,+,+,-,+,-,-,-,-,+,-,-,0,-,0,+,+,-,-,+,-,+,-,0,0
yʲ,+,+,-,+,-,-,-,-,+,-,-,0,-,0,+,+,-,-,+,-,+,-,0,0
ÿ̞,+,+,-,+,-,-,-,-,+,-,-,0,-,0,+,+,-,-,+,-,+,-,0,0
y̆,+,+,-,+,-,-,-,-,+,-,-,0,-,0,+,+,-,-,+,-,+,-,0,0
y̝,+,+,-,+,-,-,-,-,+,-,-,0,-,0,+,+,-,-,+,-,+,-,0,0
y˔,+,+,-,+,-,-,-,-,+,-,-,0,-,0,+,+,-,-,+,-,+,-,0,0
y̞,+,+,-,+,-,-,-,-,+,-,-,0,-,0,+,+,-,-,+,-,+,-,0,0
y,+,+,-,+,-,-,-,-,+,-,-,0,-,0,+,+,-,-,+,-,+,-,0,0
y͗,+,+,-,+,-,-,-,-,+,-,-,0,-,0,+,+,-,-,+,-,+,-,0,0
y̘,+,+,-,+,-,-,-,-,+,-,-,0,-,0,+,+,-,-,+,-,+,-,0,0
y̥ː,+,+,-,+,-,-,-,-,-,-,-,0,-,0,+,+,-,-,+,-,+,+,0,0
y̟ː,+,+,-,+,-,-,-,-,+,-,-,0,-,0,+,+,-,-,+,-,+,+,0,0
uʲː,+,+,-,+,-,-,-,-,+,-,-,0,-,0,+,+,-,-,+,-,+,+,0,0
yʲː,+,+,-,+,-,-,-,-,+,-,-,0,-,0,+,+,-,-,+,-,+,+,0,0
yː,+,+,-,+,-,-,-,-,+,-,-,0,-,0,+,+,-,-,+,-,+,+,0,0
y̝ː,+,+,-,+,-,-,-,-,+,-,-,0,-,0,+,+,-,-,+,-,+,+,0,0
yˑ,+,+,-,+,-,-,-,-,+,-,-,0,-,0,+,+,-,-,+,-,+,+,0,0
y̞ː,+,+,-,+,-,-,-,-,+,-,-,0,-,0,+,+,-,-,+,-,+,+,0,0
uːʲ,+,+,-,+,-,-,-,-,+,-,-,0,-,0,+,+,-,-,+,-,+,+,0,0
yːʲ,+,+,-,+,-,-,-,-,+,-,-,0,-,0,+,+,-,-,+,-,+,+,0,0
y̘ː,+,+,-,+,-,-,-,-,+,-,-,0,-,0,+,+,-,-,+,-,+,+,0,0
y̙ˠ,+,+,-,+,-,-,-,-,+,-,-,0,-,0,+,+,-,+,+,-,-,-,0,0
u̙,+,+,-,+,-,-,-,-,+,-,-,0,-,0,+,+,-,+,+,-,-,-,0,0
u̙ː,+,+,-,+,-,-,-,-,+,-,-,0,-,0,+,+,-,+,+,-,-,+,0,0
ů̠,+,+,-,+,-,-,-,-,-,-,-,0,-,0,+,+,-,+,+,-,+,-,0,0
ů̠˔,+,+,-,+,-,-,-,-,-,-,-,0,-,0,+,+,-,+,+,-,+,-,0,0
ů̝,+,+,-,+,-,-,-,-,-,-,-,0,-,0,+,+,-,+,+,-,+,-,0,0
ů̠˔ʷ,+,+,-,+,-,-,-,-,-,-,-,0,-,0,+,+,-,+,+,-,+,-,0,0
ẙ̠˔ʷ,+,+,-,+,-,-,-,-,-,-,-,0,-,0,+,+,-,+,+,-,+,-,0,0
ů̝ʷ,+,+,-,+,-,-,-,-,-,-,-,0,-,0,+,+,-,+,+,-,+,-,0,0
ẙ̝ʷ,+,+,-,+,-,-,-,-,-,-,-,0,-,0,+,+,-,+,+,-,+,-,0,0
u̥,+,+,-,+,-,-,-,-,-,-,-,0,-,0,+,+,-,+,+,-,+,-,0,0
u̥ʷ,+,+,-,+,-,-,-,-,-,-,-,0,-,0,+,+,-,+,+,-,+,-,0,0
y̥ʷ,+,+,-,+,-,-,-,-,-,-,-,0,-,0,+,+,-,+,+,-,+,-,0,0
ů,+,+,-,+,-,-,-,-,-,-,-,0,-,0,+,+,-,+,+,-,+,-,0,0
y̥ˠ,+,+,-,+,-,-,-,-,-,-,-,0,-,0,+,+,-,+,+,-,+,-,0,0
u̟,+,+,-,+,-,-,-,-,+,-,-,0,-,0,+,+,-,+,+,-,+,-,0,0
u̠,+,+,-,+,-,-,-,-,+,-,-,0,-,0,+,+,-,+,+,-,+,-,0,0
uʲʷ,+,+,-,+,-,-,-,-,+,-,-,0,-,0,+,+,-,+,+,-,+,-,0,0
yʲʷ,+,+,-,+,-,-,-,-,+,-,-,0,-,0,+,+,-,+,+,-,+,-,0,0
ü,+,+,-,+,-,-,-,-,+,-,-,0,-,0,+,+,-,+,+,-,+,-,0,0
u̽,+,+,-,+,-,-,-,-,+,-,-,0,-,0,+,+,-,+,+,-,+,-,0,0
u̝͗,+,+,-,+,-,-,-,-,+,-,-,0,-,0,+,+,-,+,+,-,+,-,0,0
u̝ʷ,+,+,-,+,-,-,-,-,+,-,-,0,-,0,+,+,-,+,+,-,+,-,0,0
y̝ʷ,+,+,-,+,-,-,-,-,+,-,-,0,-,0,+,+,-,+,+,-,+,-,0,0
ü̞,+,+,-,+,-,-,-,-,+,-,-,0,-,0,+,+,-,+,+,-,+,-,0,0
ü̞ʷ,+,+,-,+,-,-,-,-,+,-,-,0,-,0,+,+,-,+,+,-,+,-,0,0
ÿ̞ʷ,+,+,-,+,-,-,-,-,+,-,-,0,-,0,+,+,-,+,+,-,+,-,0,0
ŭ,+,+,-,+,-,-,-,-,+,-,-,0,-,0,+,+,-,+,+,-,+,-,0,0
yˠ,+,+,-,+,-,-,-,-,+,-,-,0,-,0,+,+,-,+,+,-,+,-,0,0
u̠ʷ,+,+,-,+,-,-,-,-,+,-,-,0,-,0,+,+,-,+,+,-,+,-,0,0
y̠ʷ,+,+,-,+,-,-,-,-,+,-,-,0,-,0,+,+,-,+,+,-,+,-,0,0
y̘ˠ,+,+,-,+,-,-,-,-,+,-,-,0,-,0,+,+,-,+,+,-,+,-,0,0
u̝,+,+,-,+,-,-,-,-,+,-,-,0,-,0,+,+,-,+,+,-,+,-,0,0
uʷ,+,+,-,+,-,-,-,-,+,-,-,0,-,0,+,+,-,+,+,-,+,-,0,0
yʷ,+,+,-,+,-,-,-,-,+,-,-,0,-,0,+,+,-,+,+,-,+,-,0,0
u̠˔ʷ,+,+,-,+,-,-,-,-,+,-,-,0,-,0,+,+,-,+,+,-,+,-,0,0
y̠˔ʷ,+,+,-,+,-,-,-,-,+,-,-,0,-,0,+,+,-,+,+,-,+,-,0,0
u˔,+,+,-,+,-,-,-,-,+,-,-,0,-,0,+,+,-,+,+,-,+,-,0,0
u̞,+,+,-,+,-,-,-,-,+,-,-,0,-,0,+,+,-,+,+,-,+,-,0,0
u,+,+,-,+,-,-,-,-,+,-,-,0,-,0,+,+,-,+,+,-,+,-,0,0
u͗,+,+,-,+,-,-,-,-,+,-,-,0,-,0,+,+,-,+,+,-,+,-,0,0
u̘,+,+,-,+,-,-,-,-,+,-,-,0,-,0,+,+,-,+,+,-,+,-,0,0
u̥ː,+,+,-,+,-,-,-,-,-,-,-,0,-,0,+,+,-,+,+,-,+,+,0,0
uʷː,+,+,-,+,-,-,-,-,+,-,-,0,-,0,+,+,-,+,+,-,+,+,0,0
yʷː,+,+,-,+,-,-,-,-,+,-,-,0,-,0,+,+,-,+,+,-,+,+,0,0
u̟ː,+,+,-,+,-,-,-,-,+,-,-,0,-,0,+,+,-,+,+,-,+,+,0,0
uː,+,+,-,+,-,-,-,-,+,-,-,0,-,0,+,+,-,+,+,-,+,+,0,0
u̝ː,+,+,-,+,-,-,-,-,+,-,-,0,-,0,+,+,-,+,+,-,+,+,0,0
uˑ,+,+,-,+,-,-,-,-,+,-,-,0,-,0,+,+,-,+,+,-,+,+,0,0
u̞ː,+,+,-,+,-,-,-,-,+,-,-,0,-,0,+,+,-,+,+,-,+,+,0,0
uːʷ,+,+,-,+,-,-,-,-,+,-,-,0,-,0,+,+,-,+,+,-,+,+,0,0
yːʷ,+,+,-,+,-,-,-,-,+,-,-,0,-,0,+,+,-,+,+,-,+,+,0,0
u̘ː,+,+,-,+,-,-,-,-,+,-,-,0,-,0,+,+,-,+,+,-,+,+,0,0
yːˠ,+,+,-,+,-,-,-,-,+,-,-,0,-,0,+,+,-,+,+,-,+,+,0,0
y˞,+,+,-,+,-,-,-,-,+,-,-,-,-,0,+,+,-,-,+,-,+,-,0,0
y˞̞,+,+,-,+,-,-,-,-,+,-,-,-,-,0,+,+,-,-,+,-,+,-,0,0
y˞ˑ,+,+,-,+,-,-,-,-,+,-,-,-,-,0,+,+,-,-,+,-,+,+,0,0
y˞ː,+,+,-,+,-,-,-,-,+,-,-,-,-,0,+,+,-,-,+,-,+,+,0,0
ʍ̍,+,+,-,+,-,-,-,-,-,-,-,-,-,0,+,+,-,+,+,-,0,-,0,0
ʍ̩,+,+,-,+,-,-,-,-,-,-,-,-,-,0,+,+,-,+,+,-,0,-,0,0
ʍ̩ʷ,+,+,-,+,-,-,-,-,-,-,-,-,-,0,+,+,-,+,+,-,0,-,0,0
w̍,+,+,-,+,-,-,-,-,+,-,-,-,-,0,+,+,-,+,+,-,0,-,0,0
w̩,+,+,-,+,-,-,-,-,+,-,-,-,-,0,+,+,-,+,+,-,0,-,0,0
w̩ʷ,+,+,-,+,-,-,-,-,+,-,-,-,-,0,+,+,-,+,+,-,0,-,0,0
ʍ̍ː,+,+,-,+,-,-,-,-,-,-,-,-,-,0,+,+,-,+,+,-,0,+,0,0
w̍ː,+,+,-,+,-,-,-,-,+,-,-,-,-,0,+,+,-,+,+,-,0,+,0,0
u˞,+,+,-,+,-,-,-,-,+,-,-,-,-,0,+,+,-,+,+,-,+,-,0,0
u˞̞,+,+,-,+,-,-,-,-,+,-,-,-,-,0,+,+,-,+,+,-,+,-,0,0
u˞ˑ,+,+,-,+,-,-,-,-,+,-,-,-,-,0,+,+,-,+,+,-,+,+,0,0
u˞ː,+,+,-,+,-,-,-,-,+,-,-,-,-,0,+,+,-,+,+,-,+,+,0,0
ḁʲ,+,+,-,+,-,-,-,-,-,-,-,0,-,0,-,+,+,-,-,-,+,-,0,0
æ̥ʲ,+,+,-,+,-,-,-,-,-,-,-,0,-,0,-,+,+,-,-,-,+,-,0,0
aʲ,+,+,-,+,-,-,-,-,+,-,-,0,-,0,-,+,+,-,-,-,+,-,0,0
æʲ,+,+,-,+,-,-,-,-,+,-,-,0,-,0,-,+,+,-,-,-,+,-,0,0
aʲː,+,+,-,+,-,-,-,-,+,-,-,0,-,0,-,+,+,-,-,-,+,+,0,0
æʲː,+,+,-,+,-,-,-,-,+,-,-,0,-,0,-,+,+,-,-,-,+,+,0,0
aːʲ,+,+,-,+,-,-,-,-,+,-,-,0,-,0,-,+,+,-,-,-,+,+,0,0
æːʲ,+,+,-,+,-,-,-,-,+,-,-,0,-,0,-,+,+,-,-,-,+,+,0,0
ɒ̥ʲ,+,+,-,+,-,-,-,-,-,-,-,0,-,0,-,+,+,-,+,-,+,-,0,0
ɶ̥ʲ,+,+,-,+,-,-,-,-,-,-,-,0,-,0,-,+,+,-,+,-,+,-,0,0
ɒʲ,+,+,-,+,-,-,-,-,+,-,-,0,-,0,-,+,+,-,+,-,+,-,0,0
ɶʲ,+,+,-,+,-,-,-,-,+,-,-,0,-,0,-,+,+,-,+,-,+,-,0,0
ɒʲː,+,+,-,+,-,-,-,-,+,-,-,0,-,0,-,+,+,-,+,-,+,+,0,0
ɶʲː,+,+,-,+,-,-,-,-,+,-,-,0,-,0,-,+,+,-,+,-,+,+,0,0
ɒːʲ,+,+,-,+,-,-,-,-,+,-,-,0,-,0,-,+,+,-,+,-,+,+,0,0
ɶːʲ,+,+,-,+,-,-,-,-,+,-,-,0,-,0,-,+,+,-,+,-,+,+,0,0
ɪ̥ˤ,+,+,-,+,-,-,-,-,-,-,-,0,-,0,-,+,+,+,-,-,-,-,0,0
ɯ̥ˤ,+,+,-,+,-,-,-,-,-,-,-,0,-,0,-,+,+,+,-,-,-,-,0,0
a̙ˠ,+,+,-,+,-,-,-,-,+,-,-,0,-,0,-,+,+,+,-,-,-,-,0,0
æ̙ˠ,+,+,-,+,-,-,-,-,+,-,-,0,-,0,-,+,+,+,-,-,-,-,0,0
ɪˤ,+,+,-,+,-,-,-,-,+,-,-,0,-,0,-,+,+,+,-,-,-,-,0,0
ɯˤ,+,+,-,+,-,-,-,-,+,-,-,0,-,0,-,+,+,+,-,-,-,-,0,0
ɪˤː,+,+,-,+,-,-,-,-,+,-,-,0,-,0,-,+,+,+,-,-,-,+,0,0
ɯˤː,+,+,-,+,-,-,-,-,+,-,-,0,-,0,-,+,+,+,-,-,-,+,0,0
ɪːˤ,+,+,-,+,-,-,-,-,+,-,-,0,-,0,-,+,+,+,-,-,-,+,0,0
ɯːˤ,+,+,-,+,-,-,-,-,+,-,-,0,-,0,-,+,+,+,-,-,-,+,0,0
i̥ˤ,+,+,-,+,-,-,-,-,-,-,-,0,-,0,-,+,+,+,-,-,+,-,0,0
ɨ̥ˤ,+,+,-,+,-,-,-,-,-,-,-,0,-,0,-,+,+,+,-,-,+,-,0,0
ḁˠ,+,+,-,+,-,-,-,-,-,-,-,0,-,0,-,+,+,+,-,-,+,-,0,0
æ̥ˠ,+,+,-,+,-,-,-,-,-,-,-,0,-,0,-,+,+,+,-,-,+,-,0,0
aˠ,+,+,-,+,-,-,-,-,+,-,-,0,-,0,-,+,+,+,-,-,+,-,0,0
æˠ,+,+,-,+,-,-,-,-,+,-,-,0,-,0,-,+,+,+,-,-,+,-,0,0
a̘ˠ,+,+,-,+,-,-,-,-,+,-,-,0,-,0,-,+,+,+,-,-,+,-,0,0
æ̘ˠ,+,+,-,+,-,-,-,-,+,-,-,0,-,0,-,+,+,+,-,-,+,-,0,0
iˤ,+,+,-,+,-,-,-,-,+,-,-,0,-,0,-,+,+,+,-,-,+,-,0,0
ɨˤ,+,+,-,+,-,-,-,-,+,-,-,0,-,0,-,+,+,+,-,-,+,-,0,0
iˤː,+,+,-,+,-,-,-,-,+,-,-,0,-,0,-,+,+,+,-,-,+,+,0,0
ɨˤː,+,+,-,+,-,-,-,-,+,-,-,0,-,0,-,+,+,+,-,-,+,+,0,0
aːˠ,+,+,-,+,-,-,-,-,+,-,-,0,-,0,-,+,+,+,-,-,+,+,0,0
æːˠ,+,+,-,+,-,-,-,-,+,-,-,0,-,0,-,+,+,+,-,-,+,+,0,0
iːˤ,+,+,-,+,-,-,-,-,+,-,-,0,-,0,-,+,+,+,-,-,+,+,0,0
ɨːˤ,+,+,-,+,-,-,-,-,+,-,-,0,-,0,-,+,+,+,-,-,+,+,0,0
ʊ̥ˤ,+,+,-,+,-,-,-,-,-,-,-,0,-,0,-,+,+,+,+,-,-,-,0,0
ʏ̥ˤ,+,+,-,+,-,-,-,-,-,-,-,0,-,0,-,+,+,+,+,-,-,-,0,0
ɒ̙ˠ,+,+,-,+,-,-,-,-,+,-,-,0,-,0,-,+,+,+,+,-,-,-,0,0
ɶ̙ˠ,+,+,-,+,-,-,-,-,+,-,-,0,-,0,-,+,+,+,+,-,-,-,0,0
ʊˤ,+,+,-,+,-,-,-,-,+,-,-,0,-,0,-,+,+,+,+,-,-,-,0,0
ʏˤ,+,+,-,+,-,-,-,-,+,-,-,0,-,0,-,+,+,+,+,-,-,-,0,0
œʷˤ,+,+,-,+,-,-,-,-,+,-,-,0,-,0,-,+,+,+,+,-,-,-,0,0
ɔʷˤ,+,+,-,+,-,-,-,-,+,-,-,0,-,0,-,+,+,+,+,-,-,-,0,0
əʷˤ,+,+,-,+,-,-,-,-,+,-,-,0,-,0,-,+,+,+,+,-,-,-,0,0
ɜʷˤ,+,+,-,+,-,-,-,-,+,-,-,0,-,0,-,+,+,+,+,-,-,-,0,0
ɛʷˤ,+,+,-,+,-,-,-,-,+,-,-,0,-,0,-,+,+,+,+,-,-,-,0,0
ɪʷˤ,+,+,-,+,-,-,-,-,+,-,-,0,-,0,-,+,+,+,+,-,-,-,0,0
ɯʷˤ,+,+,-,+,-,-,-,-,+,-,-,0,-,0,-,+,+,+,+,-,-,-,0,0
ʊʷˤ,+,+,-,+,-,-,-,-,+,-,-,0,-,0,-,+,+,+,+,-,-,-,0,0
ʏʷˤ,+,+,-,+,-,-,-,-,+,-,-,0,-,0,-,+,+,+,+,-,-,-,0,0
ʊˤː,+,+,-,+,-,-,-,-,+,-,-,0,-,0,-,+,+,+,+,-,-,+,0,0
ʏˤː,+,+,-,+,-,-,-,-,+,-,-,0,-,0,-,+,+,+,+,-,-,+,0,0
ʊːˤ,+,+,-,+,-,-,-,-,+,-,-,0,-,0,-,+,+,+,+,-,-,+,0,0
ʏːˤ,+,+,-,+,-,-,-,-,+,-,-,0,-,0,-,+,+,+,+,-,-,+,0,0
å̠˔ʷ,+,+,-,+,-,-,-,-,-,-,-,0,-,0,-,+,+,+,+,-,+,-,0,0
æ̠̊˔ʷ,+,+,-,+,-,-,-,-,-,-,-,0,-,0,-,+,+,+,+,-,+,-,0,0
ɒ̠̊˔ʷ,+,+,-,+,-,-,-,-,-,-,-,0,-,0,-,+,+,+,+,-,+,-,0,0
ɶ̠̊˔ʷ,+,+,-,+,-,-,-,-,-,-,-,0,-,0,-,+,+,+,+,-,+,-,0,0
å̝ʷ,+,+,-,+,-,-,-,-,-,-,-,0,-,0,-,+,+,+,+,-,+,-,0,0
æ̝̊ʷ,+,+,-,+,-,-,-,-,-,-,-,0,-,0,-,+,+,+,+,-,+,-,0,0
ɒ̝̊ʷ,+,+,-,+,-,-,-,-,-,-,-,0,-,0,-,+,+,+,+,-,+,-,0,0
ɶ̝̊ʷ,+,+,-,+,-,-,-,-,-,-,-,0,-,0,-,+,+,+,+,-,+,-,0,0
ḁʷ,+,+,-,+,-,-,-,-,-,-,-,0,-,0,-,+,+,+,+,-,+,-,0,0
æ̥ʷ,+,+,-,+,-,-,-,-,-,-,-,0,-,0,-,+,+,+,+,-,+,-,0,0
ɒ̥ʷ,+,+,-,+,-,-,-,-,-,-,-,0,-,0,-,+,+,+,+,-,+,-,0,0
ɶ̥ʷ,+,+,-,+,-,-,-,-,-,-,-,0,-,0,-,+,+,+,+,-,+,-,0,0
ɒ̥ˠ,+,+,-,+,-,-,-,-,-,-,-,0,-,0,-,+,+,+,+,-,+,-,0,0
ɶ̥ˠ,+,+,-,+,-,-,-,-,-,-,-,0,-,0,-,+,+,+,+,-,+,-,0,0
aʲʷ,+,+,-,+,-,-,-,-,+,-,-,0,-,0,-,+,+,+,+,-,+,-,0,0
æʲʷ,+,+,-,+,-,-,-,-,+,-,-,0,-,0,-,+,+,+,+,-,+,-,0,0
ɒʲʷ,+,+,-,+,-,-,-,-,+,-,-,0,-,0,-,+,+,+,+,-,+,-,0,0
ɶʲʷ,+,+,-,+,-,-,-,-,+,-,-,0,-,0,-,+,+,+,+,-,+,-,0,0
a̝ʷ,+,+,-,+,-,-,-,-,+,-,-,0,-,0,-,+,+,+,+,-,+,-,0,0
æ̝ʷ,+,+,-,+,-,-,-,-,+,-,-,0,-,0,-,+,+,+,+,-,+,-,0,0
ɒ̝ʷ,+,+,-,+,-,-,-,-,+,-,-,0,-,0,-,+,+,+,+,-,+,-,0,0
ɶ̝ʷ,+,+,-,+,-,-,-,-,+,-,-,0,-,0,-,+,+,+,+,-,+,-,0,0
ä̞ʷ,+,+,-,+,-,-,-,-,+,-,-,0,-,0,-,+,+,+,+,-,+,-,0,0
æ̞̈ʷ,+,+,-,+,-,-,-,-,+,-,-,0,-,0,-,+,+,+,+,-,+,-,0,0
ɒ̞̈ʷ,+,+,-,+,-,-,-,-,+,-,-,0,-,0,-,+,+,+,+,-,+,-,0,0
ɶ̞̈ʷ,+,+,-,+,-,-,-,-,+,-,-,0,-,0,-,+,+,+,+,-,+,-,0,0
ɒˠ,+,+,-,+,-,-,-,-,+,-,-,0,-,0,-,+,+,+,+,-,+,-,0,0
ɶˠ,+,+,-,+,-,-,-,-,+,-,-,0,-,0,-,+,+,+,+,-,+,-,0,0
a̠ʷ,+,+,-,+,-,-,-,-,+,-,-,0,-,0,-,+,+,+,+,-,+,-,0,0
æ̠ʷ,+,+,-,+,-,-,-,-,+,-,-,0,-,0,-,+,+,+,+,-,+,-,0,0
ɒ̠ʷ,+,+,-,+,-,-,-,-,+,-,-,0,-,0,-,+,+,+,+,-,+,-,0,0
ɶ̠ʷ,+,+,-,+,-,-,-,-,+,-,-,0,-,0,-,+,+,+,+,-,+,-,0,0
ɒ̘ˠ,+,+,-,+,-,-,-,-,+,-,-,0,-,0,-,+,+,+,+,-,+,-,0,0
ɶ̘ˠ,+,+,-,+,-,-,-,-,+,-,-,0,-,0,-,+,+,+,+,-,+,-,0,0
aʷ,+,+,-,+,-,-,-,-,+,-,-,0,-,0,-,+,+,+,+,-,+,-,0,0
æʷ,+,+,-,+,-,-,-,-,+,-,-,0,-,0,-,+,+,+,+,-,+,-,0,0
ɒʷ,+,+,-,+,-,-,-,-,+,-,-,0,-,0,-,+,+,+,+,-,+,-,0,0
ɶʷ,+,+,-,+,-,-,-,-,+,-,-,0,-,0,-,+,+,+,+,-,+,-,0,0
a̠˔ʷ,+,+,-,+,-,-,-,-,+,-,-,0,-,0,-,+,+,+,+,-,+,-,0,0
æ̠˔ʷ,+,+,-,+,-,-,-,-,+,-,-,0,-,0,-,+,+,+,+,-,+,-,0,0
ɒ̠˔ʷ,+,+,-,+,-,-,-,-,+,-,-,0,-,0,-,+,+,+,+,-,+,-,0,0
ɶ̠˔ʷ,+,+,-,+,-,-,-,-,+,-,-,0,-,0,-,+,+,+,+,-,+,-,0,0
aʷˤ,+,+,-,+,-,-,-,-,+,-,-,0,-,0,-,+,+,+,+,-,+,-,0,0
eʷˤ,+,+,-,+,-,-,-,-,+,-,-,0,-,0,-,+,+,+,+,-,+,-,0,0
iʷˤ,+,+,-,+,-,-,-,-,+,-,-,0,-,0,-,+,+,+,+,-,+,-,0,0
oʷˤ,+,+,-,+,-,-,-,-,+,-,-,0,-,0,-,+,+,+,+,-,+,-,0,0
æʷˤ,+,+,-,+,-,-,-,-,+,-,-,0,-,0,-,+,+,+,+,-,+,-,0,0
øʷˤ,+,+,-,+,-,-,-,-,+,-,-,0,-,0,-,+,+,+,+,-,+,-,0,0
ɒʷˤ,+,+,-,+,-,-,-,-,+,-,-,0,-,0,-,+,+,+,+,-,+,-,0,0
ɨʷˤ,+,+,-,+,-,-,-,-,+,-,-,0,-,0,-,+,+,+,+,-,+,-,0,0
ɶʷˤ,+,+,-,+,-,-,-,-,+,-,-,0,-,0,-,+,+,+,+,-,+,-,0,0
ɐʷˤ,+,+,-,+,-,-,-,-,+,-,-,0,-,0,-,+,+,+,+,-,+,-,0,0
ʌʷˤ,+,+,-,+,-,-,-,-,+,-,-,0,-,0,-,+,+,+,+,-,+,-,0,0
aʷː,+,+,-,+,-,-,-,-,+,-,-,0,-,0,-,+,+,+,+,-,+,+,0,0
æʷː,+,+,-,+,-,-,-,-,+,-,-,0,-,0,-,+,+,+,+,-,+,+,0,0
ɒʷː,+,+,-,+,-,-,-,-,+,-,-,0,-,0,-,+,+,+,+,-,+,+,0,0
ɶʷː,+,+,-,+,-,-,-,-,+,-,-,0,-,0,-,+,+,+,+,-,+,+,0,0
aːʷ,+,+,-,+,-,-,-,-,+,-,-,0,-,0,-,+,+,+,+,-,+,+,0,0
æːʷ,+,+,-,+,-,-,-,-,+,-,-,0,-,0,-,+,+,+,+,-,+,+,0,0
ɒːʷ,+,+,-,+,-,-,-,-,+,-,-,0,-,0,-,+,+,+,+,-,+,+,0,0
ɶːʷ,+,+,-,+,-,-,-,-,+,-,-,0,-,0,-,+,+,+,+,-,+,+,0,0
ɒːˠ,+,+,-,+,-,-,-,-,+,-,-,0,-,0,-,+,+,+,+,-,+,+,0,0
ɶːˠ,+,+,-,+,-,-,-,-,+,-,-,0,-,0,-,+,+,+,+,-,+,+,0,0
æ˞,+,+,-,+,-,-,-,-,+,-,-,-,-,0,-,+,+,-,+,-,+,-,0,0
ɶ˞,+,+,-,+,-,-,-,-,+,-,-,-,-,0,-,+,+,-,+,-,+,-,0,0
æ˞̞,+,+,-,+,-,-,-,-,+,-,-,-,-,0,-,+,+,-,+,-,+,-,0,0
ɶ˞̞,+,+,-,+,-,-,-,-,+,-,-,-,-,0,-,+,+,-,+,-,+,-,0,0
æ˞ˑ,+,+,-,+,-,-,-,-,+,-,-,-,-,0,-,+,+,-,+,-,+,+,0,0
ɶ˞ˑ,+,+,-,+,-,-,-,-,+,-,-,-,-,0,-,+,+,-,+,-,+,+,0,0
æ˞ː,+,+,-,+,-,-,-,-,+,-,-,-,-,0,-,+,+,-,+,-,+,+,0,0
ɶ˞ː,+,+,-,+,-,-,-,-,+,-,-,-,-,0,-,+,+,-,+,-,+,+,0,0
a˞,+,+,-,+,-,-,-,-,+,-,-,-,-,0,-,+,+,+,+,-,+,-,0,0
ɒ˞,+,+,-,+,-,-,-,-,+,-,-,-,-,0,-,+,+,+,+,-,+,-,0,0
a˞̞,+,+,-,+,-,-,-,-,+,-,-,-,-,0,-,+,+,+,+,-,+,-,0,0
ɒ˞̞,+,+,-,+,-,-,-,-,+,-,-,-,-,0,-,+,+,+,+,-,+,-,0,0
a˞ˑ,+,+,-,+,-,-,-,-,+,-,-,-,-,0,-,+,+,+,+,-,+,+,0,0
ɒ˞ˑ,+,+,-,+,-,-,-,-,+,-,-,-,-,0,-,+,+,+,+,-,+,+,0,0
a˞ː,+,+,-,+,-,-,-,-,+,-,-,-,-,0,-,+,+,+,+,-,+,+,0,0
ɒ˞ː,+,+,-,+,-,-,-,-,+,-,-,-,-,0,-,+,+,+,+,-,+,+,0,0
u̥ˤ,+,+,-,+,-,-,-,-,-,-,-,0,-,0,+,+,+,+,+,-,+,-,0,0
y̥ˤ,+,+,-,+,-,-,-,-,-,-,-,0,-,0,+,+,+,+,+,-,+,-,0,0
uˤ,+,+,-,+,-,-,-,-,+,-,-,0,-,0,+,+,+,+,+,-,+,-,0,0
yˤ,+,+,-,+,-,-,-,-,+,-,-,0,-,0,+,+,+,+,+,-,+,-,0,0
uʷˤ,+,+,-,+,-,-,-,-,+,-,-,0,-,0,+,+,+,+,+,-,+,-,0,0
yʷˤ,+,+,-,+,-,-,-,-,+,-,-,0,-,0,+,+,+,+,+,-,+,-,0,0
uˤː,+,+,-,+,-,-,-,-,+,-,-,0,-,0,+,+,+,+,+,-,+,+,0,0
yˤː,+,+,-,+,-,-,-,-,+,-,-,0,-,0,+,+,+,+,+,-,+,+,0,0
uːˤ,+,+,-,+,-,-,-,-,+,-,-,0,-,0,+,+,+,+,+,-,+,+,0,0
yːˤ,+,+,-,+,-,-,-,-,+,-,-,0,-,0,+,+,+,+,+,-,+,+,0,0
ɛ̰,+,+,-,+,-,-,-,-,+,-,+,0,-,0,-,-,-,-,-,-,-,-,0,0
ɛ̰ː,+,+,-,+,-,-,-,-,+,-,+,0,-,0,-,-,-,-,-,-,-,+,0,0
ḛ,+,+,-,+,-,-,-,-,+,-,+,0,-,0,-,-,-,-,-,-,+,-,0,0
ḛː,+,+,-,+,-,-,-,-,+,-,+,0,-,0,-,-,-,-,-,-,+,+,0,0
œ̰,+,+,-,+,-,-,-,-,+,-,+,0,-,0,-,-,-,-,+,-,-,-,0,0
œ̰ː,+,+,-,+,-,-,-,-,+,-,+,0,-,0,-,-,-,-,+,-,-,+,0,0
ø̰,+,+,-,+,-,-,-,-,+,-,+,0,-,0,-,-,-,-,+,-,+,-,0,0
ø̰ː,+,+,-,+,-,-,-,-,+,-,+,0,-,0,-,-,-,-,+,-,+,+,0,0
ə̰,+,+,-,+,-,-,-,-,+,-,+,0,-,0,-,-,-,+,-,-,-,-,0,0
ɜ̰,+,+,-,+,-,-,-,-,+,-,+,0,-,0,-,-,-,+,-,-,-,-,0,0
ə̰ː,+,+,-,+,-,-,-,-,+,-,+,0,-,0,-,-,-,+,-,-,-,+,0,0
ɜ̰ː,+,+,-,+,-,-,-,-,+,-,+,0,-,0,-,-,-,+,-,-,-,+,0,0
ɐ̰,+,+,-,+,-,-,-,-,+,-,+,0,-,0,-,-,-,+,-,-,+,-,0,0
ʌ̰,+,+,-,+,-,-,-,-,+,-,+,0,-,0,-,-,-,+,-,-,+,-,0,0
ɐ̰ː,+,+,-,+,-,-,-,-,+,-,+,0,-,0,-,-,-,+,-,-,+,+,0,0
ʌ̰ː,+,+,-,+,-,-,-,-,+,-,+,0,-,0,-,-,-,+,-,-,+,+,0,0
ɔ̰,+,+,-,+,-,-,-,-,+,-,+,0,-,0,-,-,-,+,+,-,-,-,0,0
ɔ̰ː,+,+,-,+,-,-,-,-,+,-,+,0,-,0,-,-,-,+,+,-,-,+,0,0
o̰,+,+,-,+,-,-,-,-,+,-,+,0,-,0,-,-,-,+,+,-,+,-,0,0
o̰ː,+,+,-,+,-,-,-,-,+,-,+,0,-,0,-,-,-,+,+,-,+,+,0,0
æ̰,+,+,-,+,-,-,-,-,+,-,+,0,-,0,-,-,+,-,-,-,+,-,0,0
æ̰ː,+,+,-,+,-,-,-,-,+,-,+,0,-,0,-,-,+,-,-,-,+,+,0,0
ɶ̰,+,+,-,+,-,-,-,-,+,-,+,0,-,0,-,-,+,-,+,-,+,-,0,0
ɶ̰ː,+,+,-,+,-,-,-,-,+,-,+,0,-,0,-,-,+,-,+,-,+,+,0,0
ə̰ˤ,+,+,-,+,-,-,-,-,+,-,+,0,-,0,-,-,+,+,-,-,-,-,0,0
ɜ̰ˤ,+,+,-,+,-,-,-,-,+,-,+,0,-,0,-,-,+,+,-,-,-,-,0,0
ɛ̰ˤ,+,+,-,+,-,-,-,-,+,-,+,0,-,0,-,-,+,+,-,-,-,-,0,0
a̰ˤ,+,+,-,+,-,-,-,-,+,-,+,0,-,0,-,-,+,+,-,-,+,-,0,0
ḛˤ,+,+,-,+,-,-,-,-,+,-,+,0,-,0,-,-,+,+,-,-,+,-,0,0
æ̰ˤ,+,+,-,+,-,-,-,-,+,-,+,0,-,0,-,-,+,+,-,-,+,-,0,0
ɐ̰ˤ,+,+,-,+,-,-,-,-,+,-,+,0,-,0,-,-,+,+,-,-,+,-,0,0
ʌ̰ˤ,+,+,-,+,-,-,-,-,+,-,+,0,-,0,-,-,+,+,-,-,+,-,0,0
a̰,+,+,-,+,-,-,-,-,+,-,+,0,-,0,-,-,+,+,-,-,+,-,0,0
a̰ː,+,+,-,+,-,-,-,-,+,-,+,0,-,0,-,-,+,+,-,-,+,+,0,0
œ̰ˤ,+,+,-,+,-,-,-,-,+,-,+,0,-,0,-,-,+,+,+,-,-,-,0,0
ɔ̰ˤ,+,+,-,+,-,-,-,-,+,-,+,0,-,0,-,-,+,+,+,-,-,-,0,0
o̰ˤ,+,+,-,+,-,-,-,-,+,-,+,0,-,0,-,-,+,+,+,-,+,-,0,0
ø̰ˤ,+,+,-,+,-,-,-,-,+,-,+,0,-,0,-,-,+,+,+,-,+,-,0,0
ɒ̰ˤ,+,+,-,+,-,-,-,-,+,-,+,0,-,0,-,-,+,+,+,-,+,-,0,0
ɶ̰ˤ,+,+,-,+,-,-,-,-,+,-,+,0,-,0,-,-,+,+,+,-,+,-,0,0
ɒ̰,+,+,-,+,-,-,-,-,+,-,+,0,-,0,-,-,+,+,+,-,+,-,0,0
ɒ̰ː,+,+,-,+,-,-,-,-,+,-,+,0,-,0,-,-,+,+,+,-,+,+,0,0
ə̰ʲ,+,+,-,+,-,-,-,-,+,-,+,0,-,0,-,+,-,-,-,-,-,-,0,0
ɜ̰ʲ,+,+,-,+,-,-,-,-,+,-,+,0,-,0,-,+,-,-,-,-,-,-,0,0
ɛ̰ʲ,+,+,-,+,-,-,-,-,+,-,+,0,-,0,-,+,-,-,-,-,-,-,0,0
ɪ̰ʲ,+,+,-,+,-,-,-,-,+,-,+,0,-,0,-,+,-,-,-,-,-,-,0,0
ɯ̰ʲ,+,+,-,+,-,-,-,-,+,-,+,0,-,0,-,+,-,-,-,-,-,-,0,0
ɪ̰,+,+,-,+,-,-,-,-,+,-,+,0,-,0,-,+,-,-,-,-,-,-,0,0
ɪ̰ː,+,+,-,+,-,-,-,-,+,-,+,0,-,0,-,+,-,-,-,-,-,+,0,0
ɨ̰ʲ,+,+,-,+,-,-,-,-,+,-,+,0,-,0,-,+,-,-,-,-,+,-,0,0
ɐ̰ʲ,+,+,-,+,-,-,-,-,+,-,+,0,-,0,-,+,-,-,-,-,+,-,0,0
ʌ̰ʲ,+,+,-,+,-,-,-,-,+,-,+,0,-,0,-,+,-,-,-,-,+,-,0,0
ḭ,+,+,-,+,-,-,-,-,+,-,+,0,-,0,-,+,-,-,-,-,+,-,0,0
ḛʲ,+,+,-,+,-,-,-,-,+,-,+,0,-,0,-,+,-,-,-,-,+,-,0,0
ḭʲ,+,+,-,+,-,-,-,-,+,-,+,0,-,0,-,+,-,-,-,-,+,-,0,0
ḭː,+,+,-,+,-,-,-,-,+,-,+,0,-,0,-,+,-,-,-,-,+,+,0,0
ɔ̰ʲ,+,+,-,+,-,-,-,-,+,-,+,0,-,0,-,+,-,-,+,-,-,-,0,0
ʊ̰ʲ,+,+,-,+,-,-,-,-,+,-,+,0,-,0,-,+,-,-,+,-,-,-,0,0
ʏ̰ʲ,+,+,-,+,-,-,-,-,+,-,+,0,-,0,-,+,-,-,+,-,-,-,0,0
ʏ̰,+,+,-,+,-,-,-,-,+,-,+,0,-,0,-,+,-,-,+,-,-,-,0,0
œ̰ʲ,+,+,-,+,-,-,-,-,+,-,+,0,-,0,-,+,-,-,+,-,-,-,0,0
ʏ̰ː,+,+,-,+,-,-,-,-,+,-,+,0,-,0,-,+,-,-,+,-,-,+,0,0
o̰ʲ,+,+,-,+,-,-,-,-,+,-,+,0,-,0,-,+,-,-,+,-,+,-,0,0
ø̰ʲ,+,+,-,+,-,-,-,-,+,-,+,0,-,0,-,+,-,-,+,-,+,-,0,0
ə̰ˠ,+,+,-,+,-,-,-,-,+,-,+,0,-,0,-,+,-,+,-,-,-,-,0,0
ɜ̰ˠ,+,+,-,+,-,-,-,-,+,-,+,0,-,0,-,+,-,+,-,-,-,-,0,0
ɛ̰ˠ,+,+,-,+,-,-,-,-,+,-,+,0,-,0,-,+,-,+,-,-,-,-,0,0
ɪ̰ˠ,+,+,-,+,-,-,-,-,+,-,+,0,-,0,-,+,-,+,-,-,-,-,0,0
ɯ̰,+,+,-,+,-,-,-,-,+,-,+,0,-,0,-,+,-,+,-,-,-,-,0,0
ɯ̰ː,+,+,-,+,-,-,-,-,+,-,+,0,-,0,-,+,-,+,-,-,-,+,0,0
ḛˠ,+,+,-,+,-,-,-,-,+,-,+,0,-,0,-,+,-,+,-,-,+,-,0,0
ḭˠ,+,+,-,+,-,-,-,-,+,-,+,0,-,0,-,+,-,+,-,-,+,-,0,0
ʌ̰ˠ,+,+,-,+,-,-,-,-,+,-,+,0,-,0,-,+,-,+,-,-,+,-,0,0
ɐ̰ˠ,+,+,-,+,-,-,-,-,+,-,+,0,-,0,-,+,-,+,-,-,+,-,0,0
ɨ̰,+,+,-,+,-,-,-,-,+,-,+,0,-,0,-,+,-,+,-,-,+,-,0,0
ɨ̰ː,+,+,-,+,-,-,-,-,+,-,+,0,-,0,-,+,-,+,-,-,+,+,0,0
œ̰ˠ,+,+,-,+,-,-,-,-,+,-,+,0,-,0,-,+,-,+,+,-,-,-,0,0
ɔ̰ˠ,+,+,-,+,-,-,-,-,+,-,+,0,-,0,-,+,-,+,+,-,-,-,0,0
ʏ̰ˠ,+,+,-,+,-,-,-,-,+,-,+,0,-,0,-,+,-,+,+,-,-,-,0,0
ʊ̰,+,+,-,+,-,-,-,-,+,-,+,0,-,0,-,+,-,+,+,-,-,-,0,0
œ̰ʷ,+,+,-,+,-,-,-,-,+,-,+,0,-,0,-,+,-,+,+,-,-,-,0,0
ɔ̰ʷ,+,+,-,+,-,-,-,-,+,-,+,0,-,0,-,+,-,+,+,-,-,-,0,0
ə̰ʷ,+,+,-,+,-,-,-,-,+,-,+,0,-,0,-,+,-,+,+,-,-,-,0,0
ɜ̰ʷ,+,+,-,+,-,-,-,-,+,-,+,0,-,0,-,+,-,+,+,-,-,-,0,0
ɛ̰ʷ,+,+,-,+,-,-,-,-,+,-,+,0,-,0,-,+,-,+,+,-,-,-,0,0
ɪ̰ʷ,+,+,-,+,-,-,-,-,+,-,+,0,-,0,-,+,-,+,+,-,-,-,0,0
ɯ̰ʷ,+,+,-,+,-,-,-,-,+,-,+,0,-,0,-,+,-,+,+,-,-,-,0,0
ʊ̰ʷ,+,+,-,+,-,-,-,-,+,-,+,0,-,0,-,+,-,+,+,-,-,-,0,0
ʏ̰ʷ,+,+,-,+,-,-,-,-,+,-,+,0,-,0,-,+,-,+,+,-,-,-,0,0
ʊ̰ː,+,+,-,+,-,-,-,-,+,-,+,0,-,0,-,+,-,+,+,-,-,+,0,0
o̰ˠ,+,+,-,+,-,-,-,-,+,-,+,0,-,0,-,+,-,+,+,-,+,-,0,0
ø̰ˠ,+,+,-,+,-,-,-,-,+,-,+,0,-,0,-,+,-,+,+,-,+,-,0,0
ḛʷ,+,+,-,+,-,-,-,-,+,-,+,0,-,0,-,+,-,+,+,-,+,-,0,0
ḭʷ,+,+,-,+,-,-,-,-,+,-,+,0,-,0,-,+,-,+,+,-,+,-,0,0
o̰ʷ,+,+,-,+,-,-,-,-,+,-,+,0,-,0,-,+,-,+,+,-,+,-,0,0
ø̰ʷ,+,+,-,+,-,-,-,-,+,-,+,0,-,0,-,+,-,+,+,-,+,-,0,0
ɨ̰ʷ,+,+,-,+,-,-,-,-,+,-,+,0,-,0,-,+,-,+,+,-,+,-,0,0
ɐ̰ʷ,+,+,-,+,-,-,-,-,+,-,+,0,-,0,-,+,-,+,+,-,+,-,0,0
ʌ̰ʷ,+,+,-,+,-,-,-,-,+,-,+,0,-,0,-,+,-,+,+,-,+,-,0,0
y̰,+,+,-,+,-,-,-,-,+,-,+,0,-,0,+,+,-,-,+,-,+,-,0,0
ṵʲ,+,+,-,+,-,-,-,-,+,-,+,0,-,0,+,+,-,-,+,-,+,-,0,0
y̰ʲ,+,+,-,+,-,-,-,-,+,-,+,0,-,0,+,+,-,-,+,-,+,-,0,0
y̰ː,+,+,-,+,-,-,-,-,+,-,+,0,-,0,+,+,-,-,+,-,+,+,0,0
y̰ˠ,+,+,-,+,-,-,-,-,+,-,+,0,-,0,+,+,-,+,+,-,+,-,0,0
ṵ,+,+,-,+,-,-,-,-,+,-,+,0,-,0,+,+,-,+,+,-,+,-,0,0
ṵʷ,+,+,-,+,-,-,-,-,+,-,+,0,-,0,+,+,-,+,+,-,+,-,0,0
y̰ʷ,+,+,-,+,-,-,-,-,+,-,+,0,-,0,+,+,-,+,+,-,+,-,0,0
ṵː,+,+,-,+,-,-,-,-,+,-,+,0,-,0,+,+,-,+,+,-,+,+,0,0
a̰ʲ,+,+,-,+,-,-,-,-,+,-,+,0,-,0,-,+,+,-,-,-,+,-,0,0
æ̰ʲ,+,+,-,+,-,-,-,-,+,-,+,0,-,0,-,+,+,-,-,-,+,-,0,0
ɶ̰ʲ,+,+,-,+,-,-,-,-,+,-,+,0,-,0,-,+,+,-,+,-,+,-,0,0
ɒ̰ʲ,+,+,-,+,-,-,-,-,+,-,+,0,-,0,-,+,+,-,+,-,+,-,0,0
ɪ̰ˤ,+,+,-,+,-,-,-,-,+,-,+,0,-,0,-,+,+,+,-,-,-,-,0,0
ɯ̰ˤ,+,+,-,+,-,-,-,-,+,-,+,0,-,0,-,+,+,+,-,-,-,-,0,0
a̰ˠ,+,+,-,+,-,-,-,-,+,-,+,0,-,0,-,+,+,+,-,-,+,-,0,0
æ̰ˠ,+,+,-,+,-,-,-,-,+,-,+,0,-,0,-,+,+,+,-,-,+,-,0,0
ḭˤ,+,+,-,+,-,-,-,-,+,-,+,0,-,0,-,+,+,+,-,-,+,-,0,0
ɨ̰ˤ,+,+,-,+,-,-,-,-,+,-,+,0,-,0,-,+,+,+,-,-,+,-,0,0
ʊ̰ˤ,+,+,-,+,-,-,-,-,+,-,+,0,-,0,-,+,+,+,+,-,-,-,0,0
ʏ̰ˤ,+,+,-,+,-,-,-,-,+,-,+,0,-,0,-,+,+,+,+,-,-,-,0,0
ɒ̰ˠ,+,+,-,+,-,-,-,-,+,-,+,0,-,0,-,+,+,+,+,-,+,-,0,0
ɶ̰ˠ,+,+,-,+,-,-,-,-,+,-,+,0,-,0,-,+,+,+,+,-,+,-,0,0
a̰ʷ,+,+,-,+,-,-,-,-,+,-,+,0,-,0,-,+,+,+,+,-,+,-,0,0
æ̰ʷ,+,+,-,+,-,-,-,-,+,-,+,0,-,0,-,+,+,+,+,-,+,-,0,0
ɒ̰ʷ,+,+,-,+,-,-,-,-,+,-,+,0,-,0,-,+,+,+,+,-,+,-,0,0
ɶ̰ʷ,+,+,-,+,-,-,-,-,+,-,+,0,-,0,-,+,+,+,+,-,+,-,0,0
ṵˤ,+,+,-,+,-,-,-,-,+,-,+,0,-,0,+,+,+,+,+,-,+,-,0,0
y̰ˤ,+,+,-,+,-,-,-,-,+,-,+,0,-,0,+,+,+,+,+,-,+,-,0,0
ɛ̤̥,+,+,-,+,-,-,-,-,-,+,-,0,-,0,-,-,-,-,-,-,-,-,0,0
ɛ̤,+,+,-,+,-,-,-,-,+,+,-,0,-,0,-,-,-,-,-,-,-,-,0,0
ɛ̤ː,+,+,-,+,-,-,-,-,+,+,-,0,-,0,-,-,-,-,-,-,-,+,0,0
e̤̥,+,+,-,+,-,-,-,-,-,+,-,0,-,0,-,-,-,-,-,-,+,-,0,0
e̤,+,+,-,+,-,-,-,-,+,+,-,0,-,0,-,-,-,-,-,-,+,-,0,0
e̤ː,+,+,-,+,-,-,-,-,+,+,-,0,-,0,-,-,-,-,-,-,+,+,0,0
œ̤̥,+,+,-,+,-,-,-,-,-,+,-,0,-,0,-,-,-,-,+,-,-,-,0,0
œ̤,+,+,-,+,-,-,-,-,+,+,-,0,-,0,-,-,-,-,+,-,-,-,0,0
œ̤ː,+,+,-,+,-,-,-,-,+,+,-,0,-,0,-,-,-,-,+,-,-,+,0,0
ø̤̥,+,+,-,+,-,-,-,-,-,+,-,0,-,0,-,-,-,-,+,-,+,-,0,0
ø̤,+,+,-,+,-,-,-,-,+,+,-,0,-,0,-,-,-,-,+,-,+,-,0,0
ø̤ː,+,+,-,+,-,-,-,-,+,+,-,0,-,0,-,-,-,-,+,-,+,+,0,0
ə̤̥,+,+,-,+,-,-,-,-,-,+,-,0,-,0,-,-,-,+,-,-,-,-,0,0
ɜ̤̥,+,+,-,+,-,-,-,-,-,+,-,0,-,0,-,-,-,+,-,-,-,-,0,0
ə̤,+,+,-,+,-,-,-,-,+,+,-,0,-,0,-,-,-,+,-,-,-,-,0,0
ɜ̤,+,+,-,+,-,-,-,-,+,+,-,0,-,0,-,-,-,+,-,-,-,-,0,0
ə̤ː,+,+,-,+,-,-,-,-,+,+,-,0,-,0,-,-,-,+,-,-,-,+,0,0
ɜ̤ː,+,+,-,+,-,-,-,-,+,+,-,0,-,0,-,-,-,+,-,-,-,+,0,0
ɐ̤̥,+,+,-,+,-,-,-,-,-,+,-,0,-,0,-,-,-,+,-,-,+,-,0,0
ʌ̤̥,+,+,-,+,-,-,-,-,-,+,-,0,-,0,-,-,-,+,-,-,+,-,0,0
ɐ̤,+,+,-,+,-,-,-,-,+,+,-,0,-,0,-,-,-,+,-,-,+,-,0,0
ʌ̤,+,+,-,+,-,-,-,-,+,+,-,0,-,0,-,-,-,+,-,-,+,-,0,0
ɐ̤ː,+,+,-,+,-,-,-,-,+,+,-,0,-,0,-,-,-,+,-,-,+,+,0,0
ʌ̤ː,+,+,-,+,-,-,-,-,+,+,-,0,-,0,-,-,-,+,-,-,+,+,0,0
ɔ̤̥,+,+,-,+,-,-,-,-,-,+,-,0,-,0,-,-,-,+,+,-,-,-,0,0
ɔ̤,+,+,-,+,-,-,-,-,+,+,-,0,-,0,-,-,-,+,+,-,-,-,0,0
ɔ̤ː,+,+,-,+,-,-,-,-,+,+,-,0,-,0,-,-,-,+,+,-,-,+,0,0
o̤̥,+,+,-,+,-,-,-,-,-,+,-,0,-,0,-,-,-,+,+,-,+,-,0,0
o̤,+,+,-,+,-,-,-,-,+,+,-,0,-,0,-,-,-,+,+,-,+,-,0,0
o̤ː,+,+,-,+,-,-,-,-,+,+,-,0,-,0,-,-,-,+,+,-,+,+,0,0
æ̤̥,+,+,-,+,-,-,-,-,-,+,-,0,-,0,-,-,+,-,-,-,+,-,0,0
æ̤,+,+,-,+,-,-,-,-,+,+,-,0,-,0,-,-,+,-,-,-,+,-,0,0
æ̤ː,+,+,-,+,-,-,-,-,+,+,-,0,-,0,-,-,+,-,-,-,+,+,0,0
ɶ̤̥,+,+,-,+,-,-,-,-,-,+,-,0,-,0,-,-,+,-,+,-,+,-,0,0
ɶ̤,+,+,-,+,-,-,-,-,+,+,-,0,-,0,-,-,+,-,+,-,+,-,0,0
ɶ̤ː,+,+,-,+,-,-,-,-,+,+,-,0,-,0,-,-,+,-,+,-,+,+,0,0
ə̤ˤ,+,+,-,+,-,-,-,-,+,+,-,0,-,0,-,-,+,+,-,-,-,-,0,0
ɜ̤ˤ,+,+,-,+,-,-,-,-,+,+,-,0,-,0,-,-,+,+,-,-,-,-,0,0
ɛ̤ˤ,+,+,-,+,-,-,-,-,+,+,-,0,-,0,-,-,+,+,-,-,-,-,0,0
a̤̥,+,+,-,+,-,-,-,-,-,+,-,0,-,0,-,-,+,+,-,-,+,-,0,0
a̤,+,+,-,+,-,-,-,-,+,+,-,0,-,0,-,-,+,+,-,-,+,-,0,0
a̤ˤ,+,+,-,+,-,-,-,-,+,+,-,0,-,0,-,-,+,+,-,-,+,-,0,0
e̤ˤ,+,+,-,+,-,-,-,-,+,+,-,0,-,0,-,-,+,+,-,-,+,-,0,0
æ̤ˤ,+,+,-,+,-,-,-,-,+,+,-,0,-,0,-,-,+,+,-,-,+,-,0,0
ɐ̤ˤ,+,+,-,+,-,-,-,-,+,+,-,0,-,0,-,-,+,+,-,-,+,-,0,0
ʌ̤ˤ,+,+,-,+,-,-,-,-,+,+,-,0,-,0,-,-,+,+,-,-,+,-,0,0
a̤ː,+,+,-,+,-,-,-,-,+,+,-,0,-,0,-,-,+,+,-,-,+,+,0,0
œ̤ˤ,+,+,-,+,-,-,-,-,+,+,-,0,-,0,-,-,+,+,+,-,-,-,0,0
ɔ̤ˤ,+,+,-,+,-,-,-,-,+,+,-,0,-,0,-,-,+,+,+,-,-,-,0,0
ɒ̤̥,+,+,-,+,-,-,-,-,-,+,-,0,-,0,-,-,+,+,+,-,+,-,0,0
ɒ̤,+,+,-,+,-,-,-,-,+,+,-,0,-,0,-,-,+,+,+,-,+,-,0,0
o̤ˤ,+,+,-,+,-,-,-,-,+,+,-,0,-,0,-,-,+,+,+,-,+,-,0,0
ø̤ˤ,+,+,-,+,-,-,-,-,+,+,-,0,-,0,-,-,+,+,+,-,+,-,0,0
ɒ̤ˤ,+,+,-,+,-,-,-,-,+,+,-,0,-,0,-,-,+,+,+,-,+,-,0,0
ɶ̤ˤ,+,+,-,+,-,-,-,-,+,+,-,0,-,0,-,-,+,+,+,-,+,-,0,0
ɒ̤ː,+,+,-,+,-,-,-,-,+,+,-,0,-,0,-,-,+,+,+,-,+,+,0,0
ɪ̤̥,+,+,-,+,-,-,-,-,-,+,-,0,-,0,-,+,-,-,-,-,-,-,0,0
ɪ̤,+,+,-,+,-,-,-,-,+,+,-,0,-,0,-,+,-,-,-,-,-,-,0,0
ə̤ʲ,+,+,-,+,-,-,-,-,+,+,-,0,-,0,-,+,-,-,-,-,-,-,0,0
ɜ̤ʲ,+,+,-,+,-,-,-,-,+,+,-,0,-,0,-,+,-,-,-,-,-,-,0,0
ɛ̤ʲ,+,+,-,+,-,-,-,-,+,+,-,0,-,0,-,+,-,-,-,-,-,-,0,0
ɪ̤ʲ,+,+,-,+,-,-,-,-,+,+,-,0,-,0,-,+,-,-,-,-,-,-,0,0
ɯ̤ʲ,+,+,-,+,-,-,-,-,+,+,-,0,-,0,-,+,-,-,-,-,-,-,0,0
ɪ̤ː,+,+,-,+,-,-,-,-,+,+,-,0,-,0,-,+,-,-,-,-,-,+,0,0
i̤̥,+,+,-,+,-,-,-,-,-,+,-,0,-,0,-,+,-,-,-,-,+,-,0,0
i̤,+,+,-,+,-,-,-,-,+,+,-,0,-,0,-,+,-,-,-,-,+,-,0,0
e̤ʲ,+,+,-,+,-,-,-,-,+,+,-,0,-,0,-,+,-,-,-,-,+,-,0,0
i̤ʲ,+,+,-,+,-,-,-,-,+,+,-,0,-,0,-,+,-,-,-,-,+,-,0,0
ɨ̤ʲ,+,+,-,+,-,-,-,-,+,+,-,0,-,0,-,+,-,-,-,-,+,-,0,0
ɐ̤ʲ,+,+,-,+,-,-,-,-,+,+,-,0,-,0,-,+,-,-,-,-,+,-,0,0
ʌ̤ʲ,+,+,-,+,-,-,-,-,+,+,-,0,-,0,-,+,-,-,-,-,+,-,0,0
i̤ː,+,+,-,+,-,-,-,-,+,+,-,0,-,0,-,+,-,-,-,-,+,+,0,0
ʏ̤̥,+,+,-,+,-,-,-,-,-,+,-,0,-,0,-,+,-,-,+,-,-,-,0,0
ʏ̤,+,+,-,+,-,-,-,-,+,+,-,0,-,0,-,+,-,-,+,-,-,-,0,0
œ̤ʲ,+,+,-,+,-,-,-,-,+,+,-,0,-,0,-,+,-,-,+,-,-,-,0,0
ɔ̤ʲ,+,+,-,+,-,-,-,-,+,+,-,0,-,0,-,+,-,-,+,-,-,-,0,0
ʊ̤ʲ,+,+,-,+,-,-,-,-,+,+,-,0,-,0,-,+,-,-,+,-,-,-,0,0
ʏ̤ʲ,+,+,-,+,-,-,-,-,+,+,-,0,-,0,-,+,-,-,+,-,-,-,0,0
ʏ̤ː,+,+,-,+,-,-,-,-,+,+,-,0,-,0,-,+,-,-,+,-,-,+,0,0
o̤ʲ,+,+,-,+,-,-,-,-,+,+,-,0,-,0,-,+,-,-,+,-,+,-,0,0
ø̤ʲ,+,+,-,+,-,-,-,-,+,+,-,0,-,0,-,+,-,-,+,-,+,-,0,0
ɯ̤̥,+,+,-,+,-,-,-,-,-,+,-,0,-,0,-,+,-,+,-,-,-,-,0,0
ɯ̤,+,+,-,+,-,-,-,-,+,+,-,0,-,0,-,+,-,+,-,-,-,-,0,0
ə̤ˠ,+,+,-,+,-,-,-,-,+,+,-,0,-,0,-,+,-,+,-,-,-,-,0,0
ɜ̤ˠ,+,+,-,+,-,-,-,-,+,+,-,0,-,0,-,+,-,+,-,-,-,-,0,0
ɛ̤ˠ,+,+,-,+,-,-,-,-,+,+,-,0,-,0,-,+,-,+,-,-,-,-,0,0
ɪ̤ˠ,+,+,-,+,-,-,-,-,+,+,-,0,-,0,-,+,-,+,-,-,-,-,0,0
ɯ̤ː,+,+,-,+,-,-,-,-,+,+,-,0,-,0,-,+,-,+,-,-,-,+,0,0
ɨ̤̥,+,+,-,+,-,-,-,-,-,+,-,0,-,0,-,+,-,+,-,-,+,-,0,0
ɨ̤,+,+,-,+,-,-,-,-,+,+,-,0,-,0,-,+,-,+,-,-,+,-,0,0
e̤ˠ,+,+,-,+,-,-,-,-,+,+,-,0,-,0,-,+,-,+,-,-,+,-,0,0
i̤ˠ,+,+,-,+,-,-,-,-,+,+,-,0,-,0,-,+,-,+,-,-,+,-,0,0
ʌ̤ˠ,+,+,-,+,-,-,-,-,+,+,-,0,-,0,-,+,-,+,-,-,+,-,0,0
ɐ̤ˠ,+,+,-,+,-,-,-,-,+,+,-,0,-,0,-,+,-,+,-,-,+,-,0,0
ɨ̤ː,+,+,-,+,-,-,-,-,+,+,-,0,-,0,-,+,-,+,-,-,+,+,0,0
ʊ̤̥,+,+,-,+,-,-,-,-,-,+,-,0,-,0,-,+,-,+,+,-,-,-,0,0
ʊ̤,+,+,-,+,-,-,-,-,+,+,-,0,-,0,-,+,-,+,+,-,-,-,0,0
œ̤ʷ,+,+,-,+,-,-,-,-,+,+,-,0,-,0,-,+,-,+,+,-,-,-,0,0
ɔ̤ʷ,+,+,-,+,-,-,-,-,+,+,-,0,-,0,-,+,-,+,+,-,-,-,0,0
ə̤ʷ,+,+,-,+,-,-,-,-,+,+,-,0,-,0,-,+,-,+,+,-,-,-,0,0
ɜ̤ʷ,+,+,-,+,-,-,-,-,+,+,-,0,-,0,-,+,-,+,+,-,-,-,0,0
ɛ̤ʷ,+,+,-,+,-,-,-,-,+,+,-,0,-,0,-,+,-,+,+,-,-,-,0,0
ɪ̤ʷ,+,+,-,+,-,-,-,-,+,+,-,0,-,0,-,+,-,+,+,-,-,-,0,0
ɯ̤ʷ,+,+,-,+,-,-,-,-,+,+,-,0,-,0,-,+,-,+,+,-,-,-,0,0
ʊ̤ʷ,+,+,-,+,-,-,-,-,+,+,-,0,-,0,-,+,-,+,+,-,-,-,0,0
ʏ̤ʷ,+,+,-,+,-,-,-,-,+,+,-,0,-,0,-,+,-,+,+,-,-,-,0,0
œ̤ˠ,+,+,-,+,-,-,-,-,+,+,-,0,-,0,-,+,-,+,+,-,-,-,0,0
ɔ̤ˠ,+,+,-,+,-,-,-,-,+,+,-,0,-,0,-,+,-,+,+,-,-,-,0,0
ʏ̤ˠ,+,+,-,+,-,-,-,-,+,+,-,0,-,0,-,+,-,+,+,-,-,-,0,0
ʊ̤ː,+,+,-,+,-,-,-,-,+,+,-,0,-,0,-,+,-,+,+,-,-,+,0,0
e̤ʷ,+,+,-,+,-,-,-,-,+,+,-,0,-,0,-,+,-,+,+,-,+,-,0,0
i̤ʷ,+,+,-,+,-,-,-,-,+,+,-,0,-,0,-,+,-,+,+,-,+,-,0,0
o̤ʷ,+,+,-,+,-,-,-,-,+,+,-,0,-,0,-,+,-,+,+,-,+,-,0,0
ø̤ʷ,+,+,-,+,-,-,-,-,+,+,-,0,-,0,-,+,-,+,+,-,+,-,0,0
ɨ̤ʷ,+,+,-,+,-,-,-,-,+,+,-,0,-,0,-,+,-,+,+,-,+,-,0,0
ɐ̤ʷ,+,+,-,+,-,-,-,-,+,+,-,0,-,0,-,+,-,+,+,-,+,-,0,0
ʌ̤ʷ,+,+,-,+,-,-,-,-,+,+,-,0,-,0,-,+,-,+,+,-,+,-,0,0
o̤ˠ,+,+,-,+,-,-,-,-,+,+,-,0,-,0,-,+,-,+,+,-,+,-,0,0
ø̤ˠ,+,+,-,+,-,-,-,-,+,+,-,0,-,0,-,+,-,+,+,-,+,-,0,0
y̤̥,+,+,-,+,-,-,-,-,-,+,-,0,-,0,+,+,-,-,+,-,+,-,0,0
y̤,+,+,-,+,-,-,-,-,+,+,-,0,-,0,+,+,-,-,+,-,+,-,0,0
ṳʲ,+,+,-,+,-,-,-,-,+,+,-,0,-,0,+,+,-,-,+,-,+,-,0,0
y̤ʲ,+,+,-,+,-,-,-,-,+,+,-,0,-,0,+,+,-,-,+,-,+,-,0,0
y̤ː,+,+,-,+,-,-,-,-,+,+,-,0,-,0,+,+,-,-,+,-,+,+,0,0
ṳ̥,+,+,-,+,-,-,-,-,-,+,-,0,-,0,+,+,-,+,+,-,+,-,0,0
ṳ,+,+,-,+,-,-,-,-,+,+,-,0,-,0,+,+,-,+,+,-,+,-,0,0
ṳʷ,+,+,-,+,-,-,-,-,+,+,-,0,-,0,+,+,-,+,+,-,+,-,0,0
y̤ʷ,+,+,-,+,-,-,-,-,+,+,-,0,-,0,+,+,-,+,+,-,+,-,0,0
y̤ˠ,+,+,-,+,-,-,-,-,+,+,-,0,-,0,+,+,-,+,+,-,+,-,0,0
ṳː,+,+,-,+,-,-,-,-,+,+,-,0,-,0,+,+,-,+,+,-,+,+,0,0
a̤ʲ,+,+,-,+,-,-,-,-,+,+,-,0,-,0,-,+,+,-,-,-,+,-,0,0
æ̤ʲ,+,+,-,+,-,-,-,-,+,+,-,0,-,0,-,+,+,-,-,-,+,-,0,0
ɒ̤ʲ,+,+,-,+,-,-,-,-,+,+,-,0,-,0,-,+,+,-,+,-,+,-,0,0
ɶ̤ʲ,+,+,-,+,-,-,-,-,+,+,-,0,-,0,-,+,+,-,+,-,+,-,0,0
ɪ̤ˤ,+,+,-,+,-,-,-,-,+,+,-,0,-,0,-,+,+,+,-,-,-,-,0,0
ɯ̤ˤ,+,+,-,+,-,-,-,-,+,+,-,0,-,0,-,+,+,+,-,-,-,-,0,0
a̤ˠ,+,+,-,+,-,-,-,-,+,+,-,0,-,0,-,+,+,+,-,-,+,-,0,0
æ̤ˠ,+,+,-,+,-,-,-,-,+,+,-,0,-,0,-,+,+,+,-,-,+,-,0,0
i̤ˤ,+,+,-,+,-,-,-,-,+,+,-,0,-,0,-,+,+,+,-,-,+,-,0,0
ɨ̤ˤ,+,+,-,+,-,-,-,-,+,+,-,0,-,0,-,+,+,+,-,-,+,-,0,0
ʊ̤ˤ,+,+,-,+,-,-,-,-,+,+,-,0,-,0,-,+,+,+,+,-,-,-,0,0
ʏ̤ˤ,+,+,-,+,-,-,-,-,+,+,-,0,-,0,-,+,+,+,+,-,-,-,0,0
a̤ʷ,+,+,-,+,-,-,-,-,+,+,-,0,-,0,-,+,+,+,+,-,+,-,0,0
æ̤ʷ,+,+,-,+,-,-,-,-,+,+,-,0,-,0,-,+,+,+,+,-,+,-,0,0
ɒ̤ʷ,+,+,-,+,-,-,-,-,+,+,-,0,-,0,-,+,+,+,+,-,+,-,0,0
ɶ̤ʷ,+,+,-,+,-,-,-,-,+,+,-,0,-,0,-,+,+,+,+,-,+,-,0,0
ɒ̤ˠ,+,+,-,+,-,-,-,-,+,+,-,0,-,0,-,+,+,+,+,-,+,-,0,0
ɶ̤ˠ,+,+,-,+,-,-,-,-,+,+,-,0,-,0,-,+,+,+,+,-,+,-,0,0
ṳˤ,+,+,-,+,-,-,-,-,+,+,-,0,-,0,+,+,+,+,+,-,+,-,0,0
y̤ˤ,+,+,-,+,-,-,-,-,+,+,-,0,-,0,+,+,+,+,+,-,+,-,0,0
ɛ̃ⁿ,+,+,-,+,-,-,+,-,+,-,-,0,-,0,-,-,-,-,-,-,-,-,0,0
ɛ̃,+,+,-,+,-,-,+,-,+,-,-,0,-,0,-,-,-,-,-,-,-,-,0,0
ɛⁿ,+,+,-,+,-,-,+,-,+,-,-,0,-,0,-,-,-,-,-,-,-,-,0,0
ɛ̃ː,+,+,-,+,-,-,+,-,+,-,-,0,-,0,-,-,-,-,-,-,-,+,0,0
ɛ̃ˑ,+,+,-,+,-,-,+,-,+,-,-,0,-,0,-,-,-,-,-,-,-,+,0,0
ẽⁿ,+,+,-,+,-,-,+,-,+,-,-,0,-,0,-,-,-,-,-,-,+,-,0,0
ẽ,+,+,-,+,-,-,+,-,+,-,-,0,-,0,-,-,-,-,-,-,+,-,0,0
eⁿ,+,+,-,+,-,-,+,-,+,-,-,0,-,0,-,-,-,-,-,-,+,-,0,0
ẽː,+,+,-,+,-,-,+,-,+,-,-,0,-,0,-,-,-,-,-,-,+,+,0,0
ẽˑ,+,+,-,+,-,-,+,-,+,-,-,0,-,0,-,-,-,-,-,-,+,+,0,0
œ̃ⁿ,+,+,-,+,-,-,+,-,+,-,-,0,-,0,-,-,-,-,+,-,-,-,0,0
œ̃,+,+,-,+,-,-,+,-,+,-,-,0,-,0,-,-,-,-,+,-,-,-,0,0
œⁿ,+,+,-,+,-,-,+,-,+,-,-,0,-,0,-,-,-,-,+,-,-,-,0,0
œ̃ː,+,+,-,+,-,-,+,-,+,-,-,0,-,0,-,-,-,-,+,-,-,+,0,0
œ̃ˑ,+,+,-,+,-,-,+,-,+,-,-,0,-,0,-,-,-,-,+,-,-,+,0,0
ø̃ⁿ,+,+,-,+,-,-,+,-,+,-,-,0,-,0,-,-,-,-,+,-,+,-,0,0
ø̃,+,+,-,+,-,-,+,-,+,-,-,0,-,0,-,-,-,-,+,-,+,-,0,0
øⁿ,+,+,-,+,-,-,+,-,+,-,-,0,-,0,-,-,-,-,+,-,+,-,0,0
ø̃ː,+,+,-,+,-,-,+,-,+,-,-,0,-,0,-,-,-,-,+,-,+,+,0,0
ø̃ˑ,+,+,-,+,-,-,+,-,+,-,-,0,-,0,-,-,-,-,+,-,+,+,0,0
ə̃ⁿ,+,+,-,+,-,-,+,-,+,-,-,0,-,0,-,-,-,+,-,-,-,-,0,0
ɜ̃ⁿ,+,+,-,+,-,-,+,-,+,-,-,0,-,0,-,-,-,+,-,-,-,-,0,0
ə̃,+,+,-,+,-,-,+,-,+,-,-,0,-,0,-,-,-,+,-,-,-,-,0,0
ɜ̃,+,+,-,+,-,-,+,-,+,-,-,0,-,0,-,-,-,+,-,-,-,-,0,0
əⁿ,+,+,-,+,-,-,+,-,+,-,-,0,-,0,-,-,-,+,-,-,-,-,0,0
ɜⁿ,+,+,-,+,-,-,+,-,+,-,-,0,-,0,-,-,-,+,-,-,-,-,0,0
ə̃ː,+,+,-,+,-,-,+,-,+,-,-,0,-,0,-,-,-,+,-,-,-,+,0,0
ɜ̃ː,+,+,-,+,-,-,+,-,+,-,-,0,-,0,-,-,-,+,-,-,-,+,0,0
ə̃ˑ,+,+,-,+,-,-,+,-,+,-,-,0,-,0,-,-,-,+,-,-,-,+,0,0
ɜ̃ˑ,+,+,-,+,-,-,+,-,+,-,-,0,-,0,-,-,-,+,-,-,-,+,0,0
ʌⁿ,+,+,-,+,-,-,+,-,+,-,-,0,-,0,-,-,-,+,-,-,+,-,0,0
ɐ̃ⁿ,+,+,-,+,-,-,+,-,+,-,-,0,-,0,-,-,-,+,-,-,+,-,0,0
ʌ̃ⁿ,+,+,-,+,-,-,+,-,+,-,-,0,-,0,-,-,-,+,-,-,+,-,0,0
ɐ̃,+,+,-,+,-,-,+,-,+,-,-,0,-,0,-,-,-,+,-,-,+,-,0,0
ʌ̃,+,+,-,+,-,-,+,-,+,-,-,0,-,0,-,-,-,+,-,-,+,-,0,0
ɐⁿ,+,+,-,+,-,-,+,-,+,-,-,0,-,0,-,-,-,+,-,-,+,-,0,0
ɐ̃ː,+,+,-,+,-,-,+,-,+,-,-,0,-,0,-,-,-,+,-,-,+,+,0,0
ʌ̃ː,+,+,-,+,-,-,+,-,+,-,-,0,-,0,-,-,-,+,-,-,+,+,0,0
ɐ̃ˑ,+,+,-,+,-,-,+,-,+,-,-,0,-,0,-,-,-,+,-,-,+,+,0,0
ʌ̃ˑ,+,+,-,+,-,-,+,-,+,-,-,0,-,0,-,-,-,+,-,-,+,+,0,0
ɔ̃ⁿ,+,+,-,+,-,-,+,-,+,-,-,0,-,0,-,-,-,+,+,-,-,-,0,0
ɔ̃,+,+,-,+,-,-,+,-,+,-,-,0,-,0,-,-,-,+,+,-,-,-,0,0
ɔⁿ,+,+,-,+,-,-,+,-,+,-,-,0,-,0,-,-,-,+,+,-,-,-,0,0
ɔ̃ː,+,+,-,+,-,-,+,-,+,-,-,0,-,0,-,-,-,+,+,-,-,+,0,0
ɔ̃ˑ,+,+,-,+,-,-,+,-,+,-,-,0,-,0,-,-,-,+,+,-,-,+,0,0
õⁿ,+,+,-,+,-,-,+,-,+,-,-,0,-,0,-,-,-,+,+,-,+,-,0,0
õ,+,+,-,+,-,-,+,-,+,-,-,0,-,0,-,-,-,+,+,-,+,-,0,0
oⁿ,+,+,-,+,-,-,+,-,+,-,-,0,-,0,-,-,-,+,+,-,+,-,0,0
õː,+,+,-,+,-,-,+,-,+,-,-,0,-,0,-,-,-,+,+,-,+,+,0,0
õˑ,+,+,-,+,-,-,+,-,+,-,-,0,-,0,-,-,-,+,+,-,+,+,0,0
æ̃ⁿ,+,+,-,+,-,-,+,-,+,-,-,0,-,0,-,-,+,-,-,-,+,-,0,0
æ̃,+,+,-,+,-,-,+,-,+,-,-,0,-,0,-,-,+,-,-,-,+,-,0,0
æⁿ,+,+,-,+,-,-,+,-,+,-,-,0,-,0,-,-,+,-,-,-,+,-,0,0
æ̃ː,+,+,-,+,-,-,+,-,+,-,-,0,-,0,-,-,+,-,-,-,+,+,0,0
æ̃ˑ,+,+,-,+,-,-,+,-,+,-,-,0,-,0,-,-,+,-,-,-,+,+,0,0
ɶ̃ⁿ,+,+,-,+,-,-,+,-,+,-,-,0,-,0,-,-,+,-,+,-,+,-,0,0
ɶ̃,+,+,-,+,-,-,+,-,+,-,-,0,-,0,-,-,+,-,+,-,+,-,0,0
ɶⁿ,+,+,-,+,-,-,+,-,+,-,-,0,-,0,-,-,+,-,+,-,+,-,0,0
ɶ̃ː,+,+,-,+,-,-,+,-,+,-,-,0,-,0,-,-,+,-,+,-,+,+,0,0
ɶ̃ˑ,+,+,-,+,-,-,+,-,+,-,-,0,-,0,-,-,+,-,+,-,+,+,0,0
ə̃ˤ,+,+,-,+,-,-,+,-,+,-,-,0,-,0,-,-,+,+,-,-,-,-,0,0
ɜ̃ˤ,+,+,-,+,-,-,+,-,+,-,-,0,-,0,-,-,+,+,-,-,-,-,0,0
ɛ̃ˤ,+,+,-,+,-,-,+,-,+,-,-,0,-,0,-,-,+,+,-,-,-,-,0,0
ãˤ,+,+,-,+,-,-,+,-,+,-,-,0,-,0,-,-,+,+,-,-,+,-,0,0
ẽˤ,+,+,-,+,-,-,+,-,+,-,-,0,-,0,-,-,+,+,-,-,+,-,0,0
æ̃ˤ,+,+,-,+,-,-,+,-,+,-,-,0,-,0,-,-,+,+,-,-,+,-,0,0
ɐ̃ˤ,+,+,-,+,-,-,+,-,+,-,-,0,-,0,-,-,+,+,-,-,+,-,0,0
ʌ̃ˤ,+,+,-,+,-,-,+,-,+,-,-,0,-,0,-,-,+,+,-,-,+,-,0,0
ãⁿ,+,+,-,+,-,-,+,-,+,-,-,0,-,0,-,-,+,+,-,-,+,-,0,0
ã,+,+,-,+,-,-,+,-,+,-,-,0,-,0,-,-,+,+,-,-,+,-,0,0
aⁿ,+,+,-,+,-,-,+,-,+,-,-,0,-,0,-,-,+,+,-,-,+,-,0,0
ãː,+,+,-,+,-,-,+,-,+,-,-,0,-,0,-,-,+,+,-,-,+,+,0,0
ãˑ,+,+,-,+,-,-,+,-,+,-,-,0,-,0,-,-,+,+,-,-,+,+,0,0
œ̃ˤ,+,+,-,+,-,-,+,-,+,-,-,0,-,0,-,-,+,+,+,-,-,-,0,0
ɔ̃ˤ,+,+,-,+,-,-,+,-,+,-,-,0,-,0,-,-,+,+,+,-,-,-,0,0
õˤ,+,+,-,+,-,-,+,-,+,-,-,0,-,0,-,-,+,+,+,-,+,-,0,0
ø̃ˤ,+,+,-,+,-,-,+,-,+,-,-,0,-,0,-,-,+,+,+,-,+,-,0,0
ɒ̃ˤ,+,+,-,+,-,-,+,-,+,-,-,0,-,0,-,-,+,+,+,-,+,-,0,0
ɶ̃ˤ,+,+,-,+,-,-,+,-,+,-,-,0,-,0,-,-,+,+,+,-,+,-,0,0
ɒ̃ⁿ,+,+,-,+,-,-,+,-,+,-,-,0,-,0,-,-,+,+,+,-,+,-,0,0
ɒ̃,+,+,-,+,-,-,+,-,+,-,-,0,-,0,-,-,+,+,+,-,+,-,0,0
ɒⁿ,+,+,-,+,-,-,+,-,+,-,-,0,-,0,-,-,+,+,+,-,+,-,0,0
ɒ̃ː,+,+,-,+,-,-,+,-,+,-,-,0,-,0,-,-,+,+,+,-,+,+,0,0
ɒ̃ˑ,+,+,-,+,-,-,+,-,+,-,-,0,-,0,-,-,+,+,+,-,+,+,0,0
ɪ̃ⁿ,+,+,-,+,-,-,+,-,+,-,-,0,-,0,-,+,-,-,-,-,-,-,0,0
ɪ̃,+,+,-,+,-,-,+,-,+,-,-,0,-,0,-,+,-,-,-,-,-,-,0,0
ɪⁿ,+,+,-,+,-,-,+,-,+,-,-,0,-,0,-,+,-,-,-,-,-,-,0,0
ɪ̃ː,+,+,-,+,-,-,+,-,+,-,-,0,-,0,-,+,-,-,-,-,-,+,0,0
ɪ̃ˑ,+,+,-,+,-,-,+,-,+,-,-,0,-,0,-,+,-,-,-,-,-,+,0,0
ĩⁿ,+,+,-,+,-,-,+,-,+,-,-,0,-,0,-,+,-,-,-,-,+,-,0,0
ĩ,+,+,-,+,-,-,+,-,+,-,-,0,-,0,-,+,-,-,-,-,+,-,0,0
iⁿ,+,+,-,+,-,-,+,-,+,-,-,0,-,0,-,+,-,-,-,-,+,-,0,0
ĩː,+,+,-,+,-,-,+,-,+,-,-,0,-,0,-,+,-,-,-,-,+,+,0,0
ĩˑ,+,+,-,+,-,-,+,-,+,-,-,0,-,0,-,+,-,-,-,-,+,+,0,0
ʏⁿ,+,+,-,+,-,-,+,-,+,-,-,0,-,0,-,+,-,-,+,-,-,-,0,0
ʏ̃ⁿ,+,+,-,+,-,-,+,-,+,-,-,0,-,0,-,+,-,-,+,-,-,-,0,0
ʏ̃,+,+,-,+,-,-,+,-,+,-,-,0,-,0,-,+,-,-,+,-,-,-,0,0
ʏ̃ː,+,+,-,+,-,-,+,-,+,-,-,0,-,0,-,+,-,-,+,-,-,+,0,0
ʏ̃ˑ,+,+,-,+,-,-,+,-,+,-,-,0,-,0,-,+,-,-,+,-,-,+,0,0
ɯ̃ⁿ,+,+,-,+,-,-,+,-,+,-,-,0,-,0,-,+,-,+,-,-,-,-,0,0
ɯ̃,+,+,-,+,-,-,+,-,+,-,-,0,-,0,-,+,-,+,-,-,-,-,0,0
ɯⁿ,+,+,-,+,-,-,+,-,+,-,-,0,-,0,-,+,-,+,-,-,-,-,0,0
ɯ̃ː,+,+,-,+,-,-,+,-,+,-,-,0,-,0,-,+,-,+,-,-,-,+,0,0
ɯ̃ˑ,+,+,-,+,-,-,+,-,+,-,-,0,-,0,-,+,-,+,-,-,-,+,0,0
ɨ̃ⁿ,+,+,-,+,-,-,+,-,+,-,-,0,-,0,-,+,-,+,-,-,+,-,0,0
ɨ̃,+,+,-,+,-,-,+,-,+,-,-,0,-,0,-,+,-,+,-,-,+,-,0,0
ɨⁿ,+,+,-,+,-,-,+,-,+,-,-,0,-,0,-,+,-,+,-,-,+,-,0,0
ɨ̃ː,+,+,-,+,-,-,+,-,+,-,-,0,-,0,-,+,-,+,-,-,+,+,0,0
ɨ̃ˑ,+,+,-,+,-,-,+,-,+,-,-,0,-,0,-,+,-,+,-,-,+,+,0,0
ʊ̃ⁿ,+,+,-,+,-,-,+,-,+,-,-,0,-,0,-,+,-,+,+,-,-,-,0,0
ʊ̃,+,+,-,+,-,-,+,-,+,-,-,0,-,0,-,+,-,+,+,-,-,-,0,0
ʊⁿ,+,+,-,+,-,-,+,-,+,-,-,0,-,0,-,+,-,+,+,-,-,-,0,0
ʊ̃ː,+,+,-,+,-,-,+,-,+,-,-,0,-,0,-,+,-,+,+,-,-,+,0,0
ʊ̃ˑ,+,+,-,+,-,-,+,-,+,-,-,0,-,0,-,+,-,+,+,-,-,+,0,0
œ˞̃,+,+,-,+,-,-,+,-,+,-,-,-,-,0,-,+,-,-,+,-,-,-,0,0
ɛ˞̃,+,+,-,+,-,-,+,-,+,-,-,-,-,0,-,+,-,-,+,-,-,-,0,0
ɪ˞̃,+,+,-,+,-,-,+,-,+,-,-,-,-,0,-,+,-,-,+,-,-,-,0,0
ʏ˞̃,+,+,-,+,-,-,+,-,+,-,-,-,-,0,-,+,-,-,+,-,-,-,0,0
e˞̃,+,+,-,+,-,-,+,-,+,-,-,-,-,0,-,+,-,-,+,-,+,-,0,0
i˞̃,+,+,-,+,-,-,+,-,+,-,-,-,-,0,-,+,-,-,+,-,+,-,0,0
ø˞̃,+,+,-,+,-,-,+,-,+,-,-,-,-,0,-,+,-,-,+,-,+,-,0,0
ɔ˞̃,+,+,-,+,-,-,+,-,+,-,-,-,-,0,-,+,-,+,+,-,-,-,0,0
ə˞̃,+,+,-,+,-,-,+,-,+,-,-,-,-,0,-,+,-,+,+,-,-,-,0,0
ɜ˞̃,+,+,-,+,-,-,+,-,+,-,-,-,-,0,-,+,-,+,+,-,-,-,0,0
ɯ˞̃,+,+,-,+,-,-,+,-,+,-,-,-,-,0,-,+,-,+,+,-,-,-,0,0
ʊ˞̃,+,+,-,+,-,-,+,-,+,-,-,-,-,0,-,+,-,+,+,-,-,-,0,0
o˞̃,+,+,-,+,-,-,+,-,+,-,-,-,-,0,-,+,-,+,+,-,+,-,0,0
ɨ˞̃,+,+,-,+,-,-,+,-,+,-,-,-,-,0,-,+,-,+,+,-,+,-,0,0
ɐ˞̃,+,+,-,+,-,-,+,-,+,-,-,-,-,0,-,+,-,+,+,-,+,-,0,0
ʌ˞̃,+,+,-,+,-,-,+,-,+,-,-,-,-,0,-,+,-,+,+,-,+,-,0,0
ỹⁿ,+,+,-,+,-,-,+,-,+,-,-,0,-,0,+,+,-,-,+,-,+,-,0,0
ỹ,+,+,-,+,-,-,+,-,+,-,-,0,-,0,+,+,-,-,+,-,+,-,0,0
yⁿ,+,+,-,+,-,-,+,-,+,-,-,0,-,0,+,+,-,-,+,-,+,-,0,0
ỹː,+,+,-,+,-,-,+,-,+,-,-,0,-,0,+,+,-,-,+,-,+,+,0,0
ỹˑ,+,+,-,+,-,-,+,-,+,-,-,0,-,0,+,+,-,-,+,-,+,+,0,0
ũⁿ,+,+,-,+,-,-,+,-,+,-,-,0,-,0,+,+,-,+,+,-,+,-,0,0
ũ,+,+,-,+,-,-,+,-,+,-,-,0,-,0,+,+,-,+,+,-,+,-,0,0
uⁿ,+,+,-,+,-,-,+,-,+,-,-,0,-,0,+,+,-,+,+,-,+,-,0,0
ũː,+,+,-,+,-,-,+,-,+,-,-,0,-,0,+,+,-,+,+,-,+,+,0,0
ũˑ,+,+,-,+,-,-,+,-,+,-,-,0,-,0,+,+,-,+,+,-,+,+,0,0
y˞̃,+,+,-,+,-,-,+,-,+,-,-,-,-,0,+,+,-,-,+,-,+,-,0,0
u˞̃,+,+,-,+,-,-,+,-,+,-,-,-,-,0,+,+,-,+,+,-,+,-,0,0
ɪ̃ˤ,+,+,-,+,-,-,+,-,+,-,-,0,-,0,-,+,+,+,-,-,-,-,0,0
ɯ̃ˤ,+,+,-,+,-,-,+,-,+,-,-,0,-,0,-,+,+,+,-,-,-,-,0,0
ĩˤ,+,+,-,+,-,-,+,-,+,-,-,0,-,0,-,+,+,+,-,-,+,-,0,0
ɨ̃ˤ,+,+,-,+,-,-,+,-,+,-,-,0,-,0,-,+,+,+,-,-,+,-,0,0
ʊ̃ˤ,+,+,-,+,-,-,+,-,+,-,-,0,-,0,-,+,+,+,+,-,-,-,0,0
ʏ̃ˤ,+,+,-,+,-,-,+,-,+,-,-,0,-,0,-,+,+,+,+,-,-,-,0,0
æ˞̃,+,+,-,+,-,-,+,-,+,-,-,-,-,0,-,+,+,-,+,-,+,-,0,0
ɶ˞̃,+,+,-,+,-,-,+,-,+,-,-,-,-,0,-,+,+,-,+,-,+,-,0,0
a˞̃,+,+,-,+,-,-,+,-,+,-,-,-,-,0,-,+,+,+,+,-,+,-,0,0
ɒ˞̃,+,+,-,+,-,-,+,-,+,-,-,-,-,0,-,+,+,+,+,-,+,-,0,0
ũˤ,+,+,-,+,-,-,+,-,+,-,-,0,-,0,+,+,+,+,+,-,+,-,0,0
ỹˤ,+,+,-,+,-,-,+,-,+,-,-,0,-,0,+,+,+,+,+,-,+,-,0,0
ɛ̰̃,+,+,-,+,-,-,+,-,+,-,+,0,-,0,-,-,-,-,-,-,-,-,0,0
ḛ̃,+,+,-,+,-,-,+,-,+,-,+,0,-,0,-,-,-,-,-,-,+,-,0,0
œ̰̃,+,+,-,+,-,-,+,-,+,-,+,0,-,0,-,-,-,-,+,-,-,-,0,0
ø̰̃,+,+,-,+,-,-,+,-,+,-,+,0,-,0,-,-,-,-,+,-,+,-,0,0
ə̰̃,+,+,-,+,-,-,+,-,+,-,+,0,-,0,-,-,-,+,-,-,-,-,0,0
ɜ̰̃,+,+,-,+,-,-,+,-,+,-,+,0,-,0,-,-,-,+,-,-,-,-,0,0
ɐ̰̃,+,+,-,+,-,-,+,-,+,-,+,0,-,0,-,-,-,+,-,-,+,-,0,0
ʌ̰̃,+,+,-,+,-,-,+,-,+,-,+,0,-,0,-,-,-,+,-,-,+,-,0,0
ɔ̰̃,+,+,-,+,-,-,+,-,+,-,+,0,-,0,-,-,-,+,+,-,-,-,0,0
õ̰,+,+,-,+,-,-,+,-,+,-,+,0,-,0,-,-,-,+,+,-,+,-,0,0
æ̰̃,+,+,-,+,-,-,+,-,+,-,+,0,-,0,-,-,+,-,-,-,+,-,0,0
ɶ̰̃,+,+,-,+,-,-,+,-,+,-,+,0,-,0,-,-,+,-,+,-,+,-,0,0
ã̰,+,+,-,+,-,-,+,-,+,-,+,0,-,0,-,-,+,+,-,-,+,-,0,0
ɒ̰̃,+,+,-,+,-,-,+,-,+,-,+,0,-,0,-,-,+,+,+,-,+,-,0,0
ɪ̰̃,+,+,-,+,-,-,+,-,+,-,+,0,-,0,-,+,-,-,-,-,-,-,0,0
ḭ̃,+,+,-,+,-,-,+,-,+,-,+,0,-,0,-,+,-,-,-,-,+,-,0,0
ʏ̰̃,+,+,-,+,-,-,+,-,+,-,+,0,-,0,-,+,-,-,+,-,-,-,0,0
ɯ̰̃,+,+,-,+,-,-,+,-,+,-,+,0,-,0,-,+,-,+,-,-,-,-,0,0
ɨ̰̃,+,+,-,+,-,-,+,-,+,-,+,0,-,0,-,+,-,+,-,-,+,-,0,0
ʊ̰̃,+,+,-,+,-,-,+,-,+,-,+,0,-,0,-,+,-,+,+,-,-,-,0,0
ỹ̰,+,+,-,+,-,-,+,-,+,-,+,0,-,0,+,+,-,-,+,-,+,-,0,0
ṵ̃,+,+,-,+,-,-,+,-,+,-,+,0,-,0,+,+,-,+,+,-,+,-,0,0
ɽ̍,+,+,+,+,0,-,-,-,+,-,-,-,+,-,-,0,0,0,-,-,0,-,0,0
ɽ̩,+,+,+,+,0,-,-,-,+,-,-,-,+,-,-,0,0,0,-,-,0,-,0,0
ɽ̍ː,+,+,+,+,0,-,-,-,+,-,-,-,+,-,-,0,0,0,-,-,0,+,0,0
r̍,+,+,+,+,0,-,-,-,+,-,-,+,+,-,-,0,0,0,-,-,0,-,0,0
ɾ̍,+,+,+,+,0,-,-,-,+,-,-,+,+,-,-,0,0,0,-,-,0,-,0,0
r̩,+,+,+,+,0,-,-,-,+,-,-,+,+,-,-,0,0,0,-,-,0,-,0,0
ɾ̩,+,+,+,+,0,-,-,-,+,-,-,+,+,-,-,0,0,0,-,-,0,-,0,0
r̍ː,+,+,+,+,0,-,-,-,+,-,-,+,+,-,-,0,0,0,-,-,0,+,0,0
ɾ̍ː,+,+,+,+,0,-,-,-,+,-,-,+,+,-,-,0,0,0,-,-,0,+,0,0
ʙ̍,+,+,+,+,0,-,-,-,+,-,-,+,-,0,+,0,0,0,-,-,0,-,0,0
ʙ̩,+,+,+,+,0,-,-,-,+,-,-,+,-,0,+,0,0,0,-,-,0,-,0,0
ʙ̍ː,+,+,+,+,0,-,-,-,+,-,-,+,-,0,+,0,0,0,-,-,0,+,0,0
ʀ̍,+,+,+,+,0,-,-,-,+,-,-,-,-,0,-,-,-,+,-,-,0,-,0,0
ʀ̩,+,+,+,+,0,-,-,-,+,-,-,-,-,0,-,-,-,+,-,-,0,-,0,0
ʀ̍ː,+,+,+,+,0,-,-,-,+,-,-,-,-,0,-,-,-,+,-,-,0,+,0,0
ɽ̩ʷ,+,+,+,+,0,-,-,-,+,-,-,-,+,-,-,+,0,+,+,-,0,-,0,0
r̩ʷ,+,+,+,+,0,-,-,-,+,-,-,+,+,-,-,+,0,+,+,-,0,-,0,0
ɾ̩ʷ,+,+,+,+,0,-,-,-,+,-,-,+,+,-,-,+,0,+,+,-,0,-,0,0
ʙ̩ʷ,+,+,+,+,0,-,-,-,+,-,-,+,-,0,+,+,0,+,+,-,0,-,0,0
ʀ̩ʷ,+,+,+,+,0,-,-,-,+,-,-,-,-,0,-,+,-,+,+,-,0,-,0,0
ɭ̍,+,+,+,+,0,+,-,-,+,-,-,-,+,-,-,0,0,0,-,-,0,-,0,0
ɭ̩,+,+,+,+,0,+,-,-,+,-,-,-,+,-,-,0,0,0,-,-,0,-,0,0
ɭ̍ː,+,+,+,+,0,+,-,-,+,-,-,-,+,-,-,0,0,0,-,-,0,+,0,0
ɺ̍,+,+,+,+,0,+,-,-,+,-,-,+,+,-,-,0,0,0,-,-,0,-,0,0
ɺ̩,+,+,+,+,0,+,-,-,+,-,-,+,+,-,-,0,0,0,-,-,0,-,0,0
ɺ̍ː,+,+,+,+,0,+,-,-,+,-,-,+,+,-,-,0,0,0,-,-,0,+,0,0
ɫ̍,+,+,+,+,0,+,-,-,+,-,-,+,+,-,-,-,-,+,-,-,0,-,0,0
ɫ̩,+,+,+,+,0,+,-,-,+,-,-,+,+,-,-,-,-,+,-,-,0,-,0,0
ɫ̍ː,+,+,+,+,0,+,-,-,+,-,-,+,+,-,-,-,-,+,-,-,0,+,0,0
ɭ̩ʷ,+,+,+,+,0,+,-,-,+,-,-,-,+,-,-,+,0,+,+,-,0,-,0,0
ɺ̩ʷ,+,+,+,+,0,+,-,-,+,-,-,+,+,-,-,+,0,+,+,-,0,-,0,0
ʟ̍,+,+,+,+,0,+,-,-,+,-,-,-,-,0,-,+,-,+,-,-,0,-,0,0
ʟ̩,+,+,+,+,0,+,-,-,+,-,-,-,-,0,-,+,-,+,-,-,0,-,0,0
ʟ̍ː,+,+,+,+,0,+,-,-,+,-,-,-,-,0,-,+,-,+,-,-,0,+,0,0
ʟ̩ʷ,+,+,+,+,0,+,-,-,+,-,-,-,-,0,-,+,-,+,+,-,0,-,0,0
ʎ̍,+,+,+,+,0,+,-,-,+,-,-,-,+,+,-,+,-,-,-,-,0,-,0,0
ʎ̩,+,+,+,+,0,+,-,-,+,-,-,-,+,+,-,+,-,-,-,-,0,-,0,0
ʎ̍ː,+,+,+,+,0,+,-,-,+,-,-,-,+,+,-,+,-,-,-,-,0,+,0,0
ʎ̩ʷ,+,+,+,+,0,+,-,-,+,-,-,-,+,+,-,+,-,+,+,-,0,-,0,0
ɫ̩ʷ,+,+,+,+,0,+,-,-,+,-,-,+,+,-,-,+,-,+,+,-,0,-,0,0
l̍,+,+,+,+,-,+,-,-,+,-,-,+,+,-,-,-,-,-,-,-,0,-,0,0
l̩,+,+,+,+,-,+,-,-,+,-,-,+,+,-,-,-,-,-,-,-,0,-,0,0
l̍ː,+,+,+,+,-,+,-,-,+,-,-,+,+,-,-,-,-,-,-,-,0,+,0,0
l̩ʷ,+,+,+,+,-,+,-,-,+,-,-,+,+,-,-,+,-,+,+,-,0,-,0,0
